dataset,category,model_family,config_label,p,display_name,params,num_queries,strict_10,strict_20,strict_30,strict_50,complete_10,complete_20,complete_30,complete_50,doc_rec_10,doc_rec_20,doc_rec_30,doc_rec_50,prec_10,prec_20,prec_30,prec_50,mrr_10,latency_p50_ms,latency_mean_ms,latency_p95_ms,tti_s,vram_gb,avg_qaug_len,avg_anchors,avg_synonyms,avg_r_anchor
enterpriserag_doc_level,Baseline,BM25_Lucene,bm25_baseline,-,BM25 (Lucene Baseline),"k1=1.5, b=0.75",470,92.34,95.11,96.17,97.23,86.17,90.21,91.91,93.83,89.28,92.59,94.03,95.64,12.96,6.86,4.7,2.89,0.7937,0.27,0.28,0.41,0.964,0.0,30.7,0.0,0.0,0.0
enterpriserag_doc_level,Baseline,Dense_BGE_Small,dense_bge_small,-,Dense (bge-small-en-v1.5),"dim=384, cosine",470,84.04,89.36,91.7,93.62,74.68,81.28,84.26,87.45,79.2,85.74,88.5,90.95,11.3,6.28,4.35,2.71,0.6955,13.61,13.9,14.81,2.989,1.6,30.7,0.0,0.0,0.0
enterpriserag_doc_level,Baseline,Dense_BGE_Large,dense_bge_large,-,Dense (bge-large-en-v1.5),"dim=1024, cosine",470,88.3,91.91,93.4,94.89,80.0,84.04,86.81,89.15,84.09,88.15,90.55,92.59,11.89,6.32,4.41,2.74,0.741,26.42,26.55,27.85,19.429,2.6,30.7,0.0,0.0,0.0
enterpriserag_doc_level,Baseline,SPLADE_v3,splade_v3,-,SPLADE-v3 (DistilBERT),"sparse neural, distilbert",470,92.77,94.68,96.81,97.66,85.74,89.15,92.55,94.68,89.79,92.7,95.49,96.81,13.09,6.98,4.85,2.97,0.8285,7.79,8.14,8.83,18.856,4.12,30.7,0.0,0.0,0.0
enterpriserag_doc_level,Edge-RAG,v1,v1_baseline,0.45,"Schema 1 Baseline (R=3, C_exp=2) (p=0.45)","R=3, C_exp=2, p=0.45",470,88.3,90.64,92.55,95.11,81.91,85.96,88.51,92.13,85.37,88.94,90.89,93.95,12.7,6.81,4.65,2.89,0.7562,37.17,37.87,47.73,1.736,0.09,31.5,11.03,22.06,3.0
enterpriserag_doc_level,Edge-RAG,v5a,v5a_n3_r2-5_c-1,0.45,"Schema 5a (Fixed 3x, [2,5], c=-1) (p=0.45)","n=3, r in [2,5], c=-1, p=0.45",470,88.3,90.64,92.55,95.11,81.91,85.96,88.51,92.13,85.37,88.94,90.89,93.95,12.7,6.81,4.65,2.89,0.7562,37.54,38.24,48.73,1.736,0.09,31.5,11.03,22.06,3.0
enterpriserag_doc_level,Edge-RAG,v5a,v5a_n4_r2-5_c-1,0.45,"Schema 5a (Fixed 4x, [2,5], c=-1) (p=0.45)","n=4, r in [2,5], c=-1, p=0.45",470,88.51,90.85,92.34,94.89,82.13,86.17,88.3,91.7,85.54,89.05,90.67,93.69,12.7,6.79,4.65,2.88,0.7607,37.82,38.36,48.24,1.736,0.09,31.5,11.03,22.06,3.0
enterpriserag_doc_level,Edge-RAG,v5b,v5b_r2-5_c-1,0.45,"Schema 5b (Dynamic Contrast [2,5], c=-1) (p=0.45)","r in [2,5], c=-1, p=0.45",470,88.3,92.13,92.98,95.32,81.7,87.23,88.94,92.13,85.0,90.16,91.25,94.01,12.55,6.8,4.65,2.89,0.7573,38.07,39.16,49.23,1.736,0.09,40.3,11.03,33.12,4.02
enterpriserag_doc_level,Edge-RAG,v5b,v5b_r3-5_c-1,0.45,"Schema 5b (High-Floor Safe [3,5], c=-1) (p=0.45)","r in [3,5], c=-1, p=0.45",470,88.51,91.91,93.19,95.11,82.13,87.45,89.15,92.13,85.37,90.14,91.53,93.86,12.6,6.84,4.67,2.88,0.7574,37.89,38.74,49.12,1.736,0.09,43.3,11.03,36.9,4.35
enterpriserag_doc_level,Edge-RAG,v5b,v5b_r4-5_c-1,0.45,"Schema 5b (Heavy Booster [4,5], c=-1) (p=0.45)","r in [4,5], c=-1, p=0.45",470,88.51,91.06,92.77,94.89,81.91,86.38,88.51,91.7,85.37,89.24,91.0,93.58,12.62,6.78,4.63,2.88,0.766,37.76,38.41,48.5,1.736,0.09,46.5,11.03,40.9,4.72
enterpriserag_doc_level,Edge-RAG,v6a,v6a_n3_r2-5_c-1,0.45,"Schema 6a (Centrality Fixed 3x, [2,5], c=-1) (p=0.45)","centrality, n=3, r in [2,5], c=-1, p=0.45",470,89.36,92.77,93.83,95.32,82.77,88.09,89.57,91.91,86.29,90.79,91.89,93.85,12.74,6.82,4.64,2.86,0.7652,65.27,65.52,75.48,1.736,0.09,38.4,10.38,31.64,3.0
enterpriserag_doc_level,Edge-RAG,v6a,v6a_n4_r2-5_c-1,0.45,"Schema 6a (Centrality Fixed 4x, [2,5], c=-1) (p=0.45)","centrality, n=4, r in [2,5], c=-1, p=0.45",470,89.57,92.55,93.62,95.53,83.4,87.87,89.15,92.13,86.69,90.48,91.62,94.07,12.83,6.78,4.62,2.87,0.7683,64.74,65.64,75.83,1.736,0.09,38.4,10.38,31.64,4.0
enterpriserag_doc_level,Edge-RAG,v6b,v6b_r2-4_c-1,0.45,"Schema 6b (Centrality Low-Floor [2,4], c=-1) (p=0.45)","centrality, r in [2,4], c=-1, p=0.45",470,89.57,92.55,93.83,95.74,83.19,87.66,89.79,92.13,86.35,90.51,91.83,94.25,12.68,6.79,4.62,2.87,0.7562,64.68,65.04,74.84,1.736,0.09,32.9,10.38,24.61,3.38
enterpriserag_doc_level,Edge-RAG,v6b,v6b_r3-5_c-1,0.45,"Schema 6b (Centrality High-Floor [3,5], c=-1) (p=0.45)","centrality, r in [3,5], c=-1, p=0.45",470,89.57,93.19,94.04,95.96,83.19,88.3,90.21,92.55,86.39,91.08,92.26,94.41,12.66,6.8,4.64,2.87,0.7591,64.64,65.02,75.14,1.736,0.09,41.1,10.38,34.99,4.38
enterpriserag_doc_level,Edge-RAG,v6b,v6b_r4-5_c-1,0.45,"Schema 6b (Centrality Heavy Booster [4,5], c=-1) (p=0.45)","centrality, r in [4,5], c=-1, p=0.45",470,89.36,91.91,93.62,95.11,82.98,87.23,89.36,91.49,86.3,89.84,91.84,93.65,12.74,6.74,4.62,2.86,0.7606,64.64,65.08,75.36,1.736,0.09,44.1,10.38,38.77,4.74
enterpriserag_doc_level,Edge-RAG,v6b,v6b_r2-5_c-1,0.45,"Schema 6b (Centrality Full Dynamic [2,5], c=-1) (p=0.45)","centrality, r in [2,5], c=-1, p=0.45",470,89.36,92.55,94.04,95.32,83.19,87.87,90.0,91.7,86.2,90.44,92.21,93.77,12.68,6.77,4.62,2.85,0.7535,64.8,65.67,76.25,1.736,0.09,38.4,10.38,31.64,4.06
enterpriserag_doc_level,Edge-RAG,v1,v1_baseline,0.5,"Schema 1 Baseline (R=3, C_exp=2) (p=0.50)","R=3, C_exp=2, p=0.50",470,89.57,92.13,93.62,95.74,83.62,87.66,89.79,92.77,86.86,90.44,92.05,94.48,12.91,6.88,4.71,2.9,0.7644,38.13,38.95,49.49,1.736,0.09,33.5,11.79,23.58,3.0
enterpriserag_doc_level,Edge-RAG,v5a,v5a_n3_r2-5_c-1,0.5,"Schema 5a (Fixed 3x, [2,5], c=-1) (p=0.50)","n=3, r in [2,5], c=-1, p=0.50",470,89.57,92.13,93.62,95.74,83.62,87.66,89.79,92.77,86.86,90.44,92.05,94.48,12.91,6.88,4.71,2.9,0.7644,38.1,38.97,49.51,1.736,0.09,33.5,11.79,23.58,3.0
enterpriserag_doc_level,Edge-RAG,v5a,v5a_n4_r2-5_c-1,0.5,"Schema 5a (Fixed 4x, [2,5], c=-1) (p=0.50)","n=4, r in [2,5], c=-1, p=0.50",470,89.57,92.55,93.83,95.53,83.62,88.3,90.21,92.55,86.98,90.82,92.33,94.31,13.0,6.89,4.73,2.9,0.7685,38.38,39.12,50.66,1.736,0.09,33.5,11.79,23.58,3.0
enterpriserag_doc_level,Edge-RAG,v5b,v5b_r2-5_c-1,0.5,"Schema 5b (Dynamic Contrast [2,5], c=-1) (p=0.50)","r in [2,5], c=-1, p=0.50",470,90.0,92.77,94.26,95.32,83.62,88.09,90.43,92.13,87.05,90.93,92.62,94.03,12.87,6.86,4.71,2.89,0.7663,38.31,39.55,50.04,1.736,0.09,42.3,11.79,34.73,3.97
enterpriserag_doc_level,Edge-RAG,v5b,v5b_r3-5_c-1,0.5,"Schema 5b (High-Floor Safe [3,5], c=-1) (p=0.50)","r in [3,5], c=-1, p=0.50",470,90.0,92.55,94.68,95.11,83.83,88.3,90.85,92.13,87.17,90.82,93.13,93.82,12.91,6.89,4.74,2.89,0.7655,38.73,39.59,51.08,1.736,0.09,45.8,11.79,39.15,4.33
enterpriserag_doc_level,Edge-RAG,v5b,v5b_r4-5_c-1,0.5,"Schema 5b (Heavy Booster [4,5], c=-1) (p=0.50)","r in [4,5], c=-1, p=0.50",470,89.57,92.55,94.04,95.53,83.62,88.09,90.0,92.55,86.92,90.81,92.43,94.27,12.96,6.88,4.71,2.89,0.7719,38.62,39.42,50.55,1.736,0.09,49.0,11.79,43.26,4.68
enterpriserag_doc_level,Edge-RAG,v6a,v6a_n3_r2-5_c-1,0.5,"Schema 6a (Centrality Fixed 3x, [2,5], c=-1) (p=0.50)","centrality, n=3, r in [2,5], c=-1, p=0.50",470,89.36,92.13,94.26,95.53,82.98,87.45,90.43,92.77,86.5,90.38,92.68,94.33,12.87,6.86,4.74,2.91,0.7736,65.5,66.51,77.0,1.736,0.09,40.5,11.13,33.28,3.0
enterpriserag_doc_level,Edge-RAG,v6a,v6a_n4_r2-5_c-1,0.5,"Schema 6a (Centrality Fixed 4x, [2,5], c=-1) (p=0.50)","centrality, n=4, r in [2,5], c=-1, p=0.50",470,89.57,91.7,94.26,95.11,83.83,87.02,90.85,92.34,86.98,89.91,92.79,93.94,12.96,6.83,4.76,2.9,0.7718,65.32,65.92,76.05,1.736,0.09,40.5,11.13,33.28,4.0
enterpriserag_doc_level,Edge-RAG,v6b,v6b_r2-4_c-1,0.5,"Schema 6b (Centrality Low-Floor [2,4], c=-1) (p=0.50)","centrality, r in [2,4], c=-1, p=0.50",470,89.57,92.34,94.04,95.53,83.83,87.66,90.0,92.55,86.78,90.56,92.39,94.29,12.85,6.86,4.71,2.9,0.7674,65.64,66.08,77.15,1.736,0.09,34.9,11.13,26.1,3.35
enterpriserag_doc_level,Edge-RAG,v6b,v6b_r3-5_c-1,0.5,"Schema 6b (Centrality High-Floor [3,5], c=-1) (p=0.50)","centrality, r in [3,5], c=-1, p=0.50",470,89.57,92.77,94.26,95.32,83.83,88.3,90.43,92.55,86.81,90.95,92.85,94.08,12.87,6.87,4.73,2.9,0.7695,65.29,66.08,76.88,1.736,0.09,43.6,11.13,37.24,4.35
enterpriserag_doc_level,Edge-RAG,v6b,v6b_r4-5_c-1,0.5,"Schema 6b (Centrality Heavy Booster [4,5], c=-1) (p=0.50)","centrality, r in [4,5], c=-1, p=0.50",470,89.79,92.77,94.04,95.32,84.04,88.09,89.79,92.34,87.0,90.9,92.51,94.09,12.94,6.85,4.69,2.9,0.7709,65.79,66.56,76.94,1.736,0.09,46.7,11.13,41.16,4.71
enterpriserag_doc_level,Edge-RAG,v6b,v6b_r2-5_c-1,0.5,"Schema 6b (Centrality Full Dynamic [2,5], c=-1) (p=0.50)","centrality, r in [2,5], c=-1, p=0.50",470,89.36,92.98,94.04,95.53,83.4,88.3,90.0,91.91,86.47,91.06,92.51,94.1,12.87,6.84,4.69,2.89,0.7624,65.39,66.12,77.33,1.736,0.09,40.5,11.13,33.28,4.01
enterpriserag_doc_level,Edge-RAG,v1,v1_baseline,0.55,"Schema 1 Baseline (R=3, C_exp=2) (p=0.55)","R=3, C_exp=2, p=0.55",470,90.85,92.55,94.89,96.17,85.32,88.3,91.91,93.4,88.44,91.14,93.7,95.09,13.19,6.99,4.82,2.93,0.7828,39.71,40.6,52.39,1.736,0.09,36.7,13.03,26.05,3.0
enterpriserag_doc_level,Edge-RAG,v5a,v5a_n3_r2-5_c-1,0.55,"Schema 5a (Fixed 3x, [2,5], c=-1) (p=0.55)","n=3, r in [2,5], c=-1, p=0.55",470,90.85,92.55,94.89,96.17,85.32,88.3,91.91,93.4,88.44,91.14,93.7,95.09,13.19,6.99,4.82,2.93,0.7828,39.49,40.78,52.58,1.736,0.09,36.7,13.03,26.05,3.0
enterpriserag_doc_level,Edge-RAG,v5a,v5a_n4_r2-5_c-1,0.55,"Schema 5a (Fixed 4x, [2,5], c=-1) (p=0.55)","n=4, r in [2,5], c=-1, p=0.55",470,90.85,92.98,94.89,96.17,85.32,88.94,91.7,93.4,88.4,91.6,93.65,95.09,13.17,7.02,4.81,2.93,0.7853,39.63,40.48,52.61,1.736,0.09,36.7,13.03,26.05,3.0
enterpriserag_doc_level,Edge-RAG,v5b,v5b_r2-5_c-1,0.55,"Schema 5b (Dynamic Contrast [2,5], c=-1) (p=0.55)","r in [2,5], c=-1, p=0.55",470,91.06,93.4,95.11,96.38,85.32,89.15,91.06,93.83,88.47,91.73,93.56,95.34,13.15,6.95,4.76,2.94,0.7812,39.96,41.05,53.56,1.736,0.09,45.5,13.03,37.27,3.88
enterpriserag_doc_level,Edge-RAG,v5b,v5b_r3-5_c-1,0.55,"Schema 5b (High-Floor Safe [3,5], c=-1) (p=0.55)","r in [3,5], c=-1, p=0.55",470,91.28,93.62,94.68,96.38,85.53,89.36,91.28,93.62,88.82,92.04,93.34,95.3,13.19,6.99,4.78,2.94,0.7877,40.35,41.58,53.65,1.736,0.09,49.8,13.03,42.73,4.29
enterpriserag_doc_level,Edge-RAG,v5b,v5b_r4-5_c-1,0.55,"Schema 5b (Heavy Booster [4,5], c=-1) (p=0.55)","r in [4,5], c=-1, p=0.55",470,91.28,92.98,94.89,96.17,85.74,88.72,91.06,93.4,88.79,91.45,93.44,95.09,13.21,6.97,4.77,2.93,0.7911,40.2,41.15,52.68,1.736,0.09,53.1,13.03,47.05,4.62
enterpriserag_doc_level,Edge-RAG,v6a,v6a_n3_r2-5_c-1,0.55,"Schema 6a (Centrality Fixed 3x, [2,5], c=-1) (p=0.55)","centrality, n=3, r in [2,5], c=-1, p=0.55",470,89.36,93.83,95.11,97.02,83.83,89.79,91.49,94.47,86.7,92.25,93.81,95.97,12.94,6.97,4.8,2.95,0.7866,67.05,67.63,79.82,1.736,0.09,43.6,12.3,35.73,3.0
enterpriserag_doc_level,Edge-RAG,v6a,v6a_n4_r2-5_c-1,0.55,"Schema 6a (Centrality Fixed 4x, [2,5], c=-1) (p=0.55)","centrality, n=4, r in [2,5], c=-1, p=0.55",470,90.43,94.04,95.11,97.02,84.89,90.0,91.49,94.47,87.77,92.5,93.82,95.95,13.04,6.99,4.8,2.95,0.7889,66.66,67.34,79.04,1.736,0.09,43.6,12.3,35.73,4.0
enterpriserag_doc_level,Edge-RAG,v6b,v6b_r2-4_c-1,0.55,"Schema 6b (Centrality Low-Floor [2,4], c=-1) (p=0.55)","centrality, r in [2,4], c=-1, p=0.55",470,90.43,94.04,94.68,96.81,84.68,89.79,91.06,94.04,87.72,92.41,93.26,95.67,12.98,6.99,4.76,2.94,0.7781,67.12,68.08,79.48,1.736,0.09,37.9,12.3,28.35,3.31
enterpriserag_doc_level,Edge-RAG,v6b,v6b_r3-5_c-1,0.55,"Schema 6b (Centrality High-Floor [3,5], c=-1) (p=0.55)","centrality, r in [3,5], c=-1, p=0.55",470,90.64,93.83,95.53,96.81,85.32,89.79,91.91,94.04,88.09,92.34,94.15,95.69,13.09,7.0,4.79,2.94,0.7849,66.59,67.28,78.92,1.736,0.09,47.4,12.3,40.65,4.31
enterpriserag_doc_level,Edge-RAG,v6b,v6b_r4-5_c-1,0.55,"Schema 6b (Centrality Heavy Booster [4,5], c=-1) (p=0.55)","centrality, r in [4,5], c=-1, p=0.55",470,90.0,93.4,95.32,96.81,84.68,89.15,91.28,93.62,87.46,91.72,93.9,95.63,13.02,6.94,4.77,2.93,0.7847,67.38,67.81,79.57,1.736,0.09,50.6,12.3,44.78,4.65
enterpriserag_doc_level,Edge-RAG,v6b,v6b_r2-5_c-1,0.55,"Schema 6b (Centrality Full Dynamic [2,5], c=-1) (p=0.55)","centrality, r in [2,5], c=-1, p=0.55",470,90.64,93.19,95.53,96.81,84.89,88.94,91.7,93.62,87.85,91.48,94.07,95.65,12.98,6.91,4.77,2.94,0.7794,67.09,68.07,79.71,1.736,0.09,43.6,12.3,35.73,3.92
enterpriserag_doc_level,Edge-RAG,v1,v1_baseline,0.6,"Schema 1 Baseline (R=3, C_exp=2) (p=0.60)","R=3, C_exp=2, p=0.60",470,90.64,93.62,95.74,97.02,84.89,89.57,92.34,94.47,88.18,92.2,94.37,95.97,13.13,7.04,4.82,2.95,0.7943,40.36,41.29,54.6,1.736,0.09,39.2,13.97,27.94,3.0
enterpriserag_doc_level,Edge-RAG,v5a,v5a_n3_r2-5_c-1,0.6,"Schema 5a (Fixed 3x, [2,5], c=-1) (p=0.60)","n=3, r in [2,5], c=-1, p=0.60",470,90.64,93.62,95.74,97.02,84.89,89.57,92.34,94.47,88.18,92.2,94.37,95.97,13.13,7.04,4.82,2.95,0.7943,40.7,41.74,54.35,1.736,0.09,39.2,13.97,27.94,3.0
enterpriserag_doc_level,Edge-RAG,v5a,v5a_n4_r2-5_c-1,0.6,"Schema 5a (Fixed 4x, [2,5], c=-1) (p=0.60)","n=4, r in [2,5], c=-1, p=0.60",470,90.85,93.62,95.53,97.02,85.32,89.36,92.13,94.47,88.42,92.14,94.16,95.97,13.19,7.02,4.82,2.95,0.7969,40.66,41.98,54.32,1.736,0.09,39.2,13.97,27.94,3.0
enterpriserag_doc_level,Edge-RAG,v5b,v5b_r2-5_c-1,0.6,"Schema 5b (Dynamic Contrast [2,5], c=-1) (p=0.60)","r in [2,5], c=-1, p=0.60",470,90.64,93.62,94.47,97.23,85.32,89.57,90.85,94.47,88.18,92.1,93.12,96.08,13.15,7.0,4.74,2.95,0.7887,41.31,42.3,55.39,1.736,0.09,47.9,13.97,39.16,3.82
enterpriserag_doc_level,Edge-RAG,v5b,v5b_r3-5_c-1,0.6,"Schema 5b (High-Floor Safe [3,5], c=-1) (p=0.60)","r in [3,5], c=-1, p=0.60",470,91.28,93.83,95.53,97.23,85.74,89.79,92.13,94.47,88.84,92.33,94.07,96.13,13.21,7.02,4.79,2.95,0.7955,41.21,42.18,55.27,1.736,0.09,52.7,13.97,45.37,4.26
enterpriserag_doc_level,Edge-RAG,v5b,v5b_r4-5_c-1,0.6,"Schema 5b (Heavy Booster [4,5], c=-1) (p=0.60)","r in [4,5], c=-1, p=0.60",470,91.28,93.62,95.32,97.02,86.17,89.36,91.7,94.47,88.89,92.13,94.03,95.97,13.23,7.01,4.78,2.95,0.8007,41.38,42.58,55.7,1.736,0.09,56.1,13.97,49.9,4.58
enterpriserag_doc_level,Edge-RAG,v6a,v6a_n3_r2-5_c-1,0.6,"Schema 6a (Centrality Fixed 3x, [2,5], c=-1) (p=0.60)","centrality, n=3, r in [2,5], c=-1, p=0.60",470,91.49,93.62,95.53,97.23,85.96,89.57,92.13,94.68,88.98,92.03,94.26,96.27,13.23,6.98,4.82,2.96,0.7952,68.11,68.8,81.33,1.736,0.09,45.7,13.14,37.45,3.0
enterpriserag_doc_level,Edge-RAG,v6a,v6a_n4_r2-5_c-1,0.6,"Schema 6a (Centrality Fixed 4x, [2,5], c=-1) (p=0.60)","centrality, n=4, r in [2,5], c=-1, p=0.60",470,92.13,93.83,95.96,97.23,86.6,89.79,92.55,94.68,89.61,92.25,94.66,96.25,13.3,6.99,4.83,2.95,0.7997,68.04,68.58,80.55,1.736,0.09,45.7,13.14,37.45,4.0
enterpriserag_doc_level,Edge-RAG,v6b,v6b_r2-4_c-1,0.6,"Schema 6b (Centrality Low-Floor [2,4], c=-1) (p=0.60)","centrality, r in [2,4], c=-1, p=0.60",470,91.49,94.26,95.32,97.23,85.96,90.21,91.91,94.47,89.02,92.69,93.92,96.21,13.21,7.02,4.79,2.95,0.7913,67.83,68.97,80.35,1.736,0.09,40.0,13.14,29.92,3.28
enterpriserag_doc_level,Edge-RAG,v6b,v6b_r3-5_c-1,0.6,"Schema 6b (Centrality High-Floor [3,5], c=-1) (p=0.60)","centrality, r in [3,5], c=-1, p=0.60",470,91.7,94.04,95.96,97.23,86.17,90.21,92.55,94.47,89.25,92.54,94.56,96.19,13.26,7.03,4.81,2.95,0.7928,67.71,68.53,80.95,1.736,0.09,50.1,13.14,43.06,4.28
enterpriserag_doc_level,Edge-RAG,v6b,v6b_r4-5_c-1,0.6,"Schema 6b (Centrality Heavy Booster [4,5], c=-1) (p=0.60)","centrality, r in [4,5], c=-1, p=0.60",470,92.13,94.04,95.53,97.23,87.02,90.0,91.91,94.47,89.69,92.49,94.14,96.21,13.32,7.01,4.79,2.95,0.7944,67.69,68.55,80.71,1.736,0.09,53.4,13.14,47.34,4.61
enterpriserag_doc_level,Edge-RAG,v6b,v6b_r2-5_c-1,0.6,"Schema 6b (Centrality Full Dynamic [2,5], c=-1) (p=0.60)","centrality, r in [2,5], c=-1, p=0.60",470,91.49,93.4,95.74,97.02,85.96,89.36,91.91,94.26,88.91,91.79,94.23,96.02,13.19,6.96,4.79,2.95,0.7856,67.68,68.5,81.39,1.736,0.09,45.7,13.14,37.45,3.87
enterpriserag_doc_level,Edge-RAG,v1,v1_baseline,0.65,"Schema 1 Baseline (R=3, C_exp=2) (p=0.65)","R=3, C_exp=2, p=0.65",470,91.49,94.04,95.96,97.66,86.17,90.0,93.19,95.32,89.32,92.65,94.78,96.68,13.4,7.1,4.85,2.97,0.8058,41.99,43.19,56.58,1.736,0.09,42.1,15.07,30.14,3.0
enterpriserag_doc_level,Edge-RAG,v5a,v5a_n3_r2-5_c-1,0.65,"Schema 5a (Fixed 3x, [2,5], c=-1) (p=0.65)","n=3, r in [2,5], c=-1, p=0.65",470,91.49,94.04,95.96,97.66,86.17,90.0,93.19,95.32,89.32,92.65,94.78,96.68,13.4,7.1,4.85,2.97,0.8058,42.1,42.91,56.22,1.736,0.09,42.1,15.07,30.14,3.0
enterpriserag_doc_level,Edge-RAG,v5a,v5a_n4_r2-5_c-1,0.65,"Schema 5a (Fixed 4x, [2,5], c=-1) (p=0.65)","n=4, r in [2,5], c=-1, p=0.65",470,91.49,94.04,95.96,97.87,86.17,90.21,93.19,95.53,89.3,92.78,94.78,96.93,13.38,7.12,4.85,2.97,0.8059,41.7,43.22,56.3,1.736,0.09,42.1,15.07,30.14,3.0
enterpriserag_doc_level,Edge-RAG,v5b,v5b_r2-5_c-1,0.65,"Schema 5b (Dynamic Contrast [2,5], c=-1) (p=0.65)","r in [2,5], c=-1, p=0.65",470,91.7,93.62,95.74,97.45,86.6,89.79,92.13,95.11,89.35,92.19,94.51,96.45,13.32,7.03,4.81,2.96,0.7954,42.36,43.31,57.1,1.736,0.09,50.6,15.07,41.33,3.76
enterpriserag_doc_level,Edge-RAG,v5b,v5b_r3-5_c-1,0.65,"Schema 5b (High-Floor Safe [3,5], c=-1) (p=0.65)","r in [3,5], c=-1, p=0.65",470,92.34,93.62,95.53,97.87,87.23,89.79,92.34,95.53,90.13,92.26,94.19,96.96,13.43,7.06,4.82,2.98,0.8026,42.47,43.69,57.17,1.736,0.09,55.9,15.07,48.3,4.21
enterpriserag_doc_level,Edge-RAG,v5b,v5b_r4-5_c-1,0.65,"Schema 5b (Heavy Booster [4,5], c=-1) (p=0.65)","r in [4,5], c=-1, p=0.65",470,91.91,94.04,95.53,97.87,86.81,90.0,92.34,95.53,89.57,92.62,94.37,96.89,13.36,7.05,4.82,2.97,0.8061,42.64,43.93,58.68,1.736,0.09,59.5,15.07,53.22,4.54
enterpriserag_doc_level,Edge-RAG,v6a,v6a_n3_r2-5_c-1,0.65,"Schema 6a (Centrality Fixed 3x, [2,5], c=-1) (p=0.65)","centrality, n=3, r in [2,5], c=-1, p=0.65",470,91.91,93.83,95.53,97.66,86.6,89.79,92.55,95.11,89.66,92.35,94.36,96.67,13.38,7.05,4.81,2.96,0.8,69.04,69.91,82.49,1.736,0.09,48.5,14.21,39.6,3.0
enterpriserag_doc_level,Edge-RAG,v6a,v6a_n4_r2-5_c-1,0.65,"Schema 6a (Centrality Fixed 4x, [2,5], c=-1) (p=0.65)","centrality, n=4, r in [2,5], c=-1, p=0.65",470,91.28,93.83,96.17,97.87,85.96,89.79,92.98,95.53,88.94,92.35,94.78,96.91,13.3,7.05,4.82,2.97,0.7998,69.84,70.44,84.76,1.736,0.09,48.5,14.21,39.6,4.0
enterpriserag_doc_level,Edge-RAG,v6b,v6b_r2-4_c-1,0.65,"Schema 6b (Centrality Low-Floor [2,4], c=-1) (p=0.65)","centrality, r in [2,4], c=-1, p=0.65",470,90.85,94.04,96.17,97.45,85.74,90.0,92.77,94.89,88.59,92.5,94.7,96.48,13.26,7.02,4.81,2.96,0.7981,69.31,70.13,83.18,1.736,0.09,42.6,14.21,31.83,3.24
enterpriserag_doc_level,Edge-RAG,v6b,v6b_r3-5_c-1,0.65,"Schema 6b (Centrality High-Floor [3,5], c=-1) (p=0.65)","centrality, r in [3,5], c=-1, p=0.65",470,91.28,93.83,95.96,97.66,86.17,90.0,92.55,95.11,88.96,92.39,94.48,96.69,13.28,7.04,4.8,2.97,0.8003,68.89,69.92,82.82,1.736,0.09,53.4,14.21,46.03,4.24
enterpriserag_doc_level,Edge-RAG,v6b,v6b_r4-5_c-1,0.65,"Schema 6b (Centrality Heavy Booster [4,5], c=-1) (p=0.65)","centrality, r in [4,5], c=-1, p=0.65",470,91.7,93.83,94.89,98.09,86.38,89.79,91.49,95.74,89.21,92.31,93.64,97.1,13.23,7.01,4.77,2.97,0.7969,69.51,70.43,82.92,1.736,0.09,56.8,14.21,50.59,4.57
enterpriserag_doc_level,Edge-RAG,v6b,v6b_r2-5_c-1,0.65,"Schema 6b (Centrality Full Dynamic [2,5], c=-1) (p=0.65)","centrality, r in [2,5], c=-1, p=0.65",470,91.06,94.26,95.74,97.66,85.74,90.43,92.13,95.11,88.58,92.74,94.43,96.53,13.17,7.03,4.79,2.95,0.788,69.05,69.81,83.13,1.736,0.09,48.5,14.21,39.6,3.8
enterpriserag_doc_level,Edge-RAG,v1,v1_baseline,0.7,"Schema 1 Baseline (R=3, C_exp=2) (p=0.70)","R=3, C_exp=2, p=0.70",470,92.55,94.26,95.96,97.66,87.23,90.0,93.19,95.11,90.26,92.67,94.78,96.63,13.45,7.11,4.85,2.96,0.8104,42.76,43.98,58.39,1.736,0.09,44.6,16.03,32.06,3.0
enterpriserag_doc_level,Edge-RAG,v5a,v5a_n3_r2-5_c-1,0.7,"Schema 5a (Fixed 3x, [2,5], c=-1) (p=0.70)","n=3, r in [2,5], c=-1, p=0.70",470,92.55,94.26,95.96,97.66,87.23,90.0,93.19,95.11,90.26,92.67,94.78,96.63,13.45,7.11,4.85,2.96,0.8104,43.0,44.45,58.53,1.736,0.09,44.6,16.03,32.06,3.0
enterpriserag_doc_level,Edge-RAG,v5a,v5a_n4_r2-5_c-1,0.7,"Schema 5a (Fixed 4x, [2,5], c=-1) (p=0.70)","n=4, r in [2,5], c=-1, p=0.70",470,92.13,94.26,96.17,97.87,86.81,90.43,93.4,95.32,89.8,92.91,94.99,96.89,13.38,7.14,4.86,2.97,0.8131,43.04,44.19,59.24,1.736,0.09,44.6,16.03,32.06,3.0
enterpriserag_doc_level,Edge-RAG,v5b,v5b_r2-5_c-1,0.7,"Schema 5b (Dynamic Contrast [2,5], c=-1) (p=0.70)","r in [2,5], c=-1, p=0.70",470,91.91,94.26,95.53,97.87,86.6,90.21,91.91,95.32,89.52,92.58,94.18,96.82,13.32,7.04,4.8,2.96,0.8054,43.78,44.72,59.22,1.736,0.09,52.9,16.03,43.14,3.71
enterpriserag_doc_level,Edge-RAG,v5b,v5b_r3-5_c-1,0.7,"Schema 5b (High-Floor Safe [3,5], c=-1) (p=0.70)","r in [3,5], c=-1, p=0.70",470,92.77,94.04,95.32,97.87,87.66,90.0,92.34,95.32,90.45,92.43,94.08,96.91,13.43,7.06,4.82,2.97,0.8132,43.65,45.1,59.9,1.736,0.09,58.6,16.03,50.72,4.17
enterpriserag_doc_level,Edge-RAG,v5b,v5b_r4-5_c-1,0.7,"Schema 5b (Heavy Booster [4,5], c=-1) (p=0.70)","r in [4,5], c=-1, p=0.70",470,92.13,94.68,95.74,97.87,86.81,90.43,92.34,95.53,89.78,93.09,94.48,96.85,13.38,7.1,4.82,2.96,0.8168,43.66,44.7,60.44,1.736,0.09,62.5,16.03,56.1,4.51
enterpriserag_doc_level,Edge-RAG,v6a,v6a_n3_r2-5_c-1,0.7,"Schema 6a (Centrality Fixed 3x, [2,5], c=-1) (p=0.70)","centrality, n=3, r in [2,5], c=-1, p=0.70",470,92.98,94.89,96.38,97.45,87.87,90.85,93.62,94.89,90.72,93.47,95.36,96.44,13.49,7.13,4.86,2.95,0.7998,70.27,71.31,85.03,1.736,0.09,50.6,15.07,41.3,3.0
enterpriserag_doc_level,Edge-RAG,v6a,v6a_n4_r2-5_c-1,0.7,"Schema 6a (Centrality Fixed 4x, [2,5], c=-1) (p=0.70)","centrality, n=4, r in [2,5], c=-1, p=0.70",470,92.98,94.89,96.6,97.66,87.87,90.85,93.62,95.32,90.62,93.49,95.39,96.73,13.45,7.14,4.87,2.97,0.8008,70.03,71.04,84.8,1.736,0.09,50.6,15.07,41.3,4.0
enterpriserag_doc_level,Edge-RAG,v6b,v6b_r2-4_c-1,0.7,"Schema 6b (Centrality Low-Floor [2,4], c=-1) (p=0.70)","centrality, r in [2,4], c=-1, p=0.70",470,92.34,94.47,96.81,97.87,87.02,90.64,93.4,95.32,89.88,93.08,95.44,96.97,13.3,7.1,4.86,2.98,0.7972,69.94,70.74,85.09,1.736,0.09,44.6,15.07,33.21,3.21
enterpriserag_doc_level,Edge-RAG,v6b,v6b_r3-5_c-1,0.7,"Schema 6b (Centrality High-Floor [3,5], c=-1) (p=0.70)","centrality, r in [3,5], c=-1, p=0.70",470,92.55,94.26,96.38,97.87,87.66,90.43,93.19,95.32,90.23,92.87,95.12,96.97,13.38,7.09,4.85,2.98,0.8043,70.36,71.53,85.16,1.736,0.09,55.9,15.07,48.27,4.21
enterpriserag_doc_level,Edge-RAG,v6b,v6b_r4-5_c-1,0.7,"Schema 6b (Centrality Heavy Booster [4,5], c=-1) (p=0.70)","centrality, r in [4,5], c=-1, p=0.70",470,92.13,94.89,95.96,97.66,86.81,90.85,92.77,95.11,89.66,93.47,94.86,96.68,13.34,7.1,4.83,2.96,0.8038,70.27,70.91,84.65,1.736,0.09,59.6,15.07,53.16,4.54
enterpriserag_doc_level,Edge-RAG,v6b,v6b_r2-5_c-1,0.7,"Schema 6b (Centrality Full Dynamic [2,5], c=-1) (p=0.70)","centrality, r in [2,5], c=-1, p=0.70",470,91.91,94.47,96.6,98.09,86.81,90.64,92.98,95.53,89.47,93.02,95.36,97.07,13.28,7.06,4.84,2.97,0.7925,69.85,71.03,84.49,1.736,0.09,50.6,15.07,41.3,3.76
enterpriserag_doc_level,Edge-RAG,v1,v1_baseline,0.75,"Schema 1 Baseline (R=3, C_exp=2) (p=0.75)","R=3, C_exp=2, p=0.75",470,93.19,94.89,96.81,98.09,87.87,91.28,94.04,95.74,90.95,93.56,95.63,97.24,13.55,7.17,4.88,2.99,0.8173,44.11,45.72,61.87,1.736,0.09,46.9,16.97,33.93,3.0
enterpriserag_doc_level,Edge-RAG,v5a,v5a_n3_r2-5_c-1,0.75,"Schema 5a (Fixed 3x, [2,5], c=-1) (p=0.75)","n=3, r in [2,5], c=-1, p=0.75",470,93.19,94.89,96.81,98.09,87.87,91.28,94.04,95.74,90.95,93.56,95.63,97.24,13.55,7.17,4.88,2.99,0.8173,44.41,45.57,61.29,1.736,0.09,46.9,16.97,33.93,3.0
enterpriserag_doc_level,Edge-RAG,v5a,v5a_n4_r2-5_c-1,0.75,"Schema 5a (Fixed 4x, [2,5], c=-1) (p=0.75)","n=4, r in [2,5], c=-1, p=0.75",470,92.98,95.11,96.81,98.09,87.66,91.49,94.04,95.74,90.77,93.8,95.63,97.24,13.55,7.19,4.88,2.99,0.8222,44.31,45.71,60.89,1.736,0.09,46.9,16.97,33.93,3.0
enterpriserag_doc_level,Edge-RAG,v5b,v5b_r2-5_c-1,0.75,"Schema 5b (Dynamic Contrast [2,5], c=-1) (p=0.75)","r in [2,5], c=-1, p=0.75",470,92.13,94.68,97.23,98.51,86.81,90.64,94.04,96.17,89.73,93.09,95.95,97.61,13.32,7.1,4.87,2.99,0.8113,44.9,45.88,60.94,1.736,0.09,55.1,16.97,44.81,3.66
enterpriserag_doc_level,Edge-RAG,v5b,v5b_r3-5_c-1,0.75,"Schema 5b (High-Floor Safe [3,5], c=-1) (p=0.75)","r in [3,5], c=-1, p=0.75",470,92.77,95.11,96.81,98.09,87.66,91.28,93.62,95.74,90.54,93.65,95.55,97.24,13.47,7.14,4.87,2.99,0.8229,44.89,46.57,62.75,1.736,0.09,61.1,16.97,52.93,4.13
enterpriserag_doc_level,Edge-RAG,v5b,v5b_r4-5_c-1,0.75,"Schema 5b (Heavy Booster [4,5], c=-1) (p=0.75)","r in [4,5], c=-1, p=0.75",470,92.55,95.11,96.81,98.3,87.45,91.28,93.83,96.17,90.28,93.68,95.6,97.43,13.4,7.15,4.87,2.99,0.8217,44.6,45.86,61.24,1.736,0.09,65.4,16.97,58.91,4.48
enterpriserag_doc_level,Edge-RAG,v6a,v6a_n3_r2-5_c-1,0.75,"Schema 6a (Centrality Fixed 3x, [2,5], c=-1) (p=0.75)","centrality, n=3, r in [2,5], c=-1, p=0.75",470,92.77,95.11,96.6,97.66,87.45,91.49,94.04,95.11,90.57,93.84,95.67,96.66,13.51,7.16,4.87,2.96,0.8066,71.31,72.78,87.7,1.736,0.09,52.8,15.96,43.0,3.0
enterpriserag_doc_level,Edge-RAG,v6a,v6a_n4_r2-5_c-1,0.75,"Schema 6a (Centrality Fixed 4x, [2,5], c=-1) (p=0.75)","centrality, n=4, r in [2,5], c=-1, p=0.75",470,93.19,95.11,96.81,97.87,87.87,91.28,94.26,95.32,90.98,93.81,95.73,96.9,13.55,7.16,4.89,2.97,0.8082,71.35,72.12,86.83,1.736,0.09,52.8,15.96,43.0,4.0
enterpriserag_doc_level,Edge-RAG,v6b,v6b_r2-4_c-1,0.75,"Schema 6b (Centrality Low-Floor [2,4], c=-1) (p=0.75)","centrality, r in [2,4], c=-1, p=0.75",470,91.91,94.68,97.02,98.09,86.81,90.85,94.04,95.53,89.69,93.3,95.87,97.18,13.36,7.11,4.88,2.98,0.8058,71.03,71.96,86.89,1.736,0.09,46.6,15.96,34.56,3.17
enterpriserag_doc_level,Edge-RAG,v6b,v6b_r3-5_c-1,0.75,"Schema 6b (Centrality High-Floor [3,5], c=-1) (p=0.75)","centrality, r in [3,5], c=-1, p=0.75",470,92.77,94.68,97.23,97.87,87.66,90.85,94.26,95.32,90.57,93.33,96.08,96.97,13.47,7.12,4.89,2.98,0.8096,71.14,72.67,87.46,1.736,0.09,58.5,15.96,50.52,4.17
enterpriserag_doc_level,Edge-RAG,v6b,v6b_r4-5_c-1,0.75,"Schema 6b (Centrality Heavy Booster [4,5], c=-1) (p=0.75)","centrality, r in [4,5], c=-1, p=0.75",470,92.55,95.11,96.6,98.3,87.66,91.06,93.62,95.74,90.3,93.71,95.54,97.3,13.43,7.12,4.86,2.97,0.8124,71.2,72.27,87.4,1.736,0.09,62.4,15.96,55.84,4.51
enterpriserag_doc_level,Edge-RAG,v6b,v6b_r2-5_c-1,0.75,"Schema 6b (Centrality Full Dynamic [2,5], c=-1) (p=0.75)","centrality, r in [2,5], c=-1, p=0.75",470,92.13,94.89,96.81,98.3,87.02,91.06,93.4,95.74,89.78,93.4,95.68,97.32,13.36,7.07,4.85,2.97,0.803,71.01,72.04,86.85,1.736,0.09,52.8,15.96,43.0,3.71
enterpriserag_doc_level,Edge-RAG,v1,v1_baseline,0.8,"Schema 1 Baseline (R=3, C_exp=2) (p=0.80)","R=3, C_exp=2, p=0.80",470,92.55,95.32,97.02,98.3,87.23,91.7,94.04,96.17,90.26,93.89,95.8,97.45,13.45,7.16,4.87,2.99,0.8224,45.38,46.94,63.14,1.736,0.09,49.5,17.98,35.95,3.0
enterpriserag_doc_level,Edge-RAG,v5a,v5a_n3_r2-5_c-1,0.8,"Schema 5a (Fixed 3x, [2,5], c=-1) (p=0.80)","n=3, r in [2,5], c=-1, p=0.80",470,92.55,95.32,97.02,98.3,87.23,91.7,94.04,96.17,90.26,93.89,95.8,97.45,13.45,7.16,4.87,2.99,0.8224,45.46,46.55,62.97,1.736,0.09,49.5,17.98,35.95,3.0
enterpriserag_doc_level,Edge-RAG,v5a,v5a_n4_r2-5_c-1,0.8,"Schema 5a (Fixed 4x, [2,5], c=-1) (p=0.80)","n=4, r in [2,5], c=-1, p=0.80",470,92.77,95.53,97.02,98.3,87.45,91.91,94.04,96.17,90.48,94.14,95.83,97.45,13.47,7.18,4.88,2.99,0.8254,46.08,47.37,63.43,1.736,0.09,49.5,17.98,35.95,3.0
enterpriserag_doc_level,Edge-RAG,v5b,v5b_r2-5_c-1,0.8,"Schema 5b (Dynamic Contrast [2,5], c=-1) (p=0.80)","r in [2,5], c=-1, p=0.80",470,92.77,94.89,96.81,98.3,87.66,91.06,93.62,95.96,90.36,93.44,95.55,97.35,13.36,7.09,4.87,2.98,0.8166,46.04,47.04,62.97,1.736,0.09,57.3,17.98,46.43,3.6
enterpriserag_doc_level,Edge-RAG,v5b,v5b_r3-5_c-1,0.8,"Schema 5b (High-Floor Safe [3,5], c=-1) (p=0.80)","r in [3,5], c=-1, p=0.80",470,93.19,95.53,96.6,98.3,88.09,91.7,93.4,95.96,90.93,94.07,95.34,97.4,13.47,7.16,4.86,2.99,0.8246,46.25,47.81,64.15,1.736,0.09,63.7,17.98,55.14,4.08
enterpriserag_doc_level,Edge-RAG,v5b,v5b_r4-5_c-1,0.8,"Schema 5b (Heavy Booster [4,5], c=-1) (p=0.80)","r in [4,5], c=-1, p=0.80",470,93.19,95.32,96.81,98.51,88.09,91.28,93.83,96.17,90.84,93.75,95.65,97.54,13.43,7.11,4.88,2.98,0.8295,46.37,47.38,63.79,1.736,0.09,68.5,17.98,61.94,4.45
enterpriserag_doc_level,Edge-RAG,v6a,v6a_n3_r2-5_c-1,0.8,"Schema 6a (Centrality Fixed 3x, [2,5], c=-1) (p=0.80)","centrality, n=3, r in [2,5], c=-1, p=0.80",470,92.77,95.32,96.6,98.09,87.66,91.7,94.04,95.96,90.63,94.1,95.64,97.24,13.55,7.17,4.87,2.99,0.8112,72.53,73.76,90.22,1.736,0.09,55.1,16.9,44.7,3.0
enterpriserag_doc_level,Edge-RAG,v6a,v6a_n4_r2-5_c-1,0.8,"Schema 6a (Centrality Fixed 4x, [2,5], c=-1) (p=0.80)","centrality, n=4, r in [2,5], c=-1, p=0.80",470,92.77,95.32,96.81,98.09,87.45,91.91,94.26,95.96,90.59,94.13,95.87,97.26,13.53,7.18,4.87,2.99,0.8147,71.85,73.23,89.91,1.736,0.09,55.1,16.9,44.7,4.0
enterpriserag_doc_level,Edge-RAG,v6b,v6b_r2-4_c-1,0.8,"Schema 6b (Centrality Low-Floor [2,4], c=-1) (p=0.80)","centrality, r in [2,4], c=-1, p=0.80",470,92.13,94.47,96.81,98.51,87.02,90.64,94.04,96.17,89.89,93.12,95.85,97.61,13.38,7.11,4.87,2.99,0.8135,72.37,73.91,89.81,1.736,0.09,48.5,16.9,35.81,3.13
enterpriserag_doc_level,Edge-RAG,v6b,v6b_r3-5_c-1,0.8,"Schema 6b (Centrality High-Floor [3,5], c=-1) (p=0.80)","centrality, r in [3,5], c=-1, p=0.80",470,92.98,95.11,96.6,98.3,87.87,91.49,93.83,95.96,90.77,93.87,95.63,97.43,13.49,7.15,4.87,2.99,0.8161,72.56,73.31,89.53,1.736,0.09,61.0,16.9,52.71,4.13
enterpriserag_doc_level,Edge-RAG,v6b,v6b_r4-5_c-1,0.8,"Schema 6b (Centrality Heavy Booster [4,5], c=-1) (p=0.80)","centrality, r in [4,5], c=-1, p=0.80",470,92.77,95.53,96.6,98.72,87.87,91.91,93.62,96.38,90.54,94.26,95.54,97.82,13.47,7.16,4.86,2.99,0.8151,72.68,73.56,90.12,1.736,0.09,65.3,16.9,58.68,4.48
enterpriserag_doc_level,Edge-RAG,v6b,v6b_r2-5_c-1,0.8,"Schema 6b (Centrality Full Dynamic [2,5], c=-1) (p=0.80)","centrality, r in [2,5], c=-1, p=0.80",470,91.91,95.11,96.6,98.51,87.02,91.28,93.4,96.17,89.62,93.63,95.49,97.59,13.36,7.1,4.85,2.99,0.806,72.2,73.91,90.07,1.736,0.09,55.1,16.9,44.7,3.66
enterpriserag_doc_level,Edge-RAG,v1,v1_baseline,0.9,"Schema 1 Baseline (R=3, C_exp=2) (p=0.90)","R=3, C_exp=2, p=0.90",470,93.19,95.11,97.02,97.87,87.87,91.49,94.47,95.53,90.84,93.65,95.88,96.93,13.49,7.16,4.89,2.97,0.8295,47.9,49.06,67.47,1.736,0.09,53.6,19.65,39.29,3.0
enterpriserag_doc_level,Edge-RAG,v5a,v5a_n3_r2-5_c-1,0.9,"Schema 5a (Fixed 3x, [2,5], c=-1) (p=0.90)","n=3, r in [2,5], c=-1, p=0.90",470,93.19,95.11,97.02,97.87,87.87,91.49,94.47,95.53,90.84,93.65,95.88,96.93,13.49,7.16,4.89,2.97,0.8295,48.01,49.46,68.21,1.736,0.09,53.6,19.65,39.29,3.0
enterpriserag_doc_level,Edge-RAG,v5a,v5a_n4_r2-5_c-1,0.9,"Schema 5a (Fixed 4x, [2,5], c=-1) (p=0.90)","n=4, r in [2,5], c=-1, p=0.90",470,93.4,95.53,96.81,97.87,88.09,91.91,94.26,95.53,91.13,94.08,95.67,96.97,13.55,7.18,4.89,2.97,0.8317,48.19,49.39,67.64,1.736,0.09,53.6,19.65,39.29,3.0
enterpriserag_doc_level,Edge-RAG,v5b,v5b_r2-5_c-1,0.9,"Schema 5b (Dynamic Contrast [2,5], c=-1) (p=0.90)","r in [2,5], c=-1, p=0.90",470,92.77,95.11,97.23,97.87,87.66,91.49,94.04,95.53,90.43,93.79,95.98,96.9,13.4,7.12,4.88,2.97,0.8209,48.56,49.78,68.35,1.736,0.09,60.6,19.65,48.71,3.5
enterpriserag_doc_level,Edge-RAG,v5b,v5b_r3-5_c-1,0.9,"Schema 5b (High-Floor Safe [3,5], c=-1) (p=0.90)","r in [3,5], c=-1, p=0.90",470,93.83,95.96,96.6,97.87,88.72,92.13,93.83,95.53,91.59,94.48,95.4,96.93,13.55,7.18,4.87,2.97,0.8298,49.09,50.23,68.5,1.736,0.09,67.6,19.65,58.6,3.99
enterpriserag_doc_level,Edge-RAG,v5b,v5b_r4-5_c-1,0.9,"Schema 5b (Heavy Booster [4,5], c=-1) (p=0.90)","r in [4,5], c=-1, p=0.90",470,93.83,95.11,97.02,97.87,88.51,91.28,94.26,95.53,91.36,93.63,95.86,96.94,13.47,7.13,4.89,2.97,0.8368,48.94,50.17,68.71,1.736,0.09,73.3,19.65,66.95,4.42
enterpriserag_doc_level,Edge-RAG,v6a,v6a_n3_r2-5_c-1,0.9,"Schema 6a (Centrality Fixed 3x, [2,5], c=-1) (p=0.90)","centrality, n=3, r in [2,5], c=-1, p=0.90",470,92.98,95.32,96.6,97.87,87.66,91.28,94.04,95.53,90.58,93.75,95.43,96.9,13.43,7.14,4.87,2.97,0.8213,74.41,75.64,93.62,1.736,0.09,59.3,18.86,47.65,3.0
enterpriserag_doc_level,Edge-RAG,v6a,v6a_n4_r2-5_c-1,0.9,"Schema 6a (Centrality Fixed 4x, [2,5], c=-1) (p=0.90)","centrality, n=4, r in [2,5], c=-1, p=0.90",470,93.4,95.53,96.6,97.66,88.09,91.49,94.04,95.53,91.11,94.0,95.46,96.76,13.53,7.16,4.88,2.97,0.8211,74.76,76.0,93.87,1.736,0.09,59.3,18.86,47.65,4.0
enterpriserag_doc_level,Edge-RAG,v6b,v6b_r2-4_c-1,0.9,"Schema 6b (Centrality Low-Floor [2,4], c=-1) (p=0.90)","centrality, r in [2,4], c=-1, p=0.90",470,93.62,95.74,96.6,98.09,88.51,91.91,93.62,95.53,91.45,94.24,95.32,97.15,13.57,7.16,4.86,2.98,0.8185,74.51,75.79,93.29,1.736,0.09,52.2,18.86,38.03,3.02
enterpriserag_doc_level,Edge-RAG,v6b,v6b_r3-5_c-1,0.9,"Schema 6b (Centrality High-Floor [3,5], c=-1) (p=0.90)","centrality, r in [3,5], c=-1, p=0.90",470,93.62,95.96,96.38,97.87,88.51,92.13,93.4,95.53,91.38,94.45,95.15,96.97,13.53,7.17,4.86,2.98,0.8245,74.72,76.03,93.75,1.736,0.09,66.0,18.86,56.89,4.02
enterpriserag_doc_level,Edge-RAG,v6b,v6b_r4-5_c-1,0.9,"Schema 6b (Centrality Heavy Booster [4,5], c=-1) (p=0.90)","centrality, r in [4,5], c=-1, p=0.90",470,93.83,95.32,97.23,98.09,88.51,91.49,94.04,95.74,91.37,93.84,95.99,97.12,13.47,7.14,4.88,2.97,0.8283,74.69,76.25,94.0,1.736,0.09,71.3,18.86,64.54,4.43
enterpriserag_doc_level,Edge-RAG,v6b,v6b_r2-5_c-1,0.9,"Schema 6b (Centrality Full Dynamic [2,5], c=-1) (p=0.90)","centrality, r in [2,5], c=-1, p=0.90",470,92.34,95.32,97.23,98.09,87.23,91.7,93.83,95.74,89.98,93.98,95.94,97.14,13.34,7.13,4.87,2.97,0.8156,75.2,76.14,94.3,1.736,0.09,59.3,18.86,47.65,3.54
enterpriserag_doc_level,Edge-RAG,v1,v1_baseline,1.0,"Schema 1 Baseline (R=3, C_exp=2) (p=1.00)","R=3, C_exp=2, p=1.00",470,93.4,95.32,96.81,97.87,88.09,91.91,94.26,95.53,91.06,93.97,95.67,96.93,13.51,7.18,4.89,2.97,0.8321,48.8,50.61,69.93,1.736,0.09,55.1,20.29,40.59,3.0
enterpriserag_doc_level,Edge-RAG,v5a,v5a_n3_r2-5_c-1,1.0,"Schema 5a (Fixed 3x, [2,5], c=-1) (p=1.00)","n=3, r in [2,5], c=-1, p=1.00",470,93.4,95.32,96.81,97.87,88.09,91.91,94.26,95.53,91.06,93.97,95.67,96.93,13.51,7.18,4.89,2.97,0.8321,48.85,50.5,69.19,1.736,0.09,55.1,20.29,40.59,3.0
enterpriserag_doc_level,Edge-RAG,v5a,v5a_n4_r2-5_c-1,1.0,"Schema 5a (Fixed 4x, [2,5], c=-1) (p=1.00)","n=4, r in [2,5], c=-1, p=1.00",470,93.4,95.53,97.02,97.66,88.09,92.13,94.47,95.32,91.09,94.18,95.88,96.75,13.53,7.19,4.89,2.97,0.8323,48.4,50.06,69.02,1.736,0.09,55.1,20.29,40.59,3.0
enterpriserag_doc_level,Edge-RAG,v5b,v5b_r2-5_c-1,1.0,"Schema 5b (Dynamic Contrast [2,5], c=-1) (p=1.00)","r in [2,5], c=-1, p=1.00",470,92.77,95.32,97.23,97.87,87.66,91.7,94.26,95.53,90.43,94.0,96.0,96.9,13.4,7.13,4.89,2.97,0.8221,49.47,51.29,70.33,1.736,0.09,61.7,20.29,49.43,3.45
enterpriserag_doc_level,Edge-RAG,v5b,v5b_r3-5_c-1,1.0,"Schema 5b (High-Floor Safe [3,5], c=-1) (p=1.00)","r in [3,5], c=-1, p=1.00",470,93.83,95.96,96.81,97.87,88.72,92.13,94.04,95.53,91.59,94.48,95.62,96.93,13.55,7.18,4.88,2.97,0.8311,49.67,51.5,71.39,1.736,0.09,69.0,20.29,59.9,3.96
enterpriserag_doc_level,Edge-RAG,v5b,v5b_r4-5_c-1,1.0,"Schema 5b (Heavy Booster [4,5], c=-1) (p=1.00)","r in [4,5], c=-1, p=1.00",470,93.62,95.11,97.23,97.87,88.51,91.28,94.68,95.53,91.25,93.63,96.1,96.94,13.47,7.13,4.9,2.97,0.8381,49.56,51.4,70.45,1.736,0.09,74.9,20.29,68.89,4.4
enterpriserag_doc_level,Edge-RAG,v6a,v6a_n3_r2-5_c-1,1.0,"Schema 6a (Centrality Fixed 3x, [2,5], c=-1) (p=1.00)","centrality, n=3, r in [2,5], c=-1, p=1.00",470,93.19,95.32,96.38,97.66,87.87,91.7,93.83,95.32,90.88,93.91,95.24,96.69,13.51,7.16,4.87,2.96,0.8255,77.06,78.49,98.98,1.736,0.09,61.4,20.08,49.01,3.0
enterpriserag_doc_level,Edge-RAG,v6a,v6a_n4_r2-5_c-1,1.0,"Schema 6a (Centrality Fixed 4x, [2,5], c=-1) (p=1.00)","centrality, n=4, r in [2,5], c=-1, p=1.00",470,93.62,95.53,96.38,97.66,88.3,92.13,93.83,95.32,91.37,94.18,95.24,96.75,13.6,7.19,4.87,2.97,0.8258,76.75,78.49,97.92,1.736,0.09,61.4,20.08,49.01,4.0
enterpriserag_doc_level,Edge-RAG,v6b,v6b_r2-4_c-1,1.0,"Schema 6b (Centrality Low-Floor [2,4], c=-1) (p=1.00)","centrality, r in [2,4], c=-1, p=1.00",470,93.62,95.53,96.6,97.87,88.51,91.7,93.83,95.53,91.47,94.02,95.36,96.89,13.6,7.15,4.87,2.97,0.8217,76.51,78.13,98.37,1.736,0.09,54.3,20.08,39.27,2.96
enterpriserag_doc_level,Edge-RAG,v6b,v6b_r3-5_c-1,1.0,"Schema 6b (Centrality High-Floor [3,5], c=-1) (p=1.00)","centrality, r in [3,5], c=-1, p=1.00",470,93.62,95.96,96.38,97.87,88.51,92.13,93.62,95.53,91.38,94.48,95.19,96.93,13.53,7.18,4.87,2.97,0.8263,76.85,78.61,97.91,1.736,0.09,68.6,20.08,59.34,3.96
enterpriserag_doc_level,Edge-RAG,v6b,v6b_r4-5_c-1,1.0,"Schema 6b (Centrality Heavy Booster [4,5], c=-1) (p=1.00)","centrality, r in [4,5], c=-1, p=1.00",470,93.4,95.11,97.02,98.09,88.3,91.28,94.47,95.74,91.04,93.63,95.88,97.15,13.45,7.13,4.89,2.97,0.8334,77.24,78.81,97.72,1.736,0.09,74.5,20.08,68.2,4.4
enterpriserag_doc_level,Edge-RAG,v6b,v6b_r2-5_c-1,1.0,"Schema 6b (Centrality Full Dynamic [2,5], c=-1) (p=1.00)","centrality, r in [2,5], c=-1, p=1.00",470,92.34,95.32,96.81,98.09,87.23,91.7,93.83,95.74,90.0,94.0,95.57,97.12,13.36,7.13,4.87,2.97,0.8171,76.12,78.06,98.39,1.736,0.09,61.4,20.08,49.01,3.46
liverag_doc_level,Baseline,BM25_Lucene,bm25_baseline,-,BM25 (Lucene Baseline),"k1=1.5, b=0.75",895,94.75,95.53,96.65,96.98,92.96,94.19,95.42,96.2,93.85,94.86,96.03,96.59,10.79,5.46,3.69,2.23,0.8851,0.14,0.14,0.23,0.666,0.0,15.3,0.0,0.0,0.0
liverag_doc_level,Baseline,Dense_BGE_Small,dense_bge_small,-,Dense (bge-small-en-v1.5),"dim=384, cosine",895,96.76,97.88,97.99,98.55,95.64,97.32,97.65,98.32,96.2,97.6,97.82,98.44,11.08,5.63,3.77,2.27,0.9025,12.61,12.76,13.76,1.841,1.6,15.3,0.0,0.0,0.0
liverag_doc_level,Baseline,Dense_BGE_Large,dense_bge_large,-,Dense (bge-large-en-v1.5),"dim=1024, cosine",895,97.43,98.66,98.88,98.99,96.31,97.77,98.21,98.66,96.87,98.21,98.55,98.83,11.16,5.65,3.78,2.28,0.9236,24.19,24.33,25.41,11.998,2.6,15.3,0.0,0.0,0.0
liverag_doc_level,Baseline,SPLADE_v3,splade_v3,-,SPLADE-v3 (DistilBERT),"sparse neural, distilbert",895,95.75,96.98,98.1,98.55,94.64,96.31,97.43,97.88,95.2,96.65,97.77,98.21,10.98,5.58,3.76,2.26,0.9107,6.96,6.95,7.76,10.794,4.12,15.3,0.0,0.0,0.0
liverag_doc_level,Edge-RAG,v1,v1_baseline,0.45,"Schema 1 Baseline (R=3, C_exp=2) (p=0.45)","R=3, C_exp=2, p=0.45",895,94.75,96.2,96.42,97.32,93.41,94.75,95.2,96.31,94.08,95.47,95.81,96.82,10.84,5.5,3.68,2.23,0.882,28.75,28.88,32.81,1.421,0.09,16.7,5.33,10.5,3.0
liverag_doc_level,Edge-RAG,v5a,v5a_n3_r2-5_c-1,0.45,"Schema 5a (Fixed 3x, [2,5], c=-1) (p=0.45)","n=3, r in [2,5], c=-1, p=0.45",895,94.75,96.2,96.42,97.32,93.41,94.75,95.2,96.31,94.08,95.47,95.81,96.82,10.84,5.5,3.68,2.23,0.882,28.85,29.03,32.93,1.421,0.09,16.7,5.33,10.5,3.0
liverag_doc_level,Edge-RAG,v5a,v5a_n4_r2-5_c-1,0.45,"Schema 5a (Fixed 4x, [2,5], c=-1) (p=0.45)","n=4, r in [2,5], c=-1, p=0.45",895,94.75,96.31,96.31,97.32,93.3,94.97,95.31,96.31,94.02,95.64,95.81,96.82,10.83,5.51,3.68,2.23,0.8868,29.05,29.1,33.15,1.421,0.09,16.7,5.33,10.5,3.0
liverag_doc_level,Edge-RAG,v5b,v5b_r2-5_c-1,0.45,"Schema 5b (Dynamic Contrast [2,5], c=-1) (p=0.45)","r in [2,5], c=-1, p=0.45",895,94.97,96.2,96.65,97.32,93.41,94.97,95.64,96.54,94.19,95.59,96.15,96.93,10.84,5.51,3.69,2.23,0.8911,28.58,28.72,32.89,1.421,0.09,23.0,5.33,17.11,4.33
liverag_doc_level,Edge-RAG,v5b,v5b_r3-5_c-1,0.45,"Schema 5b (High-Floor Safe [3,5], c=-1) (p=0.45)","r in [3,5], c=-1, p=0.45",895,94.75,96.09,96.54,97.32,93.3,94.86,95.53,96.54,94.02,95.47,96.03,96.93,10.82,5.5,3.69,2.23,0.8928,29.09,29.29,33.58,1.421,0.09,24.0,5.33,18.22,4.53
liverag_doc_level,Edge-RAG,v5b,v5b_r4-5_c-1,0.45,"Schema 5b (Heavy Booster [4,5], c=-1) (p=0.45)","r in [4,5], c=-1, p=0.45",895,94.64,95.87,96.42,97.21,93.18,94.75,95.42,96.42,93.91,95.31,95.92,96.82,10.8,5.49,3.69,2.23,0.8888,28.67,29.03,32.92,1.421,0.09,25.8,5.33,20.18,4.88
liverag_doc_level,Edge-RAG,v6a,v6a_n3_r2-5_c-1,0.45,"Schema 6a (Centrality Fixed 3x, [2,5], c=-1) (p=0.45)","centrality, n=3, r in [2,5], c=-1, p=0.45",895,95.42,97.21,97.54,98.32,93.97,95.98,96.42,97.43,94.69,96.59,96.98,97.88,10.89,5.56,3.72,2.25,0.8876,55.37,55.28,60.37,1.421,0.09,22.7,5.25,16.83,3.0
liverag_doc_level,Edge-RAG,v6a,v6a_n4_r2-5_c-1,0.45,"Schema 6a (Centrality Fixed 4x, [2,5], c=-1) (p=0.45)","centrality, n=4, r in [2,5], c=-1, p=0.45",895,95.2,97.09,97.54,98.21,93.74,95.87,96.42,97.32,94.47,96.48,96.98,97.77,10.87,5.56,3.72,2.25,0.892,55.69,55.61,60.85,1.421,0.09,22.7,5.25,16.83,4.0
liverag_doc_level,Edge-RAG,v6b,v6b_r2-4_c-1,0.45,"Schema 6b (Centrality Low-Floor [2,4], c=-1) (p=0.45)","centrality, r in [2,4], c=-1, p=0.45",895,95.42,96.87,97.32,97.77,93.85,95.75,96.2,96.87,94.64,96.31,96.76,97.32,10.89,5.55,3.72,2.24,0.8939,55.57,55.48,60.85,1.421,0.09,19.0,5.25,12.85,3.53
liverag_doc_level,Edge-RAG,v6b,v6b_r3-5_c-1,0.45,"Schema 6b (Centrality High-Floor [3,5], c=-1) (p=0.45)","centrality, r in [3,5], c=-1, p=0.45",895,95.31,97.09,97.54,98.21,93.97,95.98,96.42,97.32,94.64,96.54,96.98,97.77,10.89,5.56,3.72,2.25,0.8984,55.75,55.63,60.55,1.421,0.09,23.7,5.25,17.94,4.53
liverag_doc_level,Edge-RAG,v6b,v6b_r4-5_c-1,0.45,"Schema 6b (Centrality Heavy Booster [4,5], c=-1) (p=0.45)","centrality, r in [4,5], c=-1, p=0.45",895,95.31,96.98,97.43,98.1,93.97,95.75,96.31,97.09,94.64,96.37,96.87,97.6,10.89,5.55,3.72,2.25,0.895,55.63,55.57,60.63,1.421,0.09,25.4,5.25,19.84,4.88
liverag_doc_level,Edge-RAG,v6b,v6b_r2-5_c-1,0.45,"Schema 6b (Centrality Full Dynamic [2,5], c=-1) (p=0.45)","centrality, r in [2,5], c=-1, p=0.45",895,95.31,96.87,97.43,98.21,93.97,95.64,96.31,97.32,94.64,96.26,96.87,97.77,10.89,5.55,3.72,2.25,0.8973,55.95,55.77,60.95,1.421,0.09,22.7,5.25,16.83,4.33
liverag_doc_level,Edge-RAG,v1,v1_baseline,0.5,"Schema 1 Baseline (R=3, C_exp=2) (p=0.50)","R=3, C_exp=2, p=0.50",895,94.97,96.54,96.76,97.65,93.63,95.2,95.53,96.65,94.3,95.87,96.15,97.15,10.86,5.53,3.69,2.24,0.8837,28.76,29.26,33.59,1.421,0.09,17.4,5.59,11.02,3.0
liverag_doc_level,Edge-RAG,v5a,v5a_n3_r2-5_c-1,0.5,"Schema 5a (Fixed 3x, [2,5], c=-1) (p=0.50)","n=3, r in [2,5], c=-1, p=0.50",895,94.97,96.54,96.76,97.65,93.63,95.2,95.53,96.65,94.3,95.87,96.15,97.15,10.86,5.53,3.69,2.24,0.8837,28.86,29.13,33.5,1.421,0.09,17.4,5.59,11.02,3.0
liverag_doc_level,Edge-RAG,v5a,v5a_n4_r2-5_c-1,0.5,"Schema 5a (Fixed 4x, [2,5], c=-1) (p=0.50)","n=4, r in [2,5], c=-1, p=0.50",895,94.97,96.65,96.65,97.65,93.63,95.42,95.64,96.65,94.3,96.03,96.15,97.15,10.86,5.53,3.69,2.24,0.8881,28.93,29.2,33.74,1.421,0.09,17.4,5.59,11.02,3.0
liverag_doc_level,Edge-RAG,v5b,v5b_r2-5_c-1,0.5,"Schema 5b (Dynamic Contrast [2,5], c=-1) (p=0.50)","r in [2,5], c=-1, p=0.50",895,95.2,96.2,96.87,97.54,93.74,95.08,95.87,96.76,94.47,95.64,96.37,97.15,10.87,5.51,3.7,2.24,0.8926,29.19,29.47,34.16,1.421,0.09,23.8,5.59,17.75,4.3
liverag_doc_level,Edge-RAG,v5b,v5b_r3-5_c-1,0.5,"Schema 5b (High-Floor Safe [3,5], c=-1) (p=0.50)","r in [3,5], c=-1, p=0.50",895,95.08,96.31,96.76,97.65,93.74,95.2,95.75,96.87,94.41,95.75,96.26,97.26,10.86,5.51,3.7,2.24,0.894,29.27,29.49,33.89,1.421,0.09,24.9,5.59,19.0,4.51
liverag_doc_level,Edge-RAG,v5b,v5b_r4-5_c-1,0.5,"Schema 5b (Heavy Booster [4,5], c=-1) (p=0.50)","r in [4,5], c=-1, p=0.50",895,94.97,95.98,96.76,97.43,93.63,94.86,95.75,96.65,94.3,95.42,96.26,97.04,10.85,5.5,3.7,2.24,0.8901,29.32,29.47,33.7,1.421,0.09,26.8,5.59,21.06,4.87
liverag_doc_level,Edge-RAG,v6a,v6a_n3_r2-5_c-1,0.5,"Schema 6a (Centrality Fixed 3x, [2,5], c=-1) (p=0.50)","centrality, n=3, r in [2,5], c=-1, p=0.50",895,95.64,97.21,97.54,98.32,94.08,95.98,96.42,97.32,94.86,96.59,96.98,97.82,10.92,5.56,3.72,2.25,0.8909,56.14,56.3,61.29,1.421,0.09,23.5,5.51,17.47,3.0
liverag_doc_level,Edge-RAG,v6a,v6a_n4_r2-5_c-1,0.5,"Schema 6a (Centrality Fixed 4x, [2,5], c=-1) (p=0.50)","centrality, n=4, r in [2,5], c=-1, p=0.50",895,95.53,97.09,97.54,98.21,93.97,95.87,96.42,97.21,94.75,96.48,96.98,97.71,10.91,5.56,3.72,2.25,0.8946,55.95,55.81,61.02,1.421,0.09,23.5,5.51,17.47,4.0
liverag_doc_level,Edge-RAG,v6b,v6b_r2-4_c-1,0.5,"Schema 6b (Centrality Low-Floor [2,4], c=-1) (p=0.50)","centrality, r in [2,4], c=-1, p=0.50",895,95.64,96.98,97.43,97.77,93.97,95.87,96.31,96.87,94.8,96.42,96.87,97.32,10.92,5.56,3.72,2.24,0.897,56.09,56.06,61.59,1.421,0.09,19.7,5.51,13.38,3.51
liverag_doc_level,Edge-RAG,v6b,v6b_r3-5_c-1,0.5,"Schema 6b (Centrality High-Floor [3,5], c=-1) (p=0.50)","centrality, r in [3,5], c=-1, p=0.50",895,95.53,97.09,97.54,98.21,94.08,95.98,96.42,97.21,94.8,96.54,96.98,97.71,10.92,5.56,3.72,2.25,0.9007,55.89,55.88,61.13,1.421,0.09,24.6,5.51,18.72,4.51
liverag_doc_level,Edge-RAG,v6b,v6b_r4-5_c-1,0.5,"Schema 6b (Centrality Heavy Booster [4,5], c=-1) (p=0.50)","centrality, r in [4,5], c=-1, p=0.50",895,95.42,96.98,97.54,97.99,94.08,95.75,96.42,96.98,94.75,96.37,96.98,97.49,10.91,5.55,3.72,2.25,0.8978,56.25,56.13,61.24,1.421,0.09,26.4,5.51,20.72,4.86
liverag_doc_level,Edge-RAG,v6b,v6b_r2-5_c-1,0.5,"Schema 6b (Centrality Full Dynamic [2,5], c=-1) (p=0.50)","centrality, r in [2,5], c=-1, p=0.50",895,95.31,96.87,97.54,98.21,93.97,95.64,96.42,97.21,94.64,96.26,96.98,97.71,10.89,5.55,3.72,2.25,0.8999,55.98,56.01,61.55,1.421,0.09,23.5,5.51,17.47,4.3
liverag_doc_level,Edge-RAG,v1,v1_baseline,0.55,"Schema 1 Baseline (R=3, C_exp=2) (p=0.55)","R=3, C_exp=2, p=0.55",895,95.08,96.42,97.21,97.54,93.18,95.2,96.2,96.76,94.13,95.81,96.7,97.15,10.83,5.53,3.72,2.24,0.8859,29.5,29.99,34.22,1.421,0.09,19.6,6.35,12.54,3.0
liverag_doc_level,Edge-RAG,v5a,v5a_n3_r2-5_c-1,0.55,"Schema 5a (Fixed 3x, [2,5], c=-1) (p=0.55)","n=3, r in [2,5], c=-1, p=0.55",895,95.08,96.42,97.21,97.54,93.18,95.2,96.2,96.76,94.13,95.81,96.7,97.15,10.83,5.53,3.72,2.24,0.8859,29.59,29.9,34.54,1.421,0.09,19.6,6.35,12.54,3.0
liverag_doc_level,Edge-RAG,v5a,v5a_n4_r2-5_c-1,0.55,"Schema 5a (Fixed 4x, [2,5], c=-1) (p=0.55)","n=4, r in [2,5], c=-1, p=0.55",895,95.2,96.54,97.09,97.54,93.41,95.31,96.2,96.76,94.3,95.92,96.65,97.15,10.85,5.53,3.72,2.24,0.8912,29.58,29.9,34.65,1.421,0.09,19.6,6.35,12.54,3.0
liverag_doc_level,Edge-RAG,v5b,v5b_r2-5_c-1,0.55,"Schema 5b (Dynamic Contrast [2,5], c=-1) (p=0.55)","r in [2,5], c=-1, p=0.55",895,95.08,96.54,97.09,97.88,93.3,95.2,96.2,97.09,94.19,95.87,96.65,97.49,10.84,5.53,3.72,2.25,0.898,29.65,29.98,34.87,1.421,0.09,26.1,6.35,19.61,4.21
liverag_doc_level,Edge-RAG,v5b,v5b_r3-5_c-1,0.55,"Schema 5b (High-Floor Safe [3,5], c=-1) (p=0.55)","r in [3,5], c=-1, p=0.55",895,95.08,96.31,97.21,97.77,93.41,95.2,96.31,96.98,94.25,95.75,96.76,97.37,10.84,5.52,3.72,2.25,0.896,29.88,30.16,35.08,1.421,0.09,27.6,6.35,21.31,4.46
liverag_doc_level,Edge-RAG,v5b,v5b_r4-5_c-1,0.55,"Schema 5b (Heavy Booster [4,5], c=-1) (p=0.55)","r in [4,5], c=-1, p=0.55",895,94.86,96.31,96.98,97.77,93.18,95.08,96.09,96.98,94.02,95.7,96.54,97.37,10.82,5.51,3.71,2.25,0.8939,29.83,30.27,35.07,1.421,0.09,29.7,6.35,23.63,4.81
liverag_doc_level,Edge-RAG,v6a,v6a_n3_r2-5_c-1,0.55,"Schema 6a (Centrality Fixed 3x, [2,5], c=-1) (p=0.55)","centrality, n=3, r in [2,5], c=-1, p=0.55",895,95.75,97.32,97.77,98.21,93.85,96.09,96.76,97.32,94.8,96.7,97.26,97.77,10.88,5.57,3.74,2.25,0.89,56.58,56.62,62.25,1.421,0.09,25.8,6.26,19.3,3.0
liverag_doc_level,Edge-RAG,v6a,v6a_n4_r2-5_c-1,0.55,"Schema 6a (Centrality Fixed 4x, [2,5], c=-1) (p=0.55)","centrality, n=4, r in [2,5], c=-1, p=0.55",895,95.64,97.32,97.88,98.1,93.85,96.09,96.87,97.09,94.75,96.7,97.37,97.6,10.88,5.57,3.74,2.25,0.8934,56.34,56.45,62.4,1.421,0.09,25.8,6.26,19.3,4.0
liverag_doc_level,Edge-RAG,v6b,v6b_r2-4_c-1,0.55,"Schema 6b (Centrality Low-Floor [2,4], c=-1) (p=0.55)","centrality, r in [2,4], c=-1, p=0.55",895,95.75,97.09,97.65,97.99,93.85,95.87,96.65,97.09,94.8,96.48,97.15,97.54,10.91,5.56,3.73,2.25,0.9008,56.63,56.66,62.26,1.421,0.09,21.8,6.26,14.91,3.46
liverag_doc_level,Edge-RAG,v6b,v6b_r3-5_c-1,0.55,"Schema 6b (Centrality High-Floor [3,5], c=-1) (p=0.55)","centrality, r in [3,5], c=-1, p=0.55",895,95.75,97.21,97.88,98.1,93.97,95.98,96.76,97.09,94.86,96.59,97.32,97.6,10.91,5.56,3.74,2.25,0.9019,56.57,56.54,62.15,1.421,0.09,27.3,6.26,21.0,4.46
liverag_doc_level,Edge-RAG,v6b,v6b_r4-5_c-1,0.55,"Schema 6b (Centrality Heavy Booster [4,5], c=-1) (p=0.55)","centrality, r in [4,5], c=-1, p=0.55",895,95.42,97.21,97.65,98.1,93.97,95.98,96.54,97.09,94.69,96.59,97.09,97.6,10.89,5.56,3.73,2.25,0.8972,56.78,56.98,62.85,1.421,0.09,29.2,6.26,23.25,4.81
liverag_doc_level,Edge-RAG,v6b,v6b_r2-5_c-1,0.55,"Schema 6b (Centrality Full Dynamic [2,5], c=-1) (p=0.55)","centrality, r in [2,5], c=-1, p=0.55",895,95.53,96.87,97.65,98.21,93.97,95.64,96.54,97.21,94.75,96.26,97.09,97.71,10.89,5.55,3.73,2.25,0.9032,56.66,56.63,62.6,1.421,0.09,25.8,6.26,19.3,4.2
liverag_doc_level,Edge-RAG,v1,v1_baseline,0.6,"Schema 1 Baseline (R=3, C_exp=2) (p=0.60)","R=3, C_exp=2, p=0.60",895,95.2,96.54,97.54,97.77,93.18,95.31,96.54,96.98,94.19,95.92,97.04,97.37,10.83,5.53,3.73,2.25,0.8901,29.27,29.55,34.28,1.421,0.09,20.7,6.76,13.35,3.0
liverag_doc_level,Edge-RAG,v5a,v5a_n3_r2-5_c-1,0.6,"Schema 5a (Fixed 3x, [2,5], c=-1) (p=0.60)","n=3, r in [2,5], c=-1, p=0.60",895,95.2,96.54,97.54,97.77,93.18,95.31,96.54,96.98,94.19,95.92,97.04,97.37,10.83,5.53,3.73,2.25,0.8901,25.24,25.61,30.65,1.421,0.09,20.7,6.76,13.35,3.0
liverag_doc_level,Edge-RAG,v5a,v5a_n4_r2-5_c-1,0.6,"Schema 5a (Fixed 4x, [2,5], c=-1) (p=0.60)","n=4, r in [2,5], c=-1, p=0.60",895,95.2,96.65,97.43,97.77,93.3,95.42,96.54,96.98,94.25,96.03,96.98,97.37,10.84,5.54,3.73,2.25,0.8931,27.72,27.79,33.63,1.421,0.09,20.7,6.76,13.35,3.0
liverag_doc_level,Edge-RAG,v5b,v5b_r2-5_c-1,0.6,"Schema 5b (Dynamic Contrast [2,5], c=-1) (p=0.60)","r in [2,5], c=-1, p=0.60",895,95.53,96.65,97.32,97.88,93.63,95.53,96.42,97.09,94.58,96.09,96.87,97.49,10.87,5.54,3.72,2.25,0.9002,28.19,28.74,33.52,1.421,0.09,27.3,6.76,20.53,4.16
liverag_doc_level,Edge-RAG,v5b,v5b_r3-5_c-1,0.6,"Schema 5b (High-Floor Safe [3,5], c=-1) (p=0.60)","r in [3,5], c=-1, p=0.60",895,95.53,96.54,97.43,97.88,93.74,95.53,96.54,97.09,94.64,96.03,96.98,97.49,10.88,5.53,3.73,2.25,0.8996,29.07,29.31,34.56,1.421,0.09,29.0,6.76,22.5,4.43
liverag_doc_level,Edge-RAG,v5b,v5b_r4-5_c-1,0.6,"Schema 5b (Heavy Booster [4,5], c=-1) (p=0.60)","r in [4,5], c=-1, p=0.60",895,95.31,96.54,97.21,97.77,93.63,95.53,96.2,96.98,94.47,96.03,96.7,97.37,10.87,5.53,3.72,2.25,0.8962,29.54,29.82,35.03,1.421,0.09,31.1,6.76,24.94,4.79
liverag_doc_level,Edge-RAG,v6a,v6a_n3_r2-5_c-1,0.6,"Schema 6a (Centrality Fixed 3x, [2,5], c=-1) (p=0.60)","centrality, n=3, r in [2,5], c=-1, p=0.60",895,96.09,97.09,97.88,97.99,94.19,95.87,96.98,97.21,95.14,96.48,97.43,97.6,10.93,5.55,3.74,2.25,0.893,53.15,53.44,60.03,1.421,0.09,26.9,6.65,20.2,3.0
liverag_doc_level,Edge-RAG,v6a,v6a_n4_r2-5_c-1,0.6,"Schema 6a (Centrality Fixed 4x, [2,5], c=-1) (p=0.60)","centrality, n=4, r in [2,5], c=-1, p=0.60",895,95.98,97.21,97.99,97.99,94.19,95.98,97.09,97.09,95.08,96.59,97.54,97.54,10.93,5.56,3.75,2.25,0.898,54.89,54.94,60.95,1.421,0.09,26.9,6.65,20.2,4.0
liverag_doc_level,Edge-RAG,v6b,v6b_r2-4_c-1,0.6,"Schema 6b (Centrality Low-Floor [2,4], c=-1) (p=0.60)","centrality, r in [2,4], c=-1, p=0.60",895,96.09,96.98,97.77,97.99,94.3,95.75,96.76,97.21,95.2,96.37,97.26,97.6,10.95,5.55,3.74,2.25,0.904,55.89,56.26,62.22,1.421,0.09,22.9,6.65,15.68,3.43
liverag_doc_level,Edge-RAG,v6b,v6b_r3-5_c-1,0.6,"Schema 6b (Centrality High-Floor [3,5], c=-1) (p=0.60)","centrality, r in [3,5], c=-1, p=0.60",895,95.98,97.21,97.88,97.99,94.3,96.09,96.76,97.09,95.14,96.65,97.32,97.54,10.94,5.56,3.74,2.25,0.9059,55.56,55.62,61.4,1.421,0.09,28.6,6.65,22.16,4.43
liverag_doc_level,Edge-RAG,v6b,v6b_r4-5_c-1,0.6,"Schema 6b (Centrality Heavy Booster [4,5], c=-1) (p=0.60)","centrality, r in [4,5], c=-1, p=0.60",895,95.87,97.21,97.65,97.99,94.19,95.87,96.65,97.09,95.03,96.54,97.15,97.54,10.93,5.56,3.73,2.25,0.9007,55.65,55.73,61.51,1.421,0.09,30.7,6.65,24.52,4.78
liverag_doc_level,Edge-RAG,v6b,v6b_r2-5_c-1,0.6,"Schema 6b (Centrality Full Dynamic [2,5], c=-1) (p=0.60)","centrality, r in [2,5], c=-1, p=0.60",895,95.98,96.87,97.77,98.1,94.19,95.53,96.76,97.21,95.08,96.2,97.26,97.65,10.93,5.54,3.74,2.25,0.9068,55.68,55.78,61.76,1.421,0.09,26.9,6.65,20.2,4.16
liverag_doc_level,Edge-RAG,v1,v1_baseline,0.65,"Schema 1 Baseline (R=3, C_exp=2) (p=0.65)","R=3, C_exp=2, p=0.65",895,95.98,97.09,97.65,98.21,93.97,96.09,96.65,97.43,94.97,96.59,97.15,97.82,10.91,5.56,3.73,2.25,0.8931,29.58,30.05,35.38,1.421,0.09,22.5,7.4,14.62,3.0
liverag_doc_level,Edge-RAG,v5a,v5a_n3_r2-5_c-1,0.65,"Schema 5a (Fixed 3x, [2,5], c=-1) (p=0.65)","n=3, r in [2,5], c=-1, p=0.65",895,95.98,97.09,97.65,98.21,93.97,96.09,96.65,97.43,94.97,96.59,97.15,97.82,10.91,5.56,3.73,2.25,0.8931,29.64,30.29,35.21,1.421,0.09,22.5,7.4,14.62,3.0
liverag_doc_level,Edge-RAG,v5a,v5a_n4_r2-5_c-1,0.65,"Schema 5a (Fixed 4x, [2,5], c=-1) (p=0.65)","n=4, r in [2,5], c=-1, p=0.65",895,95.98,96.87,97.65,98.21,93.97,95.87,96.87,97.43,94.97,96.37,97.26,97.82,10.91,5.55,3.74,2.25,0.8967,29.57,29.92,35.19,1.421,0.09,22.5,7.4,14.62,3.0
liverag_doc_level,Edge-RAG,v5b,v5b_r2-5_c-1,0.65,"Schema 5b (Dynamic Contrast [2,5], c=-1) (p=0.65)","r in [2,5], c=-1, p=0.65",895,95.87,96.87,97.54,98.21,93.97,95.75,96.65,97.43,94.92,96.31,97.09,97.82,10.91,5.55,3.73,2.25,0.901,29.85,30.24,35.48,1.421,0.09,29.1,7.4,21.93,4.08
liverag_doc_level,Edge-RAG,v5b,v5b_r3-5_c-1,0.65,"Schema 5b (High-Floor Safe [3,5], c=-1) (p=0.65)","r in [3,5], c=-1, p=0.65",895,96.2,96.87,97.77,98.21,94.41,95.87,96.87,97.43,95.31,96.37,97.32,97.82,10.95,5.55,3.74,2.25,0.9045,30.06,30.42,36.15,1.421,0.09,31.2,7.4,24.34,4.39
liverag_doc_level,Edge-RAG,v5b,v5b_r4-5_c-1,0.65,"Schema 5b (Heavy Booster [4,5], c=-1) (p=0.65)","r in [4,5], c=-1, p=0.65",895,95.87,96.76,97.65,98.1,94.08,95.87,96.76,97.32,94.97,96.31,97.21,97.71,10.92,5.55,3.74,2.25,0.8985,29.96,30.35,35.96,1.421,0.09,33.4,7.4,26.97,4.74
liverag_doc_level,Edge-RAG,v6a,v6a_n3_r2-5_c-1,0.65,"Schema 6a (Centrality Fixed 3x, [2,5], c=-1) (p=0.65)","centrality, n=3, r in [2,5], c=-1, p=0.65",895,96.2,97.32,97.77,98.21,94.41,96.31,96.87,97.32,95.31,96.82,97.32,97.77,10.95,5.58,3.74,2.25,0.8946,55.99,56.35,62.7,1.421,0.09,28.8,7.29,21.61,3.0
liverag_doc_level,Edge-RAG,v6a,v6a_n4_r2-5_c-1,0.65,"Schema 6a (Centrality Fixed 4x, [2,5], c=-1) (p=0.65)","centrality, n=4, r in [2,5], c=-1, p=0.65",895,96.42,97.21,97.88,98.21,94.75,96.2,96.98,97.32,95.59,96.7,97.43,97.77,10.98,5.57,3.74,2.25,0.9002,55.99,56.02,62.38,1.421,0.09,28.8,7.29,21.61,4.0
liverag_doc_level,Edge-RAG,v6b,v6b_r2-4_c-1,0.65,"Schema 6b (Centrality Low-Floor [2,4], c=-1) (p=0.65)","centrality, r in [2,4], c=-1, p=0.65",895,96.42,97.21,97.77,98.21,94.75,96.09,96.76,97.32,95.59,96.65,97.26,97.77,10.99,5.57,3.74,2.25,0.9084,55.91,56.12,62.15,1.421,0.09,24.6,7.29,16.89,3.39
liverag_doc_level,Edge-RAG,v6b,v6b_r3-5_c-1,0.65,"Schema 6b (Centrality High-Floor [3,5], c=-1) (p=0.65)","centrality, r in [3,5], c=-1, p=0.65",895,96.42,97.21,97.88,98.21,94.86,96.2,96.87,97.32,95.64,96.7,97.37,97.77,10.99,5.57,3.74,2.25,0.9096,56.25,56.23,62.36,1.421,0.09,30.8,7.29,24.01,4.39
liverag_doc_level,Edge-RAG,v6b,v6b_r4-5_c-1,0.65,"Schema 6b (Centrality Heavy Booster [4,5], c=-1) (p=0.65)","centrality, r in [4,5], c=-1, p=0.65",895,96.31,97.09,97.65,98.21,94.64,95.98,96.76,97.32,95.47,96.54,97.21,97.77,10.97,5.56,3.74,2.25,0.9039,55.99,56.23,62.79,1.421,0.09,33.0,7.29,26.56,4.74
liverag_doc_level,Edge-RAG,v6b,v6b_r2-5_c-1,0.65,"Schema 6b (Centrality Full Dynamic [2,5], c=-1) (p=0.65)","centrality, r in [2,5], c=-1, p=0.65",895,96.31,97.21,97.54,98.32,94.53,96.09,96.54,97.43,95.42,96.65,97.04,97.88,10.96,5.57,3.73,2.25,0.9072,56.3,56.64,63.24,1.421,0.09,28.8,7.29,21.61,4.08
liverag_doc_level,Edge-RAG,v1,v1_baseline,0.7,"Schema 1 Baseline (R=3, C_exp=2) (p=0.70)","R=3, C_exp=2, p=0.70",895,96.31,97.43,97.77,98.55,94.41,96.42,96.76,97.77,95.36,96.93,97.26,98.16,10.95,5.58,3.74,2.26,0.8974,30.0,30.32,35.57,1.421,0.09,23.8,7.86,15.56,3.0
liverag_doc_level,Edge-RAG,v5a,v5a_n3_r2-5_c-1,0.7,"Schema 5a (Fixed 3x, [2,5], c=-1) (p=0.70)","n=3, r in [2,5], c=-1, p=0.70",895,96.31,97.43,97.77,98.55,94.41,96.42,96.76,97.77,95.36,96.93,97.26,98.16,10.95,5.58,3.74,2.26,0.8974,29.95,30.29,36.0,1.421,0.09,23.8,7.86,15.56,3.0
liverag_doc_level,Edge-RAG,v5a,v5a_n4_r2-5_c-1,0.7,"Schema 5a (Fixed 4x, [2,5], c=-1) (p=0.70)","n=4, r in [2,5], c=-1, p=0.70",895,96.31,97.21,97.65,98.55,94.41,96.2,96.76,97.77,95.36,96.7,97.21,98.16,10.95,5.57,3.74,2.26,0.8992,30.04,30.4,36.4,1.421,0.09,23.8,7.86,15.56,3.0
liverag_doc_level,Edge-RAG,v5b,v5b_r2-5_c-1,0.7,"Schema 5b (Dynamic Contrast [2,5], c=-1) (p=0.70)","r in [2,5], c=-1, p=0.70",895,96.09,96.98,97.65,98.55,94.08,95.87,96.76,97.77,95.08,96.42,97.21,98.16,10.92,5.55,3.74,2.26,0.9043,30.17,30.86,36.55,1.421,0.09,30.4,7.86,22.9,4.02
liverag_doc_level,Edge-RAG,v5b,v5b_r3-5_c-1,0.7,"Schema 5b (High-Floor Safe [3,5], c=-1) (p=0.70)","r in [3,5], c=-1, p=0.70",895,96.42,96.98,97.99,98.44,94.75,95.98,97.09,97.65,95.59,96.48,97.54,98.04,10.98,5.55,3.75,2.26,0.9066,30.16,30.53,36.24,1.421,0.09,32.8,7.86,25.67,4.35
liverag_doc_level,Edge-RAG,v5b,v5b_r4-5_c-1,0.7,"Schema 5b (Heavy Booster [4,5], c=-1) (p=0.70)","r in [4,5], c=-1, p=0.70",895,96.09,97.09,97.77,98.55,94.19,96.2,96.87,97.77,95.14,96.65,97.32,98.16,10.93,5.56,3.74,2.26,0.902,30.15,30.59,36.66,1.421,0.09,35.1,7.86,28.45,4.7
liverag_doc_level,Edge-RAG,v6a,v6a_n3_r2-5_c-1,0.7,"Schema 6a (Centrality Fixed 3x, [2,5], c=-1) (p=0.70)","centrality, n=3, r in [2,5], c=-1, p=0.70",895,96.09,97.32,97.77,98.44,94.41,96.2,96.87,97.54,95.25,96.76,97.32,97.99,10.95,5.57,3.74,2.26,0.8945,56.41,56.54,63.27,1.421,0.09,30.1,7.75,22.59,3.0
liverag_doc_level,Edge-RAG,v6a,v6a_n4_r2-5_c-1,0.7,"Schema 6a (Centrality Fixed 4x, [2,5], c=-1) (p=0.70)","centrality, n=4, r in [2,5], c=-1, p=0.70",895,96.42,97.21,97.88,98.44,94.86,96.2,96.98,97.54,95.64,96.7,97.43,97.99,10.99,5.57,3.74,2.26,0.8997,56.24,56.35,62.87,1.421,0.09,30.1,7.75,22.59,4.0
liverag_doc_level,Edge-RAG,v6b,v6b_r2-4_c-1,0.7,"Schema 6b (Centrality Low-Floor [2,4], c=-1) (p=0.70)","centrality, r in [2,4], c=-1, p=0.70",895,96.42,97.21,97.77,98.55,94.75,96.09,96.76,97.65,95.59,96.65,97.26,98.1,10.99,5.57,3.74,2.26,0.9093,56.32,56.71,62.82,1.421,0.09,25.8,7.75,17.75,3.35
liverag_doc_level,Edge-RAG,v6b,v6b_r3-5_c-1,0.7,"Schema 6b (Centrality High-Floor [3,5], c=-1) (p=0.70)","centrality, r in [3,5], c=-1, p=0.70",895,96.42,97.09,97.99,98.44,94.97,96.09,96.98,97.54,95.7,96.59,97.49,97.99,11.01,5.56,3.74,2.26,0.9096,56.51,56.79,63.21,1.421,0.09,32.4,7.75,25.33,4.35
liverag_doc_level,Edge-RAG,v6b,v6b_r4-5_c-1,0.7,"Schema 6b (Centrality Heavy Booster [4,5], c=-1) (p=0.70)","centrality, r in [4,5], c=-1, p=0.70",895,96.2,97.21,97.65,98.55,94.53,96.09,96.76,97.65,95.36,96.65,97.21,98.1,10.96,5.57,3.74,2.26,0.9036,56.68,56.84,63.52,1.421,0.09,34.7,7.75,28.03,4.7
liverag_doc_level,Edge-RAG,v6b,v6b_r2-5_c-1,0.7,"Schema 6b (Centrality Full Dynamic [2,5], c=-1) (p=0.70)","centrality, r in [2,5], c=-1, p=0.70",895,96.2,97.09,97.54,98.55,94.53,95.98,96.54,97.65,95.36,96.54,97.04,98.1,10.96,5.56,3.73,2.26,0.9053,56.65,56.76,63.38,1.421,0.09,30.1,7.75,22.59,4.02
liverag_doc_level,Edge-RAG,v1,v1_baseline,0.75,"Schema 1 Baseline (R=3, C_exp=2) (p=0.75)","R=3, C_exp=2, p=0.75",895,96.42,97.43,98.1,98.77,94.64,96.31,97.09,97.99,95.53,96.87,97.6,98.38,10.97,5.58,3.75,2.27,0.8981,30.24,30.87,36.7,1.421,0.09,25.0,8.31,16.44,3.0
liverag_doc_level,Edge-RAG,v5a,v5a_n3_r2-5_c-1,0.75,"Schema 5a (Fixed 3x, [2,5], c=-1) (p=0.75)","n=3, r in [2,5], c=-1, p=0.75",895,96.42,97.43,98.1,98.77,94.64,96.31,97.09,97.99,95.53,96.87,97.6,98.38,10.97,5.58,3.75,2.27,0.8981,30.6,31.05,37.93,1.421,0.09,25.0,8.31,16.44,3.0
liverag_doc_level,Edge-RAG,v5a,v5a_n4_r2-5_c-1,0.75,"Schema 5a (Fixed 4x, [2,5], c=-1) (p=0.75)","n=4, r in [2,5], c=-1, p=0.75",895,96.54,97.21,97.99,98.77,94.75,96.09,96.98,97.99,95.64,96.65,97.49,98.38,10.98,5.56,3.74,2.27,0.9013,30.16,30.58,36.42,1.421,0.09,25.0,8.31,16.44,3.0
liverag_doc_level,Edge-RAG,v5b,v5b_r2-5_c-1,0.75,"Schema 5b (Dynamic Contrast [2,5], c=-1) (p=0.75)","r in [2,5], c=-1, p=0.75",895,96.2,97.21,97.65,98.77,94.41,96.09,96.87,97.99,95.31,96.65,97.26,98.38,10.95,5.56,3.74,2.27,0.9074,30.57,31.05,37.24,1.421,0.09,31.5,8.31,23.74,3.97
liverag_doc_level,Edge-RAG,v5b,v5b_r3-5_c-1,0.75,"Schema 5b (High-Floor Safe [3,5], c=-1) (p=0.75)","r in [3,5], c=-1, p=0.75",895,96.65,97.09,97.99,98.55,94.97,96.09,97.21,97.77,95.81,96.59,97.6,98.16,11.01,5.56,3.75,2.26,0.9087,30.49,31.1,37.02,1.421,0.09,34.2,8.31,26.85,4.32
liverag_doc_level,Edge-RAG,v5b,v5b_r4-5_c-1,0.75,"Schema 5b (Heavy Booster [4,5], c=-1) (p=0.75)","r in [4,5], c=-1, p=0.75",895,96.42,97.32,97.77,98.77,94.64,96.2,96.87,97.99,95.53,96.76,97.32,98.38,10.97,5.57,3.74,2.27,0.9037,30.6,31.01,37.3,1.421,0.09,36.6,8.31,29.82,4.68
liverag_doc_level,Edge-RAG,v6a,v6a_n3_r2-5_c-1,0.75,"Schema 6a (Centrality Fixed 3x, [2,5], c=-1) (p=0.75)","centrality, n=3, r in [2,5], c=-1, p=0.75",895,96.31,97.43,97.88,98.66,94.53,96.31,96.98,97.77,95.42,96.87,97.43,98.21,10.96,5.58,3.74,2.26,0.8948,56.78,56.98,64.04,1.421,0.09,31.2,8.18,23.41,3.0
liverag_doc_level,Edge-RAG,v6a,v6a_n4_r2-5_c-1,0.75,"Schema 6a (Centrality Fixed 4x, [2,5], c=-1) (p=0.75)","centrality, n=4, r in [2,5], c=-1, p=0.75",895,96.65,97.32,97.99,98.66,95.08,96.42,97.09,97.77,95.87,96.87,97.54,98.21,11.02,5.58,3.75,2.26,0.9007,56.4,56.58,63.44,1.421,0.09,31.2,8.18,23.41,4.0
liverag_doc_level,Edge-RAG,v6b,v6b_r2-4_c-1,0.75,"Schema 6b (Centrality Low-Floor [2,4], c=-1) (p=0.75)","centrality, r in [2,4], c=-1, p=0.75",895,96.54,97.21,97.99,98.66,94.86,96.09,97.09,97.77,95.7,96.65,97.54,98.21,11.01,5.57,3.75,2.26,0.9099,57.21,57.37,64.04,1.421,0.09,26.9,8.18,18.47,3.32
liverag_doc_level,Edge-RAG,v6b,v6b_r3-5_c-1,0.75,"Schema 6b (Centrality High-Floor [3,5], c=-1) (p=0.75)","centrality, r in [3,5], c=-1, p=0.75",895,96.65,97.09,98.21,98.55,94.97,96.09,97.32,97.65,95.81,96.59,97.77,98.1,11.02,5.56,3.75,2.26,0.9108,56.75,56.98,64.1,1.421,0.09,33.8,8.18,26.47,4.32
liverag_doc_level,Edge-RAG,v6b,v6b_r4-5_c-1,0.75,"Schema 6b (Centrality Heavy Booster [4,5], c=-1) (p=0.75)","centrality, r in [4,5], c=-1, p=0.75",895,96.42,97.32,97.77,98.77,94.75,96.2,96.87,97.88,95.59,96.76,97.32,98.32,10.98,5.58,3.74,2.26,0.9045,57.0,57.1,63.89,1.421,0.09,36.2,8.18,29.34,4.67
liverag_doc_level,Edge-RAG,v6b,v6b_r2-5_c-1,0.75,"Schema 6b (Centrality Full Dynamic [2,5], c=-1) (p=0.75)","centrality, r in [2,5], c=-1, p=0.75",895,96.31,97.21,97.54,98.77,94.64,96.09,96.65,97.88,95.47,96.65,97.09,98.32,10.97,5.57,3.73,2.26,0.9075,56.81,57.04,63.97,1.421,0.09,31.2,8.18,23.41,3.97
liverag_doc_level,Edge-RAG,v1,v1_baseline,0.8,"Schema 1 Baseline (R=3, C_exp=2) (p=0.80)","R=3, C_exp=2, p=0.80",895,96.31,97.54,98.1,98.44,94.64,96.54,97.21,97.77,95.47,97.04,97.65,98.1,10.97,5.59,3.75,2.26,0.8991,30.7,31.37,37.96,1.421,0.09,26.4,8.81,17.44,3.0
liverag_doc_level,Edge-RAG,v5a,v5a_n3_r2-5_c-1,0.8,"Schema 5a (Fixed 3x, [2,5], c=-1) (p=0.80)","n=3, r in [2,5], c=-1, p=0.80",895,96.31,97.54,98.1,98.44,94.64,96.54,97.21,97.77,95.47,97.04,97.65,98.1,10.97,5.59,3.75,2.26,0.8991,30.54,31.08,37.75,1.421,0.09,26.4,8.81,17.44,3.0
liverag_doc_level,Edge-RAG,v5a,v5a_n4_r2-5_c-1,0.8,"Schema 5a (Fixed 4x, [2,5], c=-1) (p=0.80)","n=4, r in [2,5], c=-1, p=0.80",895,96.54,97.32,97.88,98.44,94.86,96.2,96.98,97.77,95.7,96.76,97.43,98.1,10.99,5.58,3.74,2.26,0.9049,30.5,31.09,37.29,1.421,0.09,26.4,8.81,17.44,3.0
liverag_doc_level,Edge-RAG,v5b,v5b_r2-5_c-1,0.8,"Schema 5b (Dynamic Contrast [2,5], c=-1) (p=0.80)","r in [2,5], c=-1, p=0.80",895,96.09,97.21,97.77,98.66,94.64,96.2,96.87,97.99,95.36,96.7,97.32,98.32,10.96,5.57,3.74,2.27,0.9084,30.93,31.43,38.32,1.421,0.09,32.7,8.81,24.61,3.91
liverag_doc_level,Edge-RAG,v5b,v5b_r3-5_c-1,0.8,"Schema 5b (High-Floor Safe [3,5], c=-1) (p=0.80)","r in [3,5], c=-1, p=0.80",895,96.31,97.32,97.99,98.55,94.97,96.31,97.09,97.88,95.64,96.82,97.54,98.21,10.99,5.58,3.75,2.26,0.9096,30.99,31.64,38.14,1.421,0.09,35.6,8.81,28.11,4.28
liverag_doc_level,Edge-RAG,v5b,v5b_r4-5_c-1,0.8,"Schema 5b (Heavy Booster [4,5], c=-1) (p=0.80)","r in [4,5], c=-1, p=0.80",895,96.42,97.32,97.88,98.55,94.97,96.31,96.98,97.88,95.7,96.82,97.43,98.21,10.99,5.58,3.74,2.26,0.9074,31.08,31.53,38.02,1.421,0.09,38.3,8.81,31.34,4.64
liverag_doc_level,Edge-RAG,v6a,v6a_n3_r2-5_c-1,0.8,"Schema 6a (Centrality Fixed 3x, [2,5], c=-1) (p=0.80)","centrality, n=3, r in [2,5], c=-1, p=0.80",895,96.09,97.32,97.99,98.55,94.19,96.2,97.21,97.77,95.14,96.76,97.6,98.16,10.93,5.57,3.75,2.26,0.8952,57.0,57.3,64.82,1.421,0.09,32.4,8.68,24.31,3.0
liverag_doc_level,Edge-RAG,v6a,v6a_n4_r2-5_c-1,0.8,"Schema 6a (Centrality Fixed 4x, [2,5], c=-1) (p=0.80)","centrality, n=4, r in [2,5], c=-1, p=0.80",895,96.42,97.32,97.99,98.55,94.64,96.31,97.09,97.77,95.53,96.82,97.54,98.16,10.97,5.58,3.75,2.26,0.9009,57.06,57.29,64.74,1.421,0.09,32.4,8.68,24.31,4.0
liverag_doc_level,Edge-RAG,v6b,v6b_r2-4_c-1,0.8,"Schema 6b (Centrality Low-Floor [2,4], c=-1) (p=0.80)","centrality, r in [2,4], c=-1, p=0.80",895,96.42,97.43,98.1,98.44,94.86,96.31,97.21,97.65,95.64,96.87,97.65,98.04,11.01,5.58,3.75,2.26,0.9103,57.26,57.76,64.66,1.421,0.09,28.0,8.68,19.23,3.28
liverag_doc_level,Edge-RAG,v6b,v6b_r3-5_c-1,0.8,"Schema 6b (Centrality High-Floor [3,5], c=-1) (p=0.80)","centrality, r in [3,5], c=-1, p=0.80",895,96.42,97.32,98.1,98.55,95.08,96.31,97.21,97.77,95.75,96.82,97.65,98.16,11.01,5.58,3.75,2.26,0.9108,57.12,57.43,64.62,1.421,0.09,35.3,8.68,27.73,4.28
liverag_doc_level,Edge-RAG,v6b,v6b_r4-5_c-1,0.8,"Schema 6b (Centrality Heavy Booster [4,5], c=-1) (p=0.80)","centrality, r in [4,5], c=-1, p=0.80",895,96.54,97.43,97.88,98.55,94.97,96.31,96.98,97.77,95.75,96.87,97.43,98.16,10.99,5.58,3.74,2.26,0.907,57.34,57.7,65.25,1.421,0.09,37.9,8.68,30.89,4.64
liverag_doc_level,Edge-RAG,v6b,v6b_r2-5_c-1,0.8,"Schema 6b (Centrality Full Dynamic [2,5], c=-1) (p=0.80)","centrality, r in [2,5], c=-1, p=0.80",895,96.2,97.32,97.65,98.66,94.75,96.2,96.76,97.88,95.47,96.76,97.21,98.27,10.97,5.58,3.74,2.26,0.9081,57.12,57.43,64.58,1.421,0.09,32.4,8.68,24.31,3.91
liverag_doc_level,Edge-RAG,v1,v1_baseline,0.9,"Schema 1 Baseline (R=3, C_exp=2) (p=0.90)","R=3, C_exp=2, p=0.90",895,96.54,97.65,98.21,98.66,94.97,96.42,97.32,98.32,95.75,97.04,97.77,98.49,11.01,5.58,3.75,2.27,0.9067,31.61,32.37,39.38,1.421,0.09,29.1,9.88,19.57,3.0
liverag_doc_level,Edge-RAG,v5a,v5a_n3_r2-5_c-1,0.9,"Schema 5a (Fixed 3x, [2,5], c=-1) (p=0.90)","n=3, r in [2,5], c=-1, p=0.90",895,96.54,97.65,98.21,98.66,94.97,96.42,97.32,98.32,95.75,97.04,97.77,98.49,11.01,5.58,3.75,2.27,0.9067,31.51,31.95,38.87,1.421,0.09,29.1,9.88,19.57,3.0
liverag_doc_level,Edge-RAG,v5a,v5a_n4_r2-5_c-1,0.9,"Schema 5a (Fixed 4x, [2,5], c=-1) (p=0.90)","n=4, r in [2,5], c=-1, p=0.90",895,96.76,97.43,98.1,98.77,95.2,96.2,97.32,98.44,95.98,96.82,97.71,98.6,11.03,5.57,3.75,2.27,0.9106,31.57,32.12,39.3,1.421,0.09,29.1,9.88,19.57,3.0
liverag_doc_level,Edge-RAG,v5b,v5b_r2-5_c-1,0.9,"Schema 5b (Dynamic Contrast [2,5], c=-1) (p=0.90)","r in [2,5], c=-1, p=0.90",895,96.09,97.65,98.21,98.88,94.64,96.42,97.43,98.44,95.36,97.04,97.82,98.66,10.97,5.59,3.76,2.27,0.9118,31.76,32.52,39.98,1.421,0.09,34.9,9.88,26.17,3.75
liverag_doc_level,Edge-RAG,v5b,v5b_r3-5_c-1,0.9,"Schema 5b (High-Floor Safe [3,5], c=-1) (p=0.90)","r in [3,5], c=-1, p=0.90",895,96.65,97.54,98.21,98.77,95.2,96.42,97.43,98.32,95.92,96.98,97.82,98.55,11.03,5.58,3.75,2.27,0.9127,31.97,32.52,39.84,1.421,0.09,38.5,9.88,30.57,4.17
liverag_doc_level,Edge-RAG,v5b,v5b_r4-5_c-1,0.9,"Schema 5b (Heavy Booster [4,5], c=-1) (p=0.90)","r in [4,5], c=-1, p=0.90",895,96.54,97.54,98.44,98.77,95.08,96.54,97.65,98.32,95.81,97.04,98.04,98.55,11.02,5.59,3.77,2.27,0.9091,31.67,32.38,39.76,1.421,0.09,41.7,9.88,34.59,4.58
liverag_doc_level,Edge-RAG,v6a,v6a_n3_r2-5_c-1,0.9,"Schema 6a (Centrality Fixed 3x, [2,5], c=-1) (p=0.90)","centrality, n=3, r in [2,5], c=-1, p=0.90",895,96.31,97.54,98.32,98.77,94.75,96.31,97.43,98.21,95.53,96.93,97.88,98.49,10.98,5.58,3.75,2.27,0.8996,58.06,58.56,66.2,1.421,0.09,34.7,9.77,25.94,3.0
liverag_doc_level,Edge-RAG,v6a,v6a_n4_r2-5_c-1,0.9,"Schema 6a (Centrality Fixed 4x, [2,5], c=-1) (p=0.90)","centrality, n=4, r in [2,5], c=-1, p=0.90",895,96.42,97.65,98.21,98.77,94.86,96.42,97.32,98.32,95.64,97.04,97.77,98.55,10.99,5.58,3.75,2.27,0.9044,58.08,58.39,66.33,1.421,0.09,34.7,9.77,25.94,4.0
liverag_doc_level,Edge-RAG,v6b,v6b_r2-4_c-1,0.9,"Schema 6b (Centrality Low-Floor [2,4], c=-1) (p=0.90)","centrality, r in [2,4], c=-1, p=0.90",895,96.54,97.54,98.55,98.77,95.08,96.42,97.77,98.21,95.81,96.98,98.16,98.49,11.02,5.58,3.77,2.27,0.913,58.17,58.5,66.89,1.421,0.09,30.2,9.77,20.68,3.18
liverag_doc_level,Edge-RAG,v6b,v6b_r3-5_c-1,0.9,"Schema 6b (Centrality High-Floor [3,5], c=-1) (p=0.90)","centrality, r in [3,5], c=-1, p=0.90",895,96.65,97.43,98.21,98.77,95.2,96.31,97.32,98.21,95.92,96.87,97.77,98.49,11.03,5.58,3.75,2.27,0.9128,58.15,58.54,66.78,1.421,0.09,38.3,9.77,30.27,4.18
liverag_doc_level,Edge-RAG,v6b,v6b_r4-5_c-1,0.9,"Schema 6b (Centrality Heavy Booster [4,5], c=-1) (p=0.90)","centrality, r in [4,5], c=-1, p=0.90",895,96.54,97.43,98.32,98.77,95.08,96.42,97.43,98.21,95.81,96.93,97.88,98.49,11.02,5.58,3.76,2.27,0.91,57.8,58.37,66.3,1.421,0.09,41.5,9.77,34.24,4.58
liverag_doc_level,Edge-RAG,v6b,v6b_r2-5_c-1,0.9,"Schema 6b (Centrality Full Dynamic [2,5], c=-1) (p=0.90)","centrality, r in [2,5], c=-1, p=0.90",895,96.09,97.54,98.1,98.88,94.64,96.31,97.21,98.32,95.36,96.93,97.65,98.6,10.97,5.58,3.75,2.27,0.912,58.15,58.54,66.61,1.421,0.09,34.7,9.77,25.94,3.75
liverag_doc_level,Edge-RAG,v1,v1_baseline,1.0,"Schema 1 Baseline (R=3, C_exp=2) (p=1.00)","R=3, C_exp=2, p=1.00",895,96.65,97.65,98.1,98.66,95.08,96.54,97.21,98.32,95.87,97.09,97.65,98.49,11.02,5.59,3.75,2.27,0.9061,32.1,32.55,40.11,1.421,0.09,30.2,10.34,20.5,3.0
liverag_doc_level,Edge-RAG,v5a,v5a_n3_r2-5_c-1,1.0,"Schema 5a (Fixed 3x, [2,5], c=-1) (p=1.00)","n=3, r in [2,5], c=-1, p=1.00",895,96.65,97.65,98.1,98.66,95.08,96.54,97.21,98.32,95.87,97.09,97.65,98.49,11.02,5.59,3.75,2.27,0.9061,31.86,32.71,40.73,1.421,0.09,30.2,10.34,20.5,3.0
liverag_doc_level,Edge-RAG,v5a,v5a_n4_r2-5_c-1,1.0,"Schema 5a (Fixed 4x, [2,5], c=-1) (p=1.00)","n=4, r in [2,5], c=-1, p=1.00",895,96.65,97.43,98.1,98.77,95.08,96.31,97.21,98.44,95.87,96.87,97.65,98.6,11.02,5.58,3.75,2.27,0.9102,28.83,29.48,37.22,1.421,0.09,30.2,10.34,20.5,3.0
liverag_doc_level,Edge-RAG,v5b,v5b_r2-5_c-1,1.0,"Schema 5b (Dynamic Contrast [2,5], c=-1) (p=1.00)","r in [2,5], c=-1, p=1.00",895,96.2,97.43,98.32,98.88,94.75,96.31,97.43,98.44,95.47,96.87,97.88,98.66,10.98,5.58,3.76,2.27,0.9119,30.82,31.31,39.97,1.421,0.09,35.6,10.34,26.7,3.69
liverag_doc_level,Edge-RAG,v5b,v5b_r3-5_c-1,1.0,"Schema 5b (High-Floor Safe [3,5], c=-1) (p=1.00)","r in [3,5], c=-1, p=1.00",895,96.76,97.65,98.21,98.66,95.31,96.65,97.43,98.21,96.03,97.15,97.82,98.44,11.04,5.59,3.75,2.27,0.914,32.25,33.21,41.04,1.421,0.09,39.5,10.34,31.54,4.14
liverag_doc_level,Edge-RAG,v5b,v5b_r4-5_c-1,1.0,"Schema 5b (Heavy Booster [4,5], c=-1) (p=1.00)","r in [4,5], c=-1, p=1.00",895,96.31,97.65,98.44,98.66,94.86,96.65,97.54,98.21,95.59,97.15,97.99,98.44,10.99,5.59,3.76,2.27,0.909,30.75,31.45,39.33,1.421,0.09,43.0,10.34,35.99,4.56
liverag_doc_level,Edge-RAG,v6a,v6a_n3_r2-5_c-1,1.0,"Schema 6a (Centrality Fixed 3x, [2,5], c=-1) (p=1.00)","centrality, n=3, r in [2,5], c=-1, p=1.00",895,96.31,97.54,98.32,98.77,94.75,96.42,97.32,98.21,95.53,96.98,97.82,98.49,10.98,5.58,3.75,2.27,0.8994,57.59,57.84,67.19,1.421,0.09,35.5,10.26,26.48,3.0
liverag_doc_level,Edge-RAG,v6a,v6a_n4_r2-5_c-1,1.0,"Schema 6a (Centrality Fixed 4x, [2,5], c=-1) (p=1.00)","centrality, n=4, r in [2,5], c=-1, p=1.00",895,96.31,97.54,98.21,98.77,94.75,96.42,97.21,98.32,95.53,96.98,97.71,98.55,10.98,5.58,3.75,2.27,0.9054,58.2,58.79,67.26,1.421,0.09,35.5,10.26,26.48,4.0
liverag_doc_level,Edge-RAG,v6b,v6b_r2-4_c-1,1.0,"Schema 6b (Centrality Low-Floor [2,4], c=-1) (p=1.00)","centrality, r in [2,4], c=-1, p=1.00",895,96.42,97.54,98.55,98.77,94.97,96.54,97.65,98.21,95.7,97.04,98.1,98.49,11.01,5.59,3.77,2.27,0.9126,58.21,58.62,66.9,1.421,0.09,31.0,10.26,21.2,3.14
liverag_doc_level,Edge-RAG,v6b,v6b_r3-5_c-1,1.0,"Schema 6b (Centrality High-Floor [3,5], c=-1) (p=1.00)","centrality, r in [3,5], c=-1, p=1.00",895,96.76,97.54,98.21,98.66,95.31,96.54,97.32,98.1,96.03,97.04,97.77,98.38,11.04,5.59,3.75,2.27,0.9138,58.4,58.87,67.67,1.421,0.09,39.4,10.26,31.28,4.14
liverag_doc_level,Edge-RAG,v6b,v6b_r4-5_c-1,1.0,"Schema 6b (Centrality Heavy Booster [4,5], c=-1) (p=1.00)","centrality, r in [4,5], c=-1, p=1.00",895,96.31,97.54,98.32,98.66,94.86,96.54,97.32,98.1,95.59,97.04,97.82,98.38,10.99,5.59,3.75,2.27,0.9097,58.37,59.04,67.35,1.421,0.09,42.8,10.26,35.7,4.56
liverag_doc_level,Edge-RAG,v6b,v6b_r2-5_c-1,1.0,"Schema 6b (Centrality Full Dynamic [2,5], c=-1) (p=1.00)","centrality, r in [2,5], c=-1, p=1.00",895,96.2,97.32,98.21,98.88,94.75,96.2,97.21,98.32,95.47,96.76,97.71,98.6,10.98,5.57,3.75,2.27,0.9122,58.05,58.55,67.22,1.421,0.09,35.5,10.26,26.48,3.69
beir_scifact_doc_level,Baseline,BM25_Lucene,bm25_baseline,-,BM25 (Lucene Baseline),"k1=1.5, b=0.75",300,69.33,77.33,78.0,79.0,66.67,74.33,75.67,76.33,68.03,76.1,77.02,77.75,7.6,4.25,2.88,1.75,0.5381,0.23,0.25,0.48,0.921,0.0,12.5,0.0,0.0,0.0
beir_scifact_doc_level,Baseline,Dense_BGE_Small,dense_bge_small,-,Dense (bge-small-en-v1.5),"dim=384, cosine",300,85.0,88.0,90.33,93.0,82.67,86.33,89.33,92.0,83.96,87.3,89.93,92.5,9.47,4.93,3.4,2.1,0.6825,17.49,17.57,18.38,5.485,1.6,12.5,0.0,0.0,0.0
beir_scifact_doc_level,Baseline,Dense_BGE_Large,dense_bge_large,-,Dense (bge-large-en-v1.5),"dim=1024, cosine",300,88.0,92.33,93.67,94.67,86.33,91.33,93.33,94.33,87.32,91.99,93.5,94.5,9.93,5.22,3.54,2.15,0.7127,36.92,36.91,38.27,36.146,2.6,12.5,0.0,0.0,0.0
beir_scifact_doc_level,Baseline,SPLADE_v3,splade_v3,-,SPLADE-v3 (DistilBERT),"sparse neural, distilbert",300,82.33,85.67,86.67,88.67,79.33,82.67,84.0,87.33,80.89,84.29,85.52,88.2,9.1,4.75,3.22,2.01,0.6637,11.16,11.12,11.82,42.462,4.12,12.5,0.0,0.0,0.0
beir_scifact_doc_level,Edge-RAG,v1,v1_baseline,0.45,"Schema 1 Baseline (R=3, C_exp=2) (p=0.45)","R=3, C_exp=2, p=0.45",300,73.0,77.67,78.67,81.33,69.67,74.67,76.0,78.67,71.56,76.28,77.58,80.34,7.97,4.28,2.92,1.83,0.5558,31.49,31.8,37.79,0.743,0.09,15.3,5.54,11.07,3.0
beir_scifact_doc_level,Edge-RAG,v5a,v5a_n3_r2-5_c-1,0.45,"Schema 5a (Fixed 3x, [2,5], c=-1) (p=0.45)","n=3, r in [2,5], c=-1, p=0.45",300,73.0,77.67,78.67,81.33,69.67,74.67,76.0,78.67,71.56,76.28,77.58,80.34,7.97,4.28,2.92,1.83,0.5558,31.7,31.71,36.72,0.743,0.09,15.3,5.54,11.07,3.0
beir_scifact_doc_level,Edge-RAG,v5a,v5a_n4_r2-5_c-1,0.45,"Schema 5a (Fixed 4x, [2,5], c=-1) (p=0.45)","n=4, r in [2,5], c=-1, p=0.45",300,73.67,77.67,78.67,81.33,70.0,74.67,76.0,78.67,72.12,76.28,77.51,80.27,8.0,4.28,2.91,1.82,0.5552,31.45,31.63,36.94,0.743,0.09,15.3,5.54,11.07,3.0
beir_scifact_doc_level,Edge-RAG,v5b,v5b_r2-5_c-1,0.45,"Schema 5b (Dynamic Contrast [2,5], c=-1) (p=0.45)","r in [2,5], c=-1, p=0.45",300,74.0,77.67,80.0,81.0,71.0,75.0,77.33,78.67,72.79,76.54,78.78,79.99,8.1,4.28,2.94,1.81,0.5633,31.54,31.93,37.63,0.743,0.09,21.0,5.54,18.44,4.35
beir_scifact_doc_level,Edge-RAG,v5b,v5b_r3-5_c-1,0.45,"Schema 5b (High-Floor Safe [3,5], c=-1) (p=0.45)","r in [3,5], c=-1, p=0.45",300,74.0,77.67,79.67,81.33,70.33,75.33,77.0,78.67,72.39,76.71,78.44,80.27,8.07,4.3,2.93,1.82,0.5578,32.0,32.19,37.7,0.743,0.09,21.9,5.54,19.42,4.53
beir_scifact_doc_level,Edge-RAG,v5b,v5b_r4-5_c-1,0.45,"Schema 5b (Heavy Booster [4,5], c=-1) (p=0.45)","r in [4,5], c=-1, p=0.45",300,73.0,77.33,78.67,81.33,69.67,74.67,76.0,78.67,71.56,76.21,77.51,80.27,7.97,4.27,2.91,1.82,0.5594,31.38,31.56,37.52,0.743,0.09,23.5,5.54,21.49,4.89
beir_scifact_doc_level,Edge-RAG,v6a,v6a_n3_r2-5_c-1,0.45,"Schema 6a (Centrality Fixed 3x, [2,5], c=-1) (p=0.45)","centrality, n=3, r in [2,5], c=-1, p=0.45",300,73.0,77.33,79.33,80.67,69.0,73.67,76.0,78.0,71.18,75.7,77.83,79.49,7.83,4.23,2.92,1.81,0.555,58.63,58.52,64.76,0.743,0.09,19.9,5.24,17.64,3.0
beir_scifact_doc_level,Edge-RAG,v6a,v6a_n4_r2-5_c-1,0.45,"Schema 6a (Centrality Fixed 4x, [2,5], c=-1) (p=0.45)","centrality, n=4, r in [2,5], c=-1, p=0.45",300,73.67,77.33,79.0,81.0,69.33,73.67,75.67,78.33,71.74,75.77,77.57,79.83,7.93,4.25,2.92,1.81,0.5596,58.02,57.99,64.21,0.743,0.09,19.9,5.24,17.64,4.0
beir_scifact_doc_level,Edge-RAG,v6b,v6b_r2-4_c-1,0.45,"Schema 6b (Centrality Low-Floor [2,4], c=-1) (p=0.45)","centrality, r in [2,4], c=-1, p=0.45",300,74.33,77.33,80.0,80.67,70.0,74.0,76.67,78.0,72.41,75.93,78.44,79.49,8.0,4.27,2.94,1.81,0.5524,58.5,58.57,64.97,0.743,0.09,16.5,5.24,13.29,3.55
beir_scifact_doc_level,Edge-RAG,v6b,v6b_r3-5_c-1,0.45,"Schema 6b (Centrality High-Floor [3,5], c=-1) (p=0.45)","centrality, r in [3,5], c=-1, p=0.45",300,74.33,77.33,80.0,81.0,70.0,74.33,76.67,78.33,72.41,76.1,78.5,79.83,8.0,4.27,2.94,1.81,0.5567,58.23,58.24,64.43,0.743,0.09,20.6,5.24,18.52,4.55
beir_scifact_doc_level,Edge-RAG,v6b,v6b_r4-5_c-1,0.45,"Schema 6b (Centrality Heavy Booster [4,5], c=-1) (p=0.45)","centrality, r in [4,5], c=-1, p=0.45",300,73.0,77.33,79.0,81.0,69.0,73.67,75.67,78.33,71.24,75.77,77.57,79.83,7.87,4.25,2.92,1.81,0.5622,58.34,58.26,64.11,0.743,0.09,22.1,5.24,20.41,4.9
beir_scifact_doc_level,Edge-RAG,v6b,v6b_r2-5_c-1,0.45,"Schema 6b (Centrality Full Dynamic [2,5], c=-1) (p=0.45)","centrality, r in [2,5], c=-1, p=0.45",300,74.0,77.0,80.0,81.0,70.33,73.67,77.0,78.33,72.48,75.6,78.61,79.83,8.0,4.23,2.96,1.81,0.5544,58.29,58.5,63.77,0.743,0.09,19.9,5.24,17.64,4.38
beir_scifact_doc_level,Edge-RAG,v1,v1_baseline,0.5,"Schema 1 Baseline (R=3, C_exp=2) (p=0.50)","R=3, C_exp=2, p=0.50",300,74.67,79.33,80.0,81.67,70.67,75.67,77.0,79.0,72.95,77.72,78.86,80.67,8.1,4.38,2.99,1.84,0.5576,32.1,32.25,38.25,0.743,0.09,15.8,5.74,11.47,3.0
beir_scifact_doc_level,Edge-RAG,v5a,v5a_n3_r2-5_c-1,0.5,"Schema 5a (Fixed 3x, [2,5], c=-1) (p=0.50)","n=3, r in [2,5], c=-1, p=0.50",300,74.67,79.33,80.0,81.67,70.67,75.67,77.0,79.0,72.95,77.72,78.86,80.67,8.1,4.38,2.99,1.84,0.5576,31.77,31.96,38.23,0.743,0.09,15.8,5.74,11.47,3.0
beir_scifact_doc_level,Edge-RAG,v5a,v5a_n4_r2-5_c-1,0.5,"Schema 5a (Fixed 4x, [2,5], c=-1) (p=0.50)","n=4, r in [2,5], c=-1, p=0.50",300,75.0,79.33,80.0,81.67,71.33,75.67,77.0,79.0,73.45,77.72,78.79,80.61,8.13,4.38,2.98,1.83,0.5571,31.78,31.88,37.93,0.743,0.09,15.8,5.74,11.47,3.0
beir_scifact_doc_level,Edge-RAG,v5b,v5b_r2-5_c-1,0.5,"Schema 5b (Dynamic Contrast [2,5], c=-1) (p=0.50)","r in [2,5], c=-1, p=0.50",300,74.67,78.67,81.0,81.67,71.33,75.67,78.0,79.0,73.35,77.38,79.72,80.61,8.13,4.33,3.0,1.83,0.5658,31.72,32.13,37.8,0.743,0.09,21.6,5.74,18.91,4.33
beir_scifact_doc_level,Edge-RAG,v5b,v5b_r3-5_c-1,0.5,"Schema 5b (High-Floor Safe [3,5], c=-1) (p=0.50)","r in [3,5], c=-1, p=0.50",300,75.0,79.0,81.0,81.67,71.0,76.0,77.67,79.0,73.28,77.71,79.56,80.61,8.13,4.37,2.99,1.83,0.5601,31.77,31.92,37.94,0.743,0.09,22.5,5.74,20.02,4.52
beir_scifact_doc_level,Edge-RAG,v5b,v5b_r4-5_c-1,0.5,"Schema 5b (Heavy Booster [4,5], c=-1) (p=0.50)","r in [4,5], c=-1, p=0.50",300,74.33,79.0,80.0,81.67,70.67,75.67,77.0,79.0,72.78,77.54,78.79,80.61,8.07,4.35,2.98,1.83,0.5619,31.81,31.87,38.04,0.743,0.09,24.2,5.74,22.16,4.88
beir_scifact_doc_level,Edge-RAG,v6a,v6a_n3_r2-5_c-1,0.5,"Schema 6a (Centrality Fixed 3x, [2,5], c=-1) (p=0.50)","centrality, n=3, r in [2,5], c=-1, p=0.50",300,73.67,77.33,79.0,80.67,69.67,74.0,75.67,78.33,71.84,75.87,77.5,79.58,7.93,4.25,2.91,1.81,0.5598,58.38,58.52,65.05,0.743,0.09,20.4,5.39,18.04,3.0
beir_scifact_doc_level,Edge-RAG,v6a,v6a_n4_r2-5_c-1,0.5,"Schema 6a (Centrality Fixed 4x, [2,5], c=-1) (p=0.50)","centrality, n=4, r in [2,5], c=-1, p=0.50",300,74.0,77.33,79.0,81.0,70.0,74.0,75.67,78.67,72.24,75.93,77.57,79.91,8.0,4.27,2.92,1.82,0.5643,58.36,58.34,64.61,0.743,0.09,20.4,5.39,18.04,4.0
beir_scifact_doc_level,Edge-RAG,v6b,v6b_r2-4_c-1,0.5,"Schema 6b (Centrality Low-Floor [2,4], c=-1) (p=0.50)","centrality, r in [2,4], c=-1, p=0.50",300,75.33,77.33,79.67,80.67,71.0,74.33,76.67,78.33,73.41,76.1,78.28,79.58,8.13,4.28,2.94,1.81,0.5577,58.54,58.6,64.9,0.743,0.09,17.0,5.39,13.6,3.54
beir_scifact_doc_level,Edge-RAG,v6b,v6b_r3-5_c-1,0.5,"Schema 6b (Centrality High-Floor [3,5], c=-1) (p=0.50)","centrality, r in [3,5], c=-1, p=0.50",300,75.33,77.67,80.0,81.0,71.0,74.67,76.67,78.67,73.41,76.43,78.5,79.91,8.13,4.3,2.94,1.82,0.5614,57.65,58.43,64.51,0.743,0.09,21.2,5.39,18.99,4.54
beir_scifact_doc_level,Edge-RAG,v6b,v6b_r4-5_c-1,0.5,"Schema 6b (Centrality Heavy Booster [4,5], c=-1) (p=0.50)","centrality, r in [4,5], c=-1, p=0.50",300,73.67,77.33,79.0,81.0,69.67,74.0,75.67,78.67,71.91,75.93,77.57,79.91,7.97,4.27,2.92,1.82,0.5664,58.29,58.5,65.03,0.743,0.09,22.7,5.39,20.95,4.9
beir_scifact_doc_level,Edge-RAG,v6b,v6b_r2-5_c-1,0.5,"Schema 6b (Centrality Full Dynamic [2,5], c=-1) (p=0.50)","centrality, r in [2,5], c=-1, p=0.50",300,74.67,77.33,80.0,81.0,71.0,74.0,76.67,78.67,73.14,75.93,78.5,79.91,8.1,4.27,2.94,1.82,0.559,58.06,58.01,64.07,0.743,0.09,20.4,5.39,18.04,4.37
beir_scifact_doc_level,Edge-RAG,v1,v1_baseline,0.55,"Schema 1 Baseline (R=3, C_exp=2) (p=0.55)","R=3, C_exp=2, p=0.55",300,73.33,79.0,80.67,82.33,70.0,75.67,77.33,79.67,71.73,77.66,79.36,81.34,7.93,4.37,3.0,1.85,0.5638,32.83,33.12,39.5,0.743,0.09,17.7,6.44,12.88,3.0
beir_scifact_doc_level,Edge-RAG,v5a,v5a_n3_r2-5_c-1,0.55,"Schema 5a (Fixed 3x, [2,5], c=-1) (p=0.55)","n=3, r in [2,5], c=-1, p=0.55",300,73.33,79.0,80.67,82.33,70.0,75.67,77.33,79.67,71.73,77.66,79.36,81.34,7.93,4.37,3.0,1.85,0.5638,32.67,33.01,39.46,0.743,0.09,17.7,6.44,12.88,3.0
beir_scifact_doc_level,Edge-RAG,v5a,v5a_n4_r2-5_c-1,0.55,"Schema 5a (Fixed 4x, [2,5], c=-1) (p=0.55)","n=4, r in [2,5], c=-1, p=0.55",300,74.67,78.67,80.67,82.0,71.67,75.67,77.33,79.33,73.31,77.29,79.29,80.94,8.1,4.32,2.99,1.84,0.5659,32.47,32.92,39.23,0.743,0.09,17.7,6.44,12.88,3.0
beir_scifact_doc_level,Edge-RAG,v5b,v5b_r2-5_c-1,0.55,"Schema 5b (Dynamic Contrast [2,5], c=-1) (p=0.55)","r in [2,5], c=-1, p=0.55",300,74.67,78.33,81.0,82.33,71.67,75.33,78.33,79.67,73.31,77.04,79.99,81.21,8.1,4.32,3.0,1.84,0.5756,32.87,33.22,40.27,0.743,0.09,23.6,6.44,20.6,4.23
beir_scifact_doc_level,Edge-RAG,v5b,v5b_r3-5_c-1,0.55,"Schema 5b (High-Floor Safe [3,5], c=-1) (p=0.55)","r in [3,5], c=-1, p=0.55",300,75.67,79.0,80.67,82.33,72.0,76.0,77.67,79.67,74.03,77.71,79.49,81.21,8.17,4.35,2.98,1.84,0.5756,33.12,33.37,39.83,0.743,0.09,24.9,6.44,22.15,4.46
beir_scifact_doc_level,Edge-RAG,v5b,v5b_r4-5_c-1,0.55,"Schema 5b (Heavy Booster [4,5], c=-1) (p=0.55)","r in [4,5], c=-1, p=0.55",300,74.67,79.0,80.67,82.33,71.67,75.67,77.33,79.67,73.31,77.54,79.22,81.27,8.1,4.33,2.98,1.85,0.5738,32.99,33.4,39.96,0.743,0.09,26.8,6.44,24.54,4.83
beir_scifact_doc_level,Edge-RAG,v6a,v6a_n3_r2-5_c-1,0.55,"Schema 6a (Centrality Fixed 3x, [2,5], c=-1) (p=0.55)","centrality, n=3, r in [2,5], c=-1, p=0.55",300,75.0,78.33,80.0,81.67,71.67,75.0,77.33,79.33,73.53,76.88,78.88,80.76,8.2,4.32,2.96,1.85,0.5668,58.85,59.24,66.06,0.743,0.09,22.4,6.03,19.67,3.0
beir_scifact_doc_level,Edge-RAG,v6a,v6a_n4_r2-5_c-1,0.55,"Schema 6a (Centrality Fixed 4x, [2,5], c=-1) (p=0.55)","centrality, n=4, r in [2,5], c=-1, p=0.55",300,75.0,78.33,80.33,81.67,71.67,75.33,77.33,79.33,73.53,77.04,79.01,80.69,8.2,4.33,2.98,1.84,0.5733,59.01,59.68,66.13,0.743,0.09,22.4,6.03,19.67,4.0
beir_scifact_doc_level,Edge-RAG,v6b,v6b_r2-4_c-1,0.55,"Schema 6b (Centrality Low-Floor [2,4], c=-1) (p=0.55)","centrality, r in [2,4], c=-1, p=0.55",300,75.67,79.0,80.33,82.0,72.0,76.33,77.67,79.67,74.1,77.88,79.21,81.09,8.3,4.38,2.97,1.85,0.5685,58.82,58.85,65.19,0.743,0.09,18.7,6.03,14.91,3.49
beir_scifact_doc_level,Edge-RAG,v6b,v6b_r3-5_c-1,0.55,"Schema 6b (Centrality High-Floor [3,5], c=-1) (p=0.55)","centrality, r in [3,5], c=-1, p=0.55",300,76.0,78.67,80.33,82.0,72.33,76.0,77.67,79.67,74.37,77.54,79.21,80.96,8.3,4.35,2.97,1.84,0.574,58.61,58.91,65.39,0.743,0.09,23.4,6.03,20.93,4.49
beir_scifact_doc_level,Edge-RAG,v6b,v6b_r4-5_c-1,0.55,"Schema 6b (Centrality Heavy Booster [4,5], c=-1) (p=0.55)","centrality, r in [4,5], c=-1, p=0.55",300,75.0,78.0,80.33,82.0,71.67,75.0,77.33,79.67,73.53,76.71,78.94,81.02,8.2,4.3,2.97,1.85,0.5751,58.93,59.21,65.66,0.743,0.09,25.2,6.03,23.19,4.86
beir_scifact_doc_level,Edge-RAG,v6b,v6b_r2-5_c-1,0.55,"Schema 6b (Centrality Full Dynamic [2,5], c=-1) (p=0.55)","centrality, r in [2,5], c=-1, p=0.55",300,75.0,78.0,80.67,82.0,71.67,75.0,78.0,79.33,73.6,76.71,79.54,80.76,8.23,4.32,2.98,1.83,0.5694,59.0,59.15,66.28,0.743,0.09,22.4,6.03,19.67,4.29
beir_scifact_doc_level,Edge-RAG,v1,v1_baseline,0.6,"Schema 1 Baseline (R=3, C_exp=2) (p=0.60)","R=3, C_exp=2, p=0.60",300,73.0,79.0,80.33,82.0,69.67,75.33,77.0,79.33,71.18,77.42,79.02,81.01,7.87,4.33,2.99,1.85,0.5669,33.18,33.35,39.48,0.743,0.09,18.7,6.83,13.66,3.0
beir_scifact_doc_level,Edge-RAG,v5a,v5a_n3_r2-5_c-1,0.6,"Schema 5a (Fixed 3x, [2,5], c=-1) (p=0.60)","n=3, r in [2,5], c=-1, p=0.60",300,73.0,79.0,80.33,82.0,69.67,75.33,77.0,79.33,71.18,77.42,79.02,81.01,7.87,4.33,2.99,1.85,0.5669,32.99,33.42,41.01,0.743,0.09,18.7,6.83,13.66,3.0
beir_scifact_doc_level,Edge-RAG,v5a,v5a_n4_r2-5_c-1,0.6,"Schema 5a (Fixed 4x, [2,5], c=-1) (p=0.60)","n=4, r in [2,5], c=-1, p=0.60",300,74.67,78.67,80.33,82.33,71.67,75.33,77.0,79.67,73.16,77.13,78.96,81.27,8.1,4.3,2.98,1.85,0.5705,33.08,33.49,40.18,0.743,0.09,18.7,6.83,13.66,3.0
beir_scifact_doc_level,Edge-RAG,v5b,v5b_r2-5_c-1,0.6,"Schema 5b (Dynamic Contrast [2,5], c=-1) (p=0.60)","r in [2,5], c=-1, p=0.60",300,75.0,79.0,81.0,82.33,72.0,76.0,78.33,79.67,73.56,77.71,79.99,81.21,8.17,4.35,3.0,1.84,0.5765,33.27,33.7,40.89,0.743,0.09,24.7,6.83,21.49,4.18
beir_scifact_doc_level,Edge-RAG,v5b,v5b_r3-5_c-1,0.6,"Schema 5b (High-Floor Safe [3,5], c=-1) (p=0.60)","r in [3,5], c=-1, p=0.60",300,75.67,79.33,80.67,83.0,72.0,76.33,77.67,80.33,73.95,78.04,79.49,81.87,8.2,4.37,2.98,1.85,0.5814,33.28,34.31,40.78,0.743,0.09,26.2,6.83,23.28,4.43
beir_scifact_doc_level,Edge-RAG,v5b,v5b_r4-5_c-1,0.6,"Schema 5b (Heavy Booster [4,5], c=-1) (p=0.60)","r in [4,5], c=-1, p=0.60",300,74.67,79.33,80.67,82.33,71.33,76.0,77.33,79.67,72.99,77.88,79.22,81.27,8.07,4.35,2.98,1.85,0.5767,33.37,33.78,40.77,0.743,0.09,28.2,6.83,25.84,4.8
beir_scifact_doc_level,Edge-RAG,v6a,v6a_n3_r2-5_c-1,0.6,"Schema 6a (Centrality Fixed 3x, [2,5], c=-1) (p=0.60)","centrality, n=3, r in [2,5], c=-1, p=0.60",300,74.33,78.33,79.67,81.67,70.67,75.0,77.0,79.33,72.57,76.81,78.54,80.76,8.03,4.3,2.94,1.85,0.5738,59.58,59.63,66.33,0.743,0.09,23.5,6.41,20.56,3.0
beir_scifact_doc_level,Edge-RAG,v6a,v6a_n4_r2-5_c-1,0.6,"Schema 6a (Centrality Fixed 4x, [2,5], c=-1) (p=0.60)","centrality, n=4, r in [2,5], c=-1, p=0.60",300,74.67,78.67,80.0,81.67,71.0,75.67,77.0,79.33,72.9,77.31,78.68,80.69,8.07,4.33,2.97,1.84,0.5784,59.01,59.23,66.96,0.743,0.09,23.5,6.41,20.56,4.0
beir_scifact_doc_level,Edge-RAG,v6b,v6b_r2-4_c-1,0.6,"Schema 6b (Centrality Low-Floor [2,4], c=-1) (p=0.60)","centrality, r in [2,4], c=-1, p=0.60",300,75.67,79.33,80.33,82.0,71.67,76.67,77.67,79.67,73.87,78.21,79.21,81.09,8.23,4.4,2.97,1.85,0.5705,59.41,59.6,66.46,0.743,0.09,19.7,6.41,15.66,3.46
beir_scifact_doc_level,Edge-RAG,v6b,v6b_r3-5_c-1,0.6,"Schema 6b (Centrality High-Floor [3,5], c=-1) (p=0.60)","centrality, r in [3,5], c=-1, p=0.60",300,75.67,79.0,80.33,82.0,71.67,76.33,77.67,79.67,73.87,77.88,79.21,80.96,8.23,4.37,2.97,1.84,0.5752,59.83,60.03,68.25,0.743,0.09,24.7,6.41,22.06,4.46
beir_scifact_doc_level,Edge-RAG,v6b,v6b_r4-5_c-1,0.6,"Schema 6b (Centrality Heavy Booster [4,5], c=-1) (p=0.60)","centrality, r in [4,5], c=-1, p=0.60",300,75.0,78.33,79.67,82.0,71.33,75.33,76.67,79.67,73.37,77.04,78.28,81.02,8.17,4.32,2.94,1.85,0.5766,59.39,59.63,66.87,0.743,0.09,26.6,6.41,24.46,4.83
beir_scifact_doc_level,Edge-RAG,v6b,v6b_r2-5_c-1,0.6,"Schema 6b (Centrality Full Dynamic [2,5], c=-1) (p=0.60)","centrality, r in [2,5], c=-1, p=0.60",300,74.67,78.67,80.0,82.0,71.0,75.67,77.33,79.33,73.03,77.38,78.88,80.76,8.13,4.35,2.96,1.83,0.5728,59.64,59.72,67.08,0.743,0.09,23.5,6.41,20.56,4.24
beir_scifact_doc_level,Edge-RAG,v1,v1_baseline,0.65,"Schema 1 Baseline (R=3, C_exp=2) (p=0.65)","R=3, C_exp=2, p=0.65",300,75.33,78.67,81.0,82.33,71.33,75.33,78.0,79.67,73.26,77.26,79.71,81.34,8.13,4.33,3.01,1.85,0.5771,34.08,34.39,42.08,0.743,0.09,20.2,7.39,14.77,3.0
beir_scifact_doc_level,Edge-RAG,v5a,v5a_n3_r2-5_c-1,0.65,"Schema 5a (Fixed 3x, [2,5], c=-1) (p=0.65)","n=3, r in [2,5], c=-1, p=0.65",300,75.33,78.67,81.0,82.33,71.33,75.33,78.0,79.67,73.26,77.26,79.71,81.34,8.13,4.33,3.01,1.85,0.5771,34.14,34.95,42.31,0.743,0.09,20.2,7.39,14.77,3.0
beir_scifact_doc_level,Edge-RAG,v5a,v5a_n4_r2-5_c-1,0.65,"Schema 5a (Fixed 4x, [2,5], c=-1) (p=0.65)","n=4, r in [2,5], c=-1, p=0.65",300,76.0,80.0,81.33,82.67,72.0,77.0,78.33,80.0,73.98,78.48,80.04,81.61,8.2,4.38,3.02,1.85,0.5782,34.29,34.58,42.03,0.743,0.09,20.2,7.39,14.77,3.0
beir_scifact_doc_level,Edge-RAG,v5b,v5b_r2-5_c-1,0.65,"Schema 5b (Dynamic Contrast [2,5], c=-1) (p=0.65)","r in [2,5], c=-1, p=0.65",300,76.33,81.0,81.33,82.33,73.33,78.0,79.0,79.67,74.89,79.71,80.29,81.21,8.33,4.47,3.01,1.84,0.5756,34.16,34.6,41.49,0.743,0.09,26.2,7.39,22.7,4.11
beir_scifact_doc_level,Edge-RAG,v5b,v5b_r3-5_c-1,0.65,"Schema 5b (High-Floor Safe [3,5], c=-1) (p=0.65)","r in [3,5], c=-1, p=0.65",300,76.67,80.67,81.33,83.0,72.67,77.67,79.0,80.33,74.78,79.38,80.41,81.87,8.3,4.45,3.02,1.85,0.5789,34.03,34.5,41.35,0.743,0.09,28.1,7.39,24.87,4.39
beir_scifact_doc_level,Edge-RAG,v5b,v5b_r4-5_c-1,0.65,"Schema 5b (Heavy Booster [4,5], c=-1) (p=0.65)","r in [4,5], c=-1, p=0.65",300,75.67,80.33,81.33,82.33,71.67,77.0,78.67,79.67,73.66,78.81,80.14,81.27,8.2,4.4,3.02,1.85,0.5824,34.06,34.27,41.87,0.743,0.09,30.2,7.39,27.61,4.76
beir_scifact_doc_level,Edge-RAG,v6a,v6a_n3_r2-5_c-1,0.65,"Schema 6a (Centrality Fixed 3x, [2,5], c=-1) (p=0.65)","centrality, n=3, r in [2,5], c=-1, p=0.65",300,76.0,79.33,80.67,82.67,71.67,76.0,78.0,80.0,73.82,77.92,79.57,81.67,8.17,4.37,2.99,1.86,0.5774,60.42,60.52,67.39,0.743,0.09,24.9,6.9,21.69,3.0
beir_scifact_doc_level,Edge-RAG,v6a,v6a_n4_r2-5_c-1,0.65,"Schema 6a (Centrality Fixed 4x, [2,5], c=-1) (p=0.65)","centrality, n=4, r in [2,5], c=-1, p=0.65",300,76.33,79.67,81.0,82.67,72.0,76.33,78.0,80.0,74.15,78.26,79.71,81.61,8.2,4.38,3.01,1.85,0.5818,60.25,60.46,67.52,0.743,0.09,24.9,6.9,21.69,4.0
beir_scifact_doc_level,Edge-RAG,v6b,v6b_r2-4_c-1,0.65,"Schema 6b (Centrality Low-Floor [2,4], c=-1) (p=0.65)","centrality, r in [2,4], c=-1, p=0.65",300,76.33,80.33,80.67,82.67,72.33,77.67,78.33,80.33,74.45,79.21,79.74,81.76,8.27,4.45,3.0,1.87,0.5759,60.31,61.28,69.03,0.743,0.09,21.0,6.9,16.62,3.43
beir_scifact_doc_level,Edge-RAG,v6b,v6b_r3-5_c-1,0.65,"Schema 6b (Centrality High-Floor [3,5], c=-1) (p=0.65)","centrality, r in [3,5], c=-1, p=0.65",300,76.33,80.33,81.0,82.67,72.33,77.33,78.67,80.0,74.45,79.04,80.07,81.54,8.27,4.43,3.01,1.85,0.5811,59.96,60.06,67.61,0.743,0.09,26.4,6.9,23.52,4.43
beir_scifact_doc_level,Edge-RAG,v6b,v6b_r4-5_c-1,0.65,"Schema 6b (Centrality Heavy Booster [4,5], c=-1) (p=0.65)","centrality, r in [4,5], c=-1, p=0.65",300,76.0,80.0,80.67,82.67,71.67,76.67,78.0,80.0,73.95,78.54,79.47,81.61,8.23,4.4,3.0,1.85,0.5811,60.11,60.27,68.41,0.743,0.09,28.4,6.9,26.07,4.79
beir_scifact_doc_level,Edge-RAG,v6b,v6b_r2-5_c-1,0.65,"Schema 6b (Centrality Full Dynamic [2,5], c=-1) (p=0.65)","centrality, r in [2,5], c=-1, p=0.65",300,76.33,80.0,80.67,82.67,72.67,77.0,78.33,80.0,74.62,78.71,79.74,81.54,8.27,4.42,3.0,1.85,0.58,60.17,60.53,68.28,0.743,0.09,24.9,6.9,21.69,4.17
beir_scifact_doc_level,Edge-RAG,v1,v1_baseline,0.7,"Schema 1 Baseline (R=3, C_exp=2) (p=0.70)","R=3, C_exp=2, p=0.70",300,76.33,79.0,81.33,82.0,72.0,75.0,78.0,79.67,73.99,77.21,79.87,81.07,8.23,4.35,3.01,1.85,0.579,34.44,34.7,42.75,0.743,0.09,21.2,7.76,15.51,3.0
beir_scifact_doc_level,Edge-RAG,v5a,v5a_n3_r2-5_c-1,0.7,"Schema 5a (Fixed 3x, [2,5], c=-1) (p=0.70)","n=3, r in [2,5], c=-1, p=0.70",300,76.33,79.0,81.33,82.0,72.0,75.0,78.0,79.67,73.99,77.21,79.87,81.07,8.23,4.35,3.01,1.85,0.579,34.38,34.76,42.35,0.743,0.09,21.2,7.76,15.51,3.0
beir_scifact_doc_level,Edge-RAG,v5a,v5a_n4_r2-5_c-1,0.7,"Schema 5a (Fixed 4x, [2,5], c=-1) (p=0.70)","n=4, r in [2,5], c=-1, p=0.70",300,77.0,80.33,81.67,82.33,72.67,76.67,78.67,80.0,74.72,78.44,80.44,81.42,8.3,4.4,3.04,1.86,0.577,34.44,34.79,42.64,0.743,0.09,21.2,7.76,15.51,3.0
beir_scifact_doc_level,Edge-RAG,v5b,v5b_r2-5_c-1,0.7,"Schema 5b (Dynamic Contrast [2,5], c=-1) (p=0.70)","r in [2,5], c=-1, p=0.70",300,76.33,81.67,82.0,82.0,73.0,78.0,79.33,79.33,74.63,79.94,80.83,81.01,8.33,4.48,3.06,1.85,0.5763,34.65,35.63,43.05,0.743,0.09,27.2,7.76,23.46,4.05
beir_scifact_doc_level,Edge-RAG,v5b,v5b_r3-5_c-1,0.7,"Schema 5b (High-Floor Safe [3,5], c=-1) (p=0.70)","r in [3,5], c=-1, p=0.70",300,77.33,81.0,82.0,82.67,73.33,77.67,79.33,80.0,75.29,79.44,80.94,81.61,8.4,4.47,3.07,1.85,0.5797,34.62,35.1,43.6,0.743,0.09,29.3,7.76,25.9,4.36
beir_scifact_doc_level,Edge-RAG,v5b,v5b_r4-5_c-1,0.7,"Schema 5b (Heavy Booster [4,5], c=-1) (p=0.70)","r in [4,5], c=-1, p=0.70",300,76.33,80.67,81.67,82.0,72.0,76.67,78.67,79.33,74.06,78.71,80.44,81.01,8.27,4.4,3.04,1.85,0.5816,34.42,34.97,42.98,0.743,0.09,31.5,7.76,28.79,4.73
beir_scifact_doc_level,Edge-RAG,v6a,v6a_n3_r2-5_c-1,0.7,"Schema 6a (Centrality Fixed 3x, [2,5], c=-1) (p=0.70)","centrality, n=3, r in [2,5], c=-1, p=0.70",300,76.33,79.33,81.0,81.67,71.67,75.33,78.0,79.0,73.88,77.56,79.77,80.61,8.2,4.37,3.02,1.83,0.5785,60.47,60.53,68.63,0.743,0.09,26.1,7.32,22.6,3.0
beir_scifact_doc_level,Edge-RAG,v6a,v6a_n4_r2-5_c-1,0.7,"Schema 6a (Centrality Fixed 4x, [2,5], c=-1) (p=0.70)","centrality, n=4, r in [2,5], c=-1, p=0.70",300,77.0,79.67,81.0,81.67,72.33,75.67,78.0,79.0,74.55,77.82,79.77,80.67,8.27,4.37,3.02,1.84,0.5799,60.81,61.0,69.29,0.743,0.09,26.1,7.32,22.6,4.0
beir_scifact_doc_level,Edge-RAG,v6b,v6b_r2-4_c-1,0.7,"Schema 6b (Centrality Low-Floor [2,4], c=-1) (p=0.70)","centrality, r in [2,4], c=-1, p=0.70",300,77.0,80.0,81.0,82.0,72.67,76.67,78.33,79.67,74.78,78.58,79.94,81.02,8.3,4.45,3.03,1.85,0.5697,60.9,61.06,69.22,0.743,0.09,22.1,7.32,17.41,3.39
beir_scifact_doc_level,Edge-RAG,v6b,v6b_r3-5_c-1,0.7,"Schema 6b (Centrality High-Floor [3,5], c=-1) (p=0.70)","centrality, r in [3,5], c=-1, p=0.70",300,77.0,80.33,81.33,82.0,72.67,77.0,78.67,79.33,74.85,78.78,80.27,80.94,8.33,4.43,3.04,1.84,0.577,61.33,61.33,69.09,0.743,0.09,27.8,7.32,24.73,4.39
beir_scifact_doc_level,Edge-RAG,v6b,v6b_r4-5_c-1,0.7,"Schema 6b (Centrality Heavy Booster [4,5], c=-1) (p=0.70)","centrality, r in [4,5], c=-1, p=0.70",300,76.33,80.33,81.0,82.0,72.0,76.67,78.0,79.33,74.06,78.61,79.77,81.01,8.27,4.42,3.02,1.85,0.5816,60.92,61.43,69.42,0.743,0.09,29.9,7.32,27.42,4.76
beir_scifact_doc_level,Edge-RAG,v6b,v6b_r2-5_c-1,0.7,"Schema 6b (Centrality Full Dynamic [2,5], c=-1) (p=0.70)","centrality, r in [2,5], c=-1, p=0.70",300,76.67,80.67,81.33,82.0,73.0,77.0,78.67,79.33,74.79,78.94,80.27,81.01,8.33,4.43,3.04,1.85,0.5783,60.69,61.62,69.58,0.743,0.09,26.1,7.32,22.6,4.11
beir_scifact_doc_level,Edge-RAG,v1,v1_baseline,0.75,"Schema 1 Baseline (R=3, C_exp=2) (p=0.75)","R=3, C_exp=2, p=0.75",300,76.33,78.67,81.33,82.33,71.67,74.33,78.0,80.0,73.83,76.71,79.87,81.41,8.2,4.32,3.01,1.86,0.5841,35.21,35.59,44.4,0.743,0.09,22.2,8.13,16.26,3.0
beir_scifact_doc_level,Edge-RAG,v5a,v5a_n3_r2-5_c-1,0.75,"Schema 5a (Fixed 3x, [2,5], c=-1) (p=0.75)","n=3, r in [2,5], c=-1, p=0.75",300,76.33,78.67,81.33,82.33,71.67,74.33,78.0,80.0,73.83,76.71,79.87,81.41,8.2,4.32,3.01,1.86,0.5841,35.14,35.45,43.36,0.743,0.09,22.2,8.13,16.26,3.0
beir_scifact_doc_level,Edge-RAG,v5a,v5a_n4_r2-5_c-1,0.75,"Schema 5a (Fixed 4x, [2,5], c=-1) (p=0.75)","n=4, r in [2,5], c=-1, p=0.75",300,76.67,79.0,81.67,82.33,72.0,75.0,78.67,80.0,74.22,77.03,80.44,81.42,8.23,4.32,3.04,1.86,0.5817,34.88,35.41,43.78,0.743,0.09,22.2,8.13,16.26,3.0
beir_scifact_doc_level,Edge-RAG,v5b,v5b_r2-5_c-1,0.75,"Schema 5b (Dynamic Contrast [2,5], c=-1) (p=0.75)","r in [2,5], c=-1, p=0.75",300,76.0,81.67,82.0,82.33,72.0,78.0,79.0,79.67,73.96,79.94,80.74,81.34,8.23,4.48,3.04,1.85,0.5782,35.37,35.71,44.08,0.743,0.09,28.1,8.13,24.16,4.01
beir_scifact_doc_level,Edge-RAG,v5b,v5b_r3-5_c-1,0.75,"Schema 5b (High-Floor Safe [3,5], c=-1) (p=0.75)","r in [3,5], c=-1, p=0.75",300,77.33,81.0,82.0,82.67,73.33,77.67,79.33,80.0,75.29,79.44,80.94,81.61,8.4,4.47,3.07,1.85,0.5909,35.23,35.72,43.63,0.743,0.09,30.4,8.13,26.87,4.33
beir_scifact_doc_level,Edge-RAG,v5b,v5b_r4-5_c-1,0.75,"Schema 5b (Heavy Booster [4,5], c=-1) (p=0.75)","r in [4,5], c=-1, p=0.75",300,77.0,80.0,81.67,82.0,72.67,76.0,78.67,79.33,74.73,78.04,80.44,81.01,8.33,4.37,3.04,1.85,0.5879,35.35,36.37,43.98,0.743,0.09,32.7,8.13,29.94,4.7
beir_scifact_doc_level,Edge-RAG,v6a,v6a_n3_r2-5_c-1,0.75,"Schema 6a (Centrality Fixed 3x, [2,5], c=-1) (p=0.75)","centrality, n=3, r in [2,5], c=-1, p=0.75",300,75.67,78.67,81.0,81.67,70.67,74.67,78.0,79.0,73.05,76.81,79.77,80.61,8.1,4.33,3.02,1.83,0.5772,61.3,61.46,69.23,0.743,0.09,27.0,7.67,23.32,3.0
beir_scifact_doc_level,Edge-RAG,v6a,v6a_n4_r2-5_c-1,0.75,"Schema 6a (Centrality Fixed 4x, [2,5], c=-1) (p=0.75)","centrality, n=4, r in [2,5], c=-1, p=0.75",300,76.0,79.33,81.0,81.67,71.33,75.67,78.0,79.0,73.55,77.57,79.77,80.67,8.17,4.37,3.02,1.84,0.5788,61.19,61.61,70.38,0.743,0.09,27.0,7.67,23.32,4.0
beir_scifact_doc_level,Edge-RAG,v6b,v6b_r2-4_c-1,0.75,"Schema 6b (Centrality Low-Floor [2,4], c=-1) (p=0.75)","centrality, r in [2,4], c=-1, p=0.75",300,76.67,80.33,81.33,82.0,72.33,76.67,78.67,79.67,74.45,78.74,80.27,81.02,8.27,4.45,3.04,1.85,0.5718,61.37,61.61,70.27,0.743,0.09,23.0,7.67,18.05,3.37
beir_scifact_doc_level,Edge-RAG,v6b,v6b_r3-5_c-1,0.75,"Schema 6b (Centrality High-Floor [3,5], c=-1) (p=0.75)","centrality, r in [3,5], c=-1, p=0.75",300,77.0,80.33,81.33,82.0,72.67,77.33,78.67,79.33,74.85,78.86,80.27,80.94,8.33,4.45,3.04,1.84,0.5832,61.56,61.57,69.53,0.743,0.09,29.0,7.67,25.72,4.37
beir_scifact_doc_level,Edge-RAG,v6b,v6b_r4-5_c-1,0.75,"Schema 6b (Centrality Heavy Booster [4,5], c=-1) (p=0.75)","centrality, r in [4,5], c=-1, p=0.75",300,76.33,79.67,81.0,82.0,72.0,76.33,78.0,79.33,74.06,78.03,79.77,81.01,8.27,4.4,3.02,1.85,0.5843,61.32,61.7,70.34,0.743,0.09,31.1,7.67,28.5,4.73
beir_scifact_doc_level,Edge-RAG,v6b,v6b_r2-5_c-1,0.75,"Schema 6b (Centrality Full Dynamic [2,5], c=-1) (p=0.75)","centrality, r in [2,5], c=-1, p=0.75",300,76.0,81.0,81.33,82.0,72.33,77.67,78.67,79.33,74.13,79.36,80.27,81.01,8.27,4.47,3.04,1.85,0.5806,61.64,61.55,70.04,0.743,0.09,27.0,7.67,23.32,4.07
beir_scifact_doc_level,Edge-RAG,v1,v1_baseline,0.8,"Schema 1 Baseline (R=3, C_exp=2) (p=0.80)","R=3, C_exp=2, p=0.80",300,76.67,79.33,81.0,83.0,71.67,75.0,77.67,80.67,74.05,77.37,79.54,82.07,8.2,4.35,3.0,1.87,0.5833,35.63,36.63,45.22,0.743,0.09,23.4,8.59,17.18,3.0
beir_scifact_doc_level,Edge-RAG,v5a,v5a_n3_r2-5_c-1,0.8,"Schema 5a (Fixed 3x, [2,5], c=-1) (p=0.80)","n=3, r in [2,5], c=-1, p=0.80",300,76.67,79.33,81.0,83.0,71.67,75.0,77.67,80.67,74.05,77.37,79.54,82.07,8.2,4.35,3.0,1.87,0.5833,35.8,35.96,43.8,0.743,0.09,23.4,8.59,17.18,3.0
beir_scifact_doc_level,Edge-RAG,v5a,v5a_n4_r2-5_c-1,0.8,"Schema 5a (Fixed 4x, [2,5], c=-1) (p=0.80)","n=4, r in [2,5], c=-1, p=0.80",300,77.33,79.0,81.0,83.0,72.67,75.0,77.67,80.67,74.88,77.03,79.61,82.09,8.3,4.32,3.01,1.87,0.5848,35.84,36.1,44.56,0.743,0.09,23.4,8.59,17.18,3.0
beir_scifact_doc_level,Edge-RAG,v5b,v5b_r2-5_c-1,0.8,"Schema 5b (Dynamic Contrast [2,5], c=-1) (p=0.80)","r in [2,5], c=-1, p=0.80",300,77.33,82.0,82.0,82.67,73.0,78.33,78.67,80.0,75.13,80.28,80.58,81.67,8.37,4.5,3.03,1.86,0.5836,35.79,36.35,44.76,0.743,0.09,29.2,8.59,24.95,3.94
beir_scifact_doc_level,Edge-RAG,v5b,v5b_r3-5_c-1,0.8,"Schema 5b (High-Floor Safe [3,5], c=-1) (p=0.80)","r in [3,5], c=-1, p=0.80",300,77.67,81.0,82.33,83.0,73.33,77.0,79.67,80.33,75.52,79.11,81.27,81.94,8.4,4.43,3.08,1.86,0.5936,36.18,36.33,45.05,0.743,0.09,31.6,8.59,28.0,4.28
beir_scifact_doc_level,Edge-RAG,v5b,v5b_r4-5_c-1,0.8,"Schema 5b (Heavy Booster [4,5], c=-1) (p=0.80)","r in [4,5], c=-1, p=0.80",300,77.33,79.67,81.33,82.33,73.0,75.67,77.67,79.67,75.06,77.71,79.77,81.34,8.37,4.35,3.01,1.85,0.5908,36.02,37.12,45.36,0.743,0.09,34.2,8.59,31.36,4.67
beir_scifact_doc_level,Edge-RAG,v6a,v6a_n3_r2-5_c-1,0.8,"Schema 6a (Centrality Fixed 3x, [2,5], c=-1) (p=0.80)","centrality, n=3, r in [2,5], c=-1, p=0.80",300,76.67,79.33,81.33,82.33,71.67,75.33,78.0,79.67,74.05,77.41,79.87,81.27,8.2,4.35,3.01,1.85,0.5815,61.73,61.94,69.76,0.743,0.09,28.2,8.13,24.22,3.0
beir_scifact_doc_level,Edge-RAG,v6a,v6a_n4_r2-5_c-1,0.8,"Schema 6a (Centrality Fixed 4x, [2,5], c=-1) (p=0.80)","centrality, n=4, r in [2,5], c=-1, p=0.80",300,76.67,80.0,81.33,82.33,72.0,76.33,78.33,79.67,74.22,78.24,80.04,81.34,8.23,4.4,3.02,1.85,0.5844,61.29,61.89,70.67,0.743,0.09,28.2,8.13,24.22,4.0
beir_scifact_doc_level,Edge-RAG,v6b,v6b_r2-4_c-1,0.8,"Schema 6b (Centrality Low-Floor [2,4], c=-1) (p=0.80)","centrality, r in [2,4], c=-1, p=0.80",300,77.33,81.0,82.0,82.67,73.33,77.0,79.33,80.33,75.23,79.24,80.94,81.69,8.37,4.47,3.07,1.86,0.5844,61.59,61.88,70.64,0.743,0.09,24.1,8.13,18.8,3.33
beir_scifact_doc_level,Edge-RAG,v6b,v6b_r3-5_c-1,0.8,"Schema 6b (Centrality High-Floor [3,5], c=-1) (p=0.80)","centrality, r in [3,5], c=-1, p=0.80",300,77.67,81.0,82.0,82.67,73.67,77.67,79.33,80.0,75.63,79.36,80.94,81.61,8.43,4.47,3.07,1.85,0.5927,61.58,62.02,70.94,0.743,0.09,30.4,8.13,26.92,4.33
beir_scifact_doc_level,Edge-RAG,v6b,v6b_r4-5_c-1,0.8,"Schema 6b (Centrality Heavy Booster [4,5], c=-1) (p=0.80)","centrality, r in [4,5], c=-1, p=0.80",300,77.67,80.0,81.67,82.33,73.33,76.33,78.33,79.67,75.39,78.13,80.27,81.34,8.4,4.38,3.03,1.85,0.5908,61.23,61.55,70.14,0.743,0.09,32.7,8.13,29.92,4.7
beir_scifact_doc_level,Edge-RAG,v6b,v6b_r2-5_c-1,0.8,"Schema 6b (Centrality Full Dynamic [2,5], c=-1) (p=0.80)","centrality, r in [2,5], c=-1, p=0.80",300,77.33,81.67,81.67,82.67,73.33,78.33,78.67,80.0,75.29,80.03,80.44,81.67,8.4,4.5,3.04,1.86,0.5874,55.33,56.35,66.19,0.743,0.09,28.2,8.13,24.22,4.01
beir_scifact_doc_level,Edge-RAG,v1,v1_baseline,0.9,"Schema 1 Baseline (R=3, C_exp=2) (p=0.90)","R=3, C_exp=2, p=0.90",300,76.0,79.33,80.33,83.0,71.33,75.33,76.67,80.33,73.55,77.46,78.71,82.01,8.13,4.37,2.97,1.87,0.5851,30.9,31.55,39.57,0.743,0.09,25.2,9.31,18.62,3.0
beir_scifact_doc_level,Edge-RAG,v5a,v5a_n3_r2-5_c-1,0.9,"Schema 5a (Fixed 3x, [2,5], c=-1) (p=0.90)","n=3, r in [2,5], c=-1, p=0.90",300,76.0,79.33,80.33,83.0,71.33,75.33,76.67,80.33,73.55,77.46,78.71,82.01,8.13,4.37,2.97,1.87,0.5851,30.88,31.49,39.08,0.743,0.09,25.2,9.31,18.62,3.0
beir_scifact_doc_level,Edge-RAG,v5a,v5a_n4_r2-5_c-1,0.9,"Schema 5a (Fixed 4x, [2,5], c=-1) (p=0.90)","n=4, r in [2,5], c=-1, p=0.90",300,76.33,79.33,81.0,83.0,71.67,75.67,77.33,81.0,73.88,77.44,79.44,82.16,8.17,4.35,3.0,1.88,0.5851,33.49,34.05,42.81,0.743,0.09,25.2,9.31,18.62,3.0
beir_scifact_doc_level,Edge-RAG,v5b,v5b_r2-5_c-1,0.9,"Schema 5b (Dynamic Contrast [2,5], c=-1) (p=0.90)","r in [2,5], c=-1, p=0.90",300,77.0,81.67,82.0,82.67,73.33,78.0,79.0,80.0,75.23,79.94,80.59,81.61,8.37,4.48,3.03,1.85,0.5856,34.18,35.22,44.2,0.743,0.09,30.6,9.31,25.96,3.82
beir_scifact_doc_level,Edge-RAG,v5b,v5b_r3-5_c-1,0.9,"Schema 5b (High-Floor Safe [3,5], c=-1) (p=0.90)","r in [3,5], c=-1, p=0.90",300,77.67,81.0,82.0,83.0,73.33,77.0,79.33,80.33,75.52,79.11,80.94,81.94,8.4,4.43,3.07,1.86,0.5903,35.47,36.24,45.71,0.743,0.09,33.5,9.31,29.64,4.21
beir_scifact_doc_level,Edge-RAG,v5b,v5b_r4-5_c-1,0.9,"Schema 5b (Heavy Booster [4,5], c=-1) (p=0.90)","r in [4,5], c=-1, p=0.90",300,76.33,80.0,81.33,82.33,72.33,76.33,77.67,79.67,74.23,78.13,79.71,81.34,8.27,4.38,3.0,1.85,0.5906,37.22,37.82,47.12,0.743,0.09,36.4,9.31,33.54,4.62
beir_scifact_doc_level,Edge-RAG,v6a,v6a_n3_r2-5_c-1,0.9,"Schema 6a (Centrality Fixed 3x, [2,5], c=-1) (p=0.90)","centrality, n=3, r in [2,5], c=-1, p=0.90",300,76.67,80.0,80.33,82.67,72.33,75.67,76.67,80.0,74.48,78.06,78.71,81.67,8.2,4.38,2.97,1.86,0.5812,61.54,61.61,70.49,0.743,0.09,30.2,9.09,25.66,3.0
beir_scifact_doc_level,Edge-RAG,v6a,v6a_n4_r2-5_c-1,0.9,"Schema 6a (Centrality Fixed 4x, [2,5], c=-1) (p=0.90)","centrality, n=4, r in [2,5], c=-1, p=0.90",300,76.0,80.0,80.67,82.67,71.33,76.33,77.0,80.0,73.55,78.24,79.04,81.61,8.13,4.4,2.98,1.85,0.5824,63.79,63.93,73.12,0.743,0.09,30.2,9.09,25.66,4.0
beir_scifact_doc_level,Edge-RAG,v6b,v6b_r2-4_c-1,0.9,"Schema 6b (Centrality Low-Floor [2,4], c=-1) (p=0.90)","centrality, r in [2,4], c=-1, p=0.90",300,77.67,80.33,82.0,83.0,73.33,76.33,79.33,80.33,75.45,78.58,80.94,82.01,8.37,4.43,3.07,1.87,0.5828,61.6,62.64,72.34,0.743,0.09,26.1,9.09,20.07,3.22
beir_scifact_doc_level,Edge-RAG,v6b,v6b_r3-5_c-1,0.9,"Schema 6b (Centrality High-Floor [3,5], c=-1) (p=0.90)","centrality, r in [3,5], c=-1, p=0.90",300,77.67,81.0,81.67,83.0,73.33,77.0,79.0,80.33,75.52,79.11,80.61,81.94,8.4,4.43,3.06,1.86,0.5889,62.53,62.98,71.84,0.743,0.09,33.0,9.09,29.15,4.22
beir_scifact_doc_level,Edge-RAG,v6b,v6b_r4-5_c-1,0.9,"Schema 6b (Centrality Heavy Booster [4,5], c=-1) (p=0.90)","centrality, r in [4,5], c=-1, p=0.90",300,76.33,80.0,81.33,82.33,72.33,76.33,77.67,79.67,74.23,78.13,79.71,81.34,8.27,4.38,3.0,1.85,0.5902,63.46,63.91,72.83,0.743,0.09,35.8,9.09,32.85,4.63
beir_scifact_doc_level,Edge-RAG,v6b,v6b_r2-5_c-1,0.9,"Schema 6b (Centrality Full Dynamic [2,5], c=-1) (p=0.90)","centrality, r in [2,5], c=-1, p=0.90",300,77.0,81.67,82.0,82.67,73.33,78.0,79.0,80.0,75.23,79.94,80.59,81.61,8.37,4.48,3.03,1.85,0.5845,63.18,63.18,73.85,0.743,0.09,30.2,9.09,25.66,3.84
beir_scifact_doc_level,Edge-RAG,v1,v1_baseline,1.0,"Schema 1 Baseline (R=3, C_exp=2) (p=1.00)","R=3, C_exp=2, p=1.00",300,76.0,79.67,80.67,83.0,71.33,75.67,77.0,80.33,73.55,77.79,79.04,82.01,8.13,4.38,2.98,1.87,0.5853,37.09,38.08,47.15,0.743,0.09,25.6,9.47,18.93,3.0
beir_scifact_doc_level,Edge-RAG,v5a,v5a_n3_r2-5_c-1,1.0,"Schema 5a (Fixed 3x, [2,5], c=-1) (p=1.00)","n=3, r in [2,5], c=-1, p=1.00",300,76.0,79.67,80.67,83.0,71.33,75.67,77.0,80.33,73.55,77.79,79.04,82.01,8.13,4.38,2.98,1.87,0.5853,35.71,36.29,45.26,0.743,0.09,25.6,9.47,18.93,3.0
beir_scifact_doc_level,Edge-RAG,v5a,v5a_n4_r2-5_c-1,1.0,"Schema 5a (Fixed 4x, [2,5], c=-1) (p=1.00)","n=4, r in [2,5], c=-1, p=1.00",300,76.33,79.33,81.33,83.0,71.67,75.67,77.67,81.0,73.88,77.44,79.77,82.16,8.17,4.35,3.01,1.88,0.5852,36.98,37.74,48.12,0.743,0.09,25.6,9.47,18.93,3.0
beir_scifact_doc_level,Edge-RAG,v5b,v5b_r2-5_c-1,1.0,"Schema 5b (Dynamic Contrast [2,5], c=-1) (p=1.00)","r in [2,5], c=-1, p=1.00",300,77.33,82.0,82.0,82.67,73.67,78.33,79.0,80.0,75.56,80.28,80.59,81.61,8.4,4.5,3.03,1.85,0.5861,37.23,37.91,47.73,0.743,0.09,30.9,9.47,26.14,3.8
beir_scifact_doc_level,Edge-RAG,v5b,v5b_r3-5_c-1,1.0,"Schema 5b (High-Floor Safe [3,5], c=-1) (p=1.00)","r in [3,5], c=-1, p=1.00",300,77.67,81.0,82.33,82.67,73.33,77.0,79.67,80.0,75.52,79.11,81.27,81.61,8.4,4.43,3.08,1.85,0.5904,37.79,38.59,48.37,0.743,0.09,33.9,9.47,29.95,4.19
beir_scifact_doc_level,Edge-RAG,v5b,v5b_r4-5_c-1,1.0,"Schema 5b (Heavy Booster [4,5], c=-1) (p=1.00)","r in [4,5], c=-1, p=1.00",300,76.33,80.33,81.33,82.33,72.33,76.67,77.67,79.67,74.23,78.46,79.71,81.34,8.27,4.4,3.0,1.85,0.5907,37.1,38.02,48.32,0.743,0.09,36.8,9.47,34.0,4.61
beir_scifact_doc_level,Edge-RAG,v6a,v6a_n3_r2-5_c-1,1.0,"Schema 6a (Centrality Fixed 3x, [2,5], c=-1) (p=1.00)","centrality, n=3, r in [2,5], c=-1, p=1.00",300,77.0,80.33,80.67,82.67,72.33,76.0,77.0,80.0,74.65,78.39,79.04,81.67,8.23,4.4,2.98,1.86,0.5818,63.54,64.1,74.24,0.743,0.09,30.8,9.42,26.03,3.0
beir_scifact_doc_level,Edge-RAG,v6a,v6a_n4_r2-5_c-1,1.0,"Schema 6a (Centrality Fixed 4x, [2,5], c=-1) (p=1.00)","centrality, n=4, r in [2,5], c=-1, p=1.00",300,76.0,80.0,81.0,82.67,71.33,76.0,77.33,80.0,73.55,78.16,79.37,81.61,8.13,4.38,2.99,1.85,0.5823,63.85,64.51,74.62,0.743,0.09,30.8,9.42,26.03,4.0
beir_scifact_doc_level,Edge-RAG,v6b,v6b_r2-4_c-1,1.0,"Schema 6b (Centrality Low-Floor [2,4], c=-1) (p=1.00)","centrality, r in [2,4], c=-1, p=1.00",300,78.0,80.67,82.0,83.0,73.67,76.67,79.33,80.33,75.78,78.91,80.94,82.01,8.4,4.45,3.07,1.87,0.583,62.64,64.0,73.65,0.743,0.09,26.6,9.42,20.4,3.19
beir_scifact_doc_level,Edge-RAG,v6b,v6b_r3-5_c-1,1.0,"Schema 6b (Centrality High-Floor [3,5], c=-1) (p=1.00)","centrality, r in [3,5], c=-1, p=1.00",300,77.67,81.0,82.0,82.67,73.33,77.0,79.33,80.0,75.52,79.11,80.94,81.61,8.4,4.43,3.07,1.85,0.5888,63.8,64.22,74.55,0.743,0.09,33.8,9.42,29.81,4.19
beir_scifact_doc_level,Edge-RAG,v6b,v6b_r4-5_c-1,1.0,"Schema 6b (Centrality Heavy Booster [4,5], c=-1) (p=1.00)","centrality, r in [4,5], c=-1, p=1.00",300,76.33,80.33,81.33,82.33,72.33,76.67,77.67,79.67,74.23,78.46,79.71,81.34,8.27,4.4,3.0,1.85,0.5899,63.92,64.28,74.56,0.743,0.09,36.8,9.42,33.83,4.61
beir_scifact_doc_level,Edge-RAG,v6b,v6b_r2-5_c-1,1.0,"Schema 6b (Centrality Full Dynamic [2,5], c=-1) (p=1.00)","centrality, r in [2,5], c=-1, p=1.00",300,77.33,82.0,82.0,82.67,73.67,78.33,79.0,80.0,75.56,80.28,80.59,81.61,8.4,4.5,3.03,1.85,0.5849,63.91,64.22,75.23,0.743,0.09,30.8,9.42,26.03,3.8
beir_nfcorpus_doc_level,Baseline,BM25_Lucene,bm25_baseline,-,BM25 (Lucene Baseline),"k1=1.5, b=0.75",323,64.09,68.42,70.28,71.83,3.1,3.1,3.41,3.72,12.74,14.92,16.32,18.32,19.29,14.02,11.47,8.67,0.4815,0.29,0.23,0.4,0.767,0.0,3.3,0.0,0.0,0.0
beir_nfcorpus_doc_level,Baseline,Dense_BGE_Small,dense_bge_small,-,Dense (bge-small-en-v1.5),"dim=384, cosine",323,69.35,75.23,77.09,79.57,4.02,4.64,4.95,5.57,16.2,20.04,22.15,25.48,25.76,19.01,15.44,11.8,0.5298,15.46,15.58,16.36,4.364,1.6,3.3,0.0,0.0,0.0
beir_nfcorpus_doc_level,Baseline,Dense_BGE_Large,dense_bge_large,-,Dense (bge-large-en-v1.5),"dim=1024, cosine",323,76.16,80.8,83.59,86.69,5.88,5.88,6.19,7.74,19.29,23.32,25.65,29.84,28.14,21.3,17.38,13.43,0.5775,31.68,31.8,33.17,28.245,2.6,3.3,0.0,0.0,0.0
beir_nfcorpus_doc_level,Baseline,SPLADE_v3,splade_v3,-,SPLADE-v3 (DistilBERT),"sparse neural, distilbert",323,72.76,76.78,78.02,78.64,4.95,5.57,5.57,5.57,16.74,19.82,21.25,23.71,25.45,18.42,14.73,11.23,0.5755,7.82,7.84,8.61,32.2,4.12,3.3,0.0,0.0,0.0
beir_nfcorpus_doc_level,Edge-RAG,v1,v1_baseline,0.45,"Schema 1 Baseline (R=3, C_exp=2) (p=0.45)","R=3, C_exp=2, p=0.45",323,61.61,67.18,70.59,73.99,2.79,3.41,3.72,3.72,12.21,14.89,16.62,18.1,19.6,13.9,11.21,8.36,0.4435,26.44,26.43,30.31,0.573,0.09,5.6,1.92,3.84,3.0
beir_nfcorpus_doc_level,Edge-RAG,v5a,v5a_n3_r2-5_c-1,0.45,"Schema 5a (Fixed 3x, [2,5], c=-1) (p=0.45)","n=3, r in [2,5], c=-1, p=0.45",323,61.61,67.18,70.59,73.99,2.79,3.41,3.72,3.72,12.21,14.89,16.62,18.1,19.6,13.9,11.21,8.36,0.4435,26.88,26.81,31.15,0.573,0.09,5.6,1.92,3.84,3.0
beir_nfcorpus_doc_level,Edge-RAG,v5a,v5a_n4_r2-5_c-1,0.45,"Schema 5a (Fixed 4x, [2,5], c=-1) (p=0.45)","n=4, r in [2,5], c=-1, p=0.45",323,62.23,67.18,70.59,73.99,2.79,3.1,3.72,4.02,12.3,14.67,16.54,18.2,19.78,14.02,11.2,8.38,0.4437,26.99,27.09,31.83,0.573,0.09,5.6,1.92,3.84,3.0
beir_nfcorpus_doc_level,Edge-RAG,v5b,v5b_r2-5_c-1,0.45,"Schema 5b (Dynamic Contrast [2,5], c=-1) (p=0.45)","r in [2,5], c=-1, p=0.45",323,62.23,67.49,70.9,73.07,2.79,3.41,4.02,4.02,12.3,14.98,16.8,18.2,19.85,14.04,11.31,8.46,0.4481,26.58,26.56,30.91,0.573,0.09,8.5,1.92,6.89,4.68
beir_nfcorpus_doc_level,Edge-RAG,v5b,v5b_r3-5_c-1,0.45,"Schema 5b (High-Floor Safe [3,5], c=-1) (p=0.45)","r in [3,5], c=-1, p=0.45",323,62.23,67.18,71.52,73.07,2.79,3.1,4.02,4.02,12.18,14.71,16.83,18.19,19.88,14.04,11.28,8.4,0.4458,26.72,26.76,30.71,0.573,0.09,8.8,1.92,7.18,4.8
beir_nfcorpus_doc_level,Edge-RAG,v5b,v5b_r4-5_c-1,0.45,"Schema 5b (Heavy Booster [4,5], c=-1) (p=0.45)","r in [4,5], c=-1, p=0.45",323,61.61,67.49,71.21,73.07,2.79,3.1,3.72,3.72,12.12,14.8,16.72,18.09,19.81,14.2,11.26,8.41,0.4444,26.62,26.67,30.77,0.573,0.09,9.0,1.92,7.49,4.93
beir_nfcorpus_doc_level,Edge-RAG,v6a,v6a_n3_r2-5_c-1,0.45,"Schema 6a (Centrality Fixed 3x, [2,5], c=-1) (p=0.45)","centrality, n=3, r in [2,5], c=-1, p=0.45",323,62.23,69.35,71.83,73.99,2.79,3.41,3.72,3.72,12.27,15.3,16.95,18.33,19.78,14.44,11.61,8.62,0.4533,50.28,50.28,56.54,0.573,0.09,8.4,1.91,6.84,3.0
beir_nfcorpus_doc_level,Edge-RAG,v6a,v6a_n4_r2-5_c-1,0.45,"Schema 6a (Centrality Fixed 4x, [2,5], c=-1) (p=0.45)","centrality, n=4, r in [2,5], c=-1, p=0.45",323,62.23,68.73,71.83,73.68,2.79,3.1,3.72,3.72,12.4,14.99,16.95,18.29,20.22,14.44,11.58,8.61,0.4512,50.75,50.59,56.86,0.573,0.09,8.4,1.91,6.84,4.0
beir_nfcorpus_doc_level,Edge-RAG,v6b,v6b_r2-4_c-1,0.45,"Schema 6b (Centrality Low-Floor [2,4], c=-1) (p=0.45)","centrality, r in [2,4], c=-1, p=0.45",323,62.54,67.49,71.21,73.99,2.79,3.41,3.72,3.72,12.53,15.05,16.77,18.1,20.19,14.1,11.41,8.53,0.4571,50.14,50.28,57.15,0.573,0.09,6.9,1.91,5.23,3.8
beir_nfcorpus_doc_level,Edge-RAG,v6b,v6b_r3-5_c-1,0.45,"Schema 6b (Centrality High-Floor [3,5], c=-1) (p=0.45)","centrality, r in [3,5], c=-1, p=0.45",323,62.54,67.49,71.83,73.37,2.79,3.1,3.72,3.72,12.39,14.91,16.92,18.3,20.15,14.37,11.53,8.6,0.4552,50.62,50.4,56.87,0.573,0.09,8.7,1.91,7.12,4.8
beir_nfcorpus_doc_level,Edge-RAG,v6b,v6b_r4-5_c-1,0.45,"Schema 6b (Centrality Heavy Booster [4,5], c=-1) (p=0.45)","centrality, r in [4,5], c=-1, p=0.45",323,62.23,67.49,71.52,73.37,2.79,3.1,3.72,3.72,12.37,14.97,16.93,18.28,20.22,14.44,11.54,8.6,0.4548,50.39,50.2,56.57,0.573,0.09,9.0,1.91,7.43,4.93
beir_nfcorpus_doc_level,Edge-RAG,v6b,v6b_r2-5_c-1,0.45,"Schema 6b (Centrality Full Dynamic [2,5], c=-1) (p=0.45)","centrality, r in [2,5], c=-1, p=0.45",323,62.54,67.8,71.21,73.37,2.79,3.41,3.72,3.72,12.52,15.18,16.9,18.4,20.12,14.35,11.56,8.65,0.4566,50.69,50.34,56.94,0.573,0.09,8.4,1.91,6.84,4.68
beir_nfcorpus_doc_level,Edge-RAG,v1,v1_baseline,0.5,"Schema 1 Baseline (R=3, C_exp=2) (p=0.50)","R=3, C_exp=2, p=0.50",323,61.61,67.18,70.59,73.99,2.79,3.41,3.72,3.72,12.21,14.89,16.62,18.1,19.6,13.9,11.21,8.36,0.4435,26.32,26.5,30.6,0.573,0.09,5.6,1.92,3.84,3.0
beir_nfcorpus_doc_level,Edge-RAG,v5a,v5a_n3_r2-5_c-1,0.5,"Schema 5a (Fixed 3x, [2,5], c=-1) (p=0.50)","n=3, r in [2,5], c=-1, p=0.50",323,61.61,67.18,70.59,73.99,2.79,3.41,3.72,3.72,12.21,14.89,16.62,18.1,19.6,13.9,11.21,8.36,0.4435,26.35,26.46,30.65,0.573,0.09,5.6,1.92,3.84,3.0
beir_nfcorpus_doc_level,Edge-RAG,v5a,v5a_n4_r2-5_c-1,0.5,"Schema 5a (Fixed 4x, [2,5], c=-1) (p=0.50)","n=4, r in [2,5], c=-1, p=0.50",323,62.23,67.18,70.59,73.99,2.79,3.1,3.72,4.02,12.3,14.67,16.54,18.2,19.78,14.02,11.2,8.38,0.4437,26.53,26.49,30.52,0.573,0.09,5.6,1.92,3.84,3.0
beir_nfcorpus_doc_level,Edge-RAG,v5b,v5b_r2-5_c-1,0.5,"Schema 5b (Dynamic Contrast [2,5], c=-1) (p=0.50)","r in [2,5], c=-1, p=0.50",323,62.23,67.49,70.9,73.07,2.79,3.41,4.02,4.02,12.3,14.98,16.8,18.2,19.85,14.04,11.31,8.46,0.4481,25.98,25.95,30.18,0.573,0.09,8.5,1.92,6.89,4.68
beir_nfcorpus_doc_level,Edge-RAG,v5b,v5b_r3-5_c-1,0.5,"Schema 5b (High-Floor Safe [3,5], c=-1) (p=0.50)","r in [3,5], c=-1, p=0.50",323,62.23,67.18,71.52,73.07,2.79,3.1,4.02,4.02,12.18,14.71,16.83,18.19,19.88,14.04,11.28,8.4,0.4458,25.19,24.99,28.81,0.573,0.09,8.8,1.92,7.18,4.8
beir_nfcorpus_doc_level,Edge-RAG,v5b,v5b_r4-5_c-1,0.5,"Schema 5b (Heavy Booster [4,5], c=-1) (p=0.50)","r in [4,5], c=-1, p=0.50",323,61.61,67.49,71.21,73.07,2.79,3.1,3.72,3.72,12.12,14.8,16.72,18.09,19.81,14.2,11.26,8.41,0.4444,26.34,26.54,30.79,0.573,0.09,9.0,1.92,7.49,4.93
beir_nfcorpus_doc_level,Edge-RAG,v6a,v6a_n3_r2-5_c-1,0.5,"Schema 6a (Centrality Fixed 3x, [2,5], c=-1) (p=0.50)","centrality, n=3, r in [2,5], c=-1, p=0.50",323,62.23,69.35,71.83,73.99,2.79,3.41,3.72,3.72,12.27,15.3,16.95,18.33,19.78,14.44,11.61,8.62,0.4533,50.79,50.4,57.07,0.573,0.09,8.4,1.91,6.84,3.0
beir_nfcorpus_doc_level,Edge-RAG,v6a,v6a_n4_r2-5_c-1,0.5,"Schema 6a (Centrality Fixed 4x, [2,5], c=-1) (p=0.50)","centrality, n=4, r in [2,5], c=-1, p=0.50",323,62.23,68.73,71.83,73.68,2.79,3.1,3.72,3.72,12.4,14.99,16.95,18.29,20.22,14.44,11.58,8.61,0.4512,50.38,50.63,56.69,0.573,0.09,8.4,1.91,6.84,4.0
beir_nfcorpus_doc_level,Edge-RAG,v6b,v6b_r2-4_c-1,0.5,"Schema 6b (Centrality Low-Floor [2,4], c=-1) (p=0.50)","centrality, r in [2,4], c=-1, p=0.50",323,62.54,67.49,71.21,73.99,2.79,3.41,3.72,3.72,12.53,15.05,16.77,18.1,20.19,14.1,11.41,8.53,0.4571,50.7,50.39,56.77,0.573,0.09,6.9,1.91,5.23,3.8
beir_nfcorpus_doc_level,Edge-RAG,v6b,v6b_r3-5_c-1,0.5,"Schema 6b (Centrality High-Floor [3,5], c=-1) (p=0.50)","centrality, r in [3,5], c=-1, p=0.50",323,62.54,67.49,71.83,73.37,2.79,3.1,3.72,3.72,12.39,14.91,16.92,18.3,20.15,14.37,11.53,8.6,0.4552,50.34,50.19,56.5,0.573,0.09,8.7,1.91,7.12,4.8
beir_nfcorpus_doc_level,Edge-RAG,v6b,v6b_r4-5_c-1,0.5,"Schema 6b (Centrality Heavy Booster [4,5], c=-1) (p=0.50)","centrality, r in [4,5], c=-1, p=0.50",323,62.23,67.49,71.52,73.37,2.79,3.1,3.72,3.72,12.37,14.97,16.93,18.28,20.22,14.44,11.54,8.6,0.4548,50.58,50.39,57.06,0.573,0.09,9.0,1.91,7.43,4.93
beir_nfcorpus_doc_level,Edge-RAG,v6b,v6b_r2-5_c-1,0.5,"Schema 6b (Centrality Full Dynamic [2,5], c=-1) (p=0.50)","centrality, r in [2,5], c=-1, p=0.50",323,62.54,67.8,71.21,73.37,2.79,3.41,3.72,3.72,12.52,15.18,16.9,18.4,20.12,14.35,11.56,8.65,0.4566,49.91,49.97,56.28,0.573,0.09,8.4,1.91,6.84,4.68
beir_nfcorpus_doc_level,Edge-RAG,v1,v1_baseline,0.55,"Schema 1 Baseline (R=3, C_exp=2) (p=0.55)","R=3, C_exp=2, p=0.55",323,62.85,67.8,71.83,73.99,2.79,3.1,4.02,4.02,12.36,15.13,17.14,19.06,19.78,14.13,11.42,8.61,0.4496,26.92,26.85,31.28,0.573,0.09,6.2,2.14,4.26,3.0
beir_nfcorpus_doc_level,Edge-RAG,v5a,v5a_n3_r2-5_c-1,0.55,"Schema 5a (Fixed 3x, [2,5], c=-1) (p=0.55)","n=3, r in [2,5], c=-1, p=0.55",323,62.85,67.8,71.83,73.99,2.79,3.1,4.02,4.02,12.36,15.13,17.14,19.06,19.78,14.13,11.42,8.61,0.4496,27.06,26.94,31.46,0.573,0.09,6.2,2.14,4.26,3.0
beir_nfcorpus_doc_level,Edge-RAG,v5a,v5a_n4_r2-5_c-1,0.55,"Schema 5a (Fixed 4x, [2,5], c=-1) (p=0.55)","n=4, r in [2,5], c=-1, p=0.55",323,63.47,67.8,71.52,73.99,2.79,3.1,4.02,4.33,12.42,15.07,17.11,19.23,19.91,14.3,11.42,8.64,0.4507,26.48,26.45,30.56,0.573,0.09,6.2,2.14,4.26,3.0
beir_nfcorpus_doc_level,Edge-RAG,v5b,v5b_r2-5_c-1,0.55,"Schema 5b (Dynamic Contrast [2,5], c=-1) (p=0.55)","r in [2,5], c=-1, p=0.55",323,63.47,68.11,71.52,73.37,2.79,3.1,4.02,4.33,12.39,15.18,17.18,19.05,20.12,14.35,11.52,8.66,0.4514,27.24,27.07,31.87,0.573,0.09,9.2,2.14,7.47,4.62
beir_nfcorpus_doc_level,Edge-RAG,v5b,v5b_r3-5_c-1,0.55,"Schema 5b (High-Floor Safe [3,5], c=-1) (p=0.55)","r in [3,5], c=-1, p=0.55",323,64.09,67.8,72.14,73.37,2.79,2.79,4.02,4.33,12.45,14.89,17.2,19.03,20.22,14.33,11.46,8.62,0.4484,27.24,27.0,31.23,0.573,0.09,9.5,2.14,7.84,4.76
beir_nfcorpus_doc_level,Edge-RAG,v5b,v5b_r4-5_c-1,0.55,"Schema 5b (Heavy Booster [4,5], c=-1) (p=0.55)","r in [4,5], c=-1, p=0.55",323,62.85,68.42,71.83,73.37,2.79,2.79,4.02,4.02,12.34,15.0,17.21,18.98,20.06,14.41,11.46,8.65,0.4484,27.27,27.1,31.6,0.573,0.09,9.9,2.14,8.27,4.91
beir_nfcorpus_doc_level,Edge-RAG,v6a,v6a_n3_r2-5_c-1,0.55,"Schema 6a (Centrality Fixed 3x, [2,5], c=-1) (p=0.55)","centrality, n=3, r in [2,5], c=-1, p=0.55",323,63.78,70.28,73.07,74.92,2.79,3.1,4.02,4.02,12.32,15.39,17.3,19.12,19.85,14.52,11.62,8.77,0.4543,50.7,50.36,56.99,0.573,0.09,9.1,2.12,7.43,3.0
beir_nfcorpus_doc_level,Edge-RAG,v6a,v6a_n4_r2-5_c-1,0.55,"Schema 6a (Centrality Fixed 4x, [2,5], c=-1) (p=0.55)","centrality, n=4, r in [2,5], c=-1, p=0.55",323,64.09,69.97,73.07,74.61,2.79,2.79,4.02,4.02,12.45,15.1,17.32,19.07,20.19,14.55,11.61,8.77,0.4509,51.08,50.69,58.11,0.573,0.09,9.1,2.12,7.43,4.0
beir_nfcorpus_doc_level,Edge-RAG,v6b,v6b_r2-4_c-1,0.55,"Schema 6b (Centrality Low-Floor [2,4], c=-1) (p=0.55)","centrality, r in [2,4], c=-1, p=0.55",323,64.4,68.73,73.07,75.23,2.79,3.1,3.72,4.02,12.67,15.1,17.01,18.87,20.4,14.26,11.47,8.71,0.4527,50.78,50.04,57.22,0.573,0.09,7.5,2.12,5.68,3.76
beir_nfcorpus_doc_level,Edge-RAG,v6b,v6b_r3-5_c-1,0.55,"Schema 6b (Centrality High-Floor [3,5], c=-1) (p=0.55)","centrality, r in [3,5], c=-1, p=0.55",323,64.4,68.42,73.37,74.61,2.79,2.79,3.72,4.02,12.56,14.92,17.15,19.05,20.34,14.47,11.56,8.75,0.4492,51.23,50.65,57.02,0.573,0.09,9.4,2.12,7.79,4.76
beir_nfcorpus_doc_level,Edge-RAG,v6b,v6b_r4-5_c-1,0.55,"Schema 6b (Centrality Heavy Booster [4,5], c=-1) (p=0.55)","centrality, r in [4,5], c=-1, p=0.55",323,63.16,69.04,73.07,74.61,2.79,2.79,4.02,4.02,12.45,15.08,17.3,19.09,20.19,14.6,11.62,8.78,0.4508,51.35,50.7,57.04,0.573,0.09,9.8,2.12,8.22,4.91
beir_nfcorpus_doc_level,Edge-RAG,v6b,v6b_r2-5_c-1,0.55,"Schema 6b (Centrality Full Dynamic [2,5], c=-1) (p=0.55)","centrality, r in [2,5], c=-1, p=0.55",323,63.78,68.73,72.76,74.61,2.79,3.1,3.72,4.02,12.52,15.26,17.12,19.18,20.25,14.52,11.61,8.8,0.4524,51.19,50.74,56.77,0.573,0.09,9.1,2.12,7.43,4.62
beir_nfcorpus_doc_level,Edge-RAG,v1,v1_baseline,0.6,"Schema 1 Baseline (R=3, C_exp=2) (p=0.60)","R=3, C_exp=2, p=0.60",323,63.16,68.11,72.14,74.3,2.79,3.1,4.02,4.02,12.37,15.14,17.15,19.08,19.81,14.16,11.44,8.63,0.4504,27.09,26.96,31.39,0.573,0.09,6.2,2.14,4.28,3.0
beir_nfcorpus_doc_level,Edge-RAG,v5a,v5a_n3_r2-5_c-1,0.6,"Schema 5a (Fixed 3x, [2,5], c=-1) (p=0.60)","n=3, r in [2,5], c=-1, p=0.60",323,63.16,68.11,72.14,74.3,2.79,3.1,4.02,4.02,12.37,15.14,17.15,19.08,19.81,14.16,11.44,8.63,0.4504,26.99,27.41,31.57,0.573,0.09,6.2,2.14,4.28,3.0
beir_nfcorpus_doc_level,Edge-RAG,v5a,v5a_n4_r2-5_c-1,0.6,"Schema 5a (Fixed 4x, [2,5], c=-1) (p=0.60)","n=4, r in [2,5], c=-1, p=0.60",323,63.78,68.11,71.83,74.3,2.79,3.1,4.02,4.33,12.43,15.09,17.12,19.25,19.94,14.33,11.44,8.67,0.4514,27.02,26.72,31.38,0.573,0.09,6.2,2.14,4.28,3.0
beir_nfcorpus_doc_level,Edge-RAG,v5b,v5b_r2-5_c-1,0.6,"Schema 5b (Dynamic Contrast [2,5], c=-1) (p=0.60)","r in [2,5], c=-1, p=0.60",323,63.78,68.42,71.83,73.68,2.79,3.1,4.02,4.33,12.4,15.19,17.19,19.07,20.15,14.38,11.54,8.69,0.4517,27.31,27.13,31.84,0.573,0.09,9.2,2.14,7.49,4.62
beir_nfcorpus_doc_level,Edge-RAG,v5b,v5b_r3-5_c-1,0.6,"Schema 5b (High-Floor Safe [3,5], c=-1) (p=0.60)","r in [3,5], c=-1, p=0.60",323,64.4,68.11,72.45,73.68,2.79,2.79,4.02,4.33,12.45,14.9,17.22,19.06,20.25,14.37,11.48,8.64,0.4488,26.92,26.81,31.45,0.573,0.09,9.5,2.14,7.85,4.75
beir_nfcorpus_doc_level,Edge-RAG,v5b,v5b_r4-5_c-1,0.6,"Schema 5b (Heavy Booster [4,5], c=-1) (p=0.60)","r in [4,5], c=-1, p=0.60",323,63.16,68.73,72.14,73.68,2.79,2.79,4.02,4.02,12.34,15.02,17.22,19.01,20.09,14.44,11.48,8.67,0.4492,27.11,27.0,31.03,0.573,0.09,9.9,2.14,8.29,4.91
beir_nfcorpus_doc_level,Edge-RAG,v6a,v6a_n3_r2-5_c-1,0.6,"Schema 6a (Centrality Fixed 3x, [2,5], c=-1) (p=0.60)","centrality, n=3, r in [2,5], c=-1, p=0.60",323,63.78,70.28,73.07,74.92,2.79,3.1,4.02,4.02,12.32,15.39,17.29,19.12,19.85,14.52,11.61,8.77,0.4543,50.18,49.9,56.52,0.573,0.09,9.1,2.12,7.45,3.0
beir_nfcorpus_doc_level,Edge-RAG,v6a,v6a_n4_r2-5_c-1,0.6,"Schema 6a (Centrality Fixed 4x, [2,5], c=-1) (p=0.60)","centrality, n=4, r in [2,5], c=-1, p=0.60",323,64.09,69.97,73.07,74.61,2.79,2.79,4.02,4.02,12.45,15.1,17.31,19.07,20.19,14.55,11.6,8.77,0.4509,50.82,50.34,57.4,0.573,0.09,9.1,2.12,7.45,4.0
beir_nfcorpus_doc_level,Edge-RAG,v6b,v6b_r2-4_c-1,0.6,"Schema 6b (Centrality Low-Floor [2,4], c=-1) (p=0.60)","centrality, r in [2,4], c=-1, p=0.60",323,64.4,68.73,73.07,75.23,2.79,3.1,3.72,4.02,12.67,15.1,17.01,18.87,20.4,14.26,11.46,8.71,0.4526,51.47,50.81,57.71,0.573,0.09,7.5,2.12,5.69,3.76
beir_nfcorpus_doc_level,Edge-RAG,v6b,v6b_r3-5_c-1,0.6,"Schema 6b (Centrality High-Floor [3,5], c=-1) (p=0.60)","centrality, r in [3,5], c=-1, p=0.60",323,64.4,68.42,73.37,74.61,2.79,2.79,3.72,4.02,12.56,14.92,17.15,19.05,20.34,14.47,11.55,8.75,0.4492,51.47,50.84,57.3,0.573,0.09,9.5,2.12,7.8,4.76
beir_nfcorpus_doc_level,Edge-RAG,v6b,v6b_r4-5_c-1,0.6,"Schema 6b (Centrality Heavy Booster [4,5], c=-1) (p=0.60)","centrality, r in [4,5], c=-1, p=0.60",323,63.16,69.04,73.07,74.61,2.79,2.79,4.02,4.02,12.45,15.08,17.3,19.09,20.15,14.6,11.61,8.78,0.4508,51.0,50.71,57.26,0.573,0.09,9.8,2.12,8.24,4.91
beir_nfcorpus_doc_level,Edge-RAG,v6b,v6b_r2-5_c-1,0.6,"Schema 6b (Centrality Full Dynamic [2,5], c=-1) (p=0.60)","centrality, r in [2,5], c=-1, p=0.60",323,63.78,68.73,72.76,74.61,2.79,3.1,3.72,4.02,12.52,15.26,17.12,19.18,20.25,14.52,11.6,8.8,0.4524,51.36,50.93,57.56,0.573,0.09,9.1,2.12,7.45,4.62
beir_nfcorpus_doc_level,Edge-RAG,v1,v1_baseline,0.65,"Schema 1 Baseline (R=3, C_exp=2) (p=0.65)","R=3, C_exp=2, p=0.65",323,64.4,69.04,72.45,74.92,2.79,3.1,4.02,4.02,12.55,15.37,17.21,19.38,19.91,14.32,11.57,8.76,0.4549,27.03,27.1,32.09,0.573,0.09,6.6,2.26,4.52,3.0
beir_nfcorpus_doc_level,Edge-RAG,v5a,v5a_n3_r2-5_c-1,0.65,"Schema 5a (Fixed 3x, [2,5], c=-1) (p=0.65)","n=3, r in [2,5], c=-1, p=0.65",323,64.4,69.04,72.45,74.92,2.79,3.1,4.02,4.02,12.55,15.37,17.21,19.38,19.91,14.32,11.57,8.76,0.4549,26.74,26.9,32.0,0.573,0.09,6.6,2.26,4.52,3.0
beir_nfcorpus_doc_level,Edge-RAG,v5a,v5a_n4_r2-5_c-1,0.65,"Schema 5a (Fixed 4x, [2,5], c=-1) (p=0.65)","n=4, r in [2,5], c=-1, p=0.65",323,65.02,68.73,72.14,74.92,2.79,3.1,4.02,4.02,12.61,15.26,17.2,19.46,20.0,14.4,11.59,8.79,0.4576,26.91,27.02,32.01,0.573,0.09,6.6,2.26,4.52,3.0
beir_nfcorpus_doc_level,Edge-RAG,v5b,v5b_r2-5_c-1,0.65,"Schema 5b (Dynamic Contrast [2,5], c=-1) (p=0.65)","r in [2,5], c=-1, p=0.65",323,64.4,69.66,72.45,74.3,2.79,3.1,3.72,4.02,12.42,15.42,17.2,19.28,20.15,14.54,11.64,8.82,0.4558,27.3,27.34,32.63,0.573,0.09,9.6,2.26,7.78,4.59
beir_nfcorpus_doc_level,Edge-RAG,v5b,v5b_r3-5_c-1,0.65,"Schema 5b (High-Floor Safe [3,5], c=-1) (p=0.65)","r in [3,5], c=-1, p=0.65",323,65.63,69.35,72.76,74.3,2.79,2.79,3.72,4.02,12.61,15.16,17.29,19.25,20.31,14.55,11.6,8.76,0.4558,27.32,27.34,32.52,0.573,0.09,10.0,2.26,8.2,4.74
beir_nfcorpus_doc_level,Edge-RAG,v5b,v5b_r4-5_c-1,0.65,"Schema 5b (Heavy Booster [4,5], c=-1) (p=0.65)","r in [4,5], c=-1, p=0.65",323,64.09,69.35,72.76,74.3,2.79,2.79,4.02,4.02,12.52,15.18,17.3,19.36,20.15,14.52,11.61,8.82,0.4568,26.89,26.99,32.11,0.573,0.09,10.4,2.26,8.71,4.9
beir_nfcorpus_doc_level,Edge-RAG,v6a,v6a_n3_r2-5_c-1,0.65,"Schema 6a (Centrality Fixed 3x, [2,5], c=-1) (p=0.65)","centrality, n=3, r in [2,5], c=-1, p=0.65",323,65.02,71.21,73.37,75.54,2.79,3.1,4.02,4.02,12.48,15.66,17.51,19.33,19.88,14.69,11.74,8.9,0.4599,51.3,50.99,58.33,0.573,0.09,9.5,2.24,7.72,3.0
beir_nfcorpus_doc_level,Edge-RAG,v6a,v6a_n4_r2-5_c-1,0.65,"Schema 6a (Centrality Fixed 4x, [2,5], c=-1) (p=0.65)","centrality, n=4, r in [2,5], c=-1, p=0.65",323,65.33,70.59,73.37,75.23,2.79,2.79,4.02,4.02,12.58,15.28,17.49,19.27,20.12,14.66,11.73,8.88,0.4573,51.46,51.72,59.17,0.573,0.09,9.5,2.24,7.72,4.0
beir_nfcorpus_doc_level,Edge-RAG,v6b,v6b_r2-4_c-1,0.65,"Schema 6b (Centrality Low-Floor [2,4], c=-1) (p=0.65)","centrality, r in [2,4], c=-1, p=0.65",323,65.33,69.66,73.37,75.85,2.79,3.1,3.72,4.02,12.8,15.39,17.07,19.05,20.46,14.47,11.54,8.8,0.4547,51.55,51.04,58.3,0.573,0.09,7.8,2.24,5.91,3.74
beir_nfcorpus_doc_level,Edge-RAG,v6b,v6b_r3-5_c-1,0.65,"Schema 6b (Centrality High-Floor [3,5], c=-1) (p=0.65)","centrality, r in [3,5], c=-1, p=0.65",323,65.63,69.35,73.68,75.23,2.79,2.79,3.72,4.02,12.69,15.13,17.32,19.25,20.4,14.64,11.66,8.85,0.4554,51.42,51.2,58.27,0.573,0.09,9.8,2.24,8.13,4.74
beir_nfcorpus_doc_level,Edge-RAG,v6b,v6b_r4-5_c-1,0.65,"Schema 6b (Centrality Heavy Booster [4,5], c=-1) (p=0.65)","centrality, r in [4,5], c=-1, p=0.65",323,64.09,69.66,73.68,75.23,2.79,2.79,4.02,4.02,12.6,15.21,17.38,19.33,20.25,14.67,11.72,8.89,0.4571,51.14,50.8,58.7,0.573,0.09,10.3,2.24,8.62,4.9
beir_nfcorpus_doc_level,Edge-RAG,v6b,v6b_r2-5_c-1,0.65,"Schema 6b (Centrality Full Dynamic [2,5], c=-1) (p=0.65)","centrality, r in [2,5], c=-1, p=0.65",323,64.4,69.66,73.37,75.23,2.79,3.1,3.72,4.02,12.51,15.43,17.23,19.39,20.25,14.64,11.7,8.92,0.4556,51.27,50.93,58.02,0.573,0.09,9.5,2.24,7.72,4.6
beir_nfcorpus_doc_level,Edge-RAG,v1,v1_baseline,0.7,"Schema 1 Baseline (R=3, C_exp=2) (p=0.70)","R=3, C_exp=2, p=0.70",323,65.02,69.35,73.68,75.85,2.79,3.41,4.02,4.02,12.79,15.72,17.62,19.78,20.06,14.55,11.88,9.0,0.4623,27.49,27.47,32.28,0.573,0.09,7.0,2.41,4.82,3.0
beir_nfcorpus_doc_level,Edge-RAG,v5a,v5a_n3_r2-5_c-1,0.7,"Schema 5a (Fixed 3x, [2,5], c=-1) (p=0.70)","n=3, r in [2,5], c=-1, p=0.70",323,65.02,69.35,73.68,75.85,2.79,3.41,4.02,4.02,12.79,15.72,17.62,19.78,20.06,14.55,11.88,9.0,0.4623,27.2,27.33,32.42,0.573,0.09,7.0,2.41,4.82,3.0
beir_nfcorpus_doc_level,Edge-RAG,v5a,v5a_n4_r2-5_c-1,0.7,"Schema 5a (Fixed 4x, [2,5], c=-1) (p=0.70)","n=4, r in [2,5], c=-1, p=0.70",323,65.63,69.04,73.37,75.85,2.79,3.1,4.02,4.02,12.88,15.42,17.59,19.85,20.22,14.58,11.88,9.03,0.464,27.33,27.28,32.38,0.573,0.09,7.0,2.41,4.82,3.0
beir_nfcorpus_doc_level,Edge-RAG,v5b,v5b_r2-5_c-1,0.7,"Schema 5b (Dynamic Contrast [2,5], c=-1) (p=0.70)","r in [2,5], c=-1, p=0.70",323,64.4,70.59,73.07,75.54,2.79,3.1,4.02,4.02,12.58,15.71,17.69,19.77,20.46,14.72,11.92,9.1,0.458,27.39,27.47,32.78,0.573,0.09,10.0,2.41,8.14,4.54
beir_nfcorpus_doc_level,Edge-RAG,v5b,v5b_r3-5_c-1,0.7,"Schema 5b (High-Floor Safe [3,5], c=-1) (p=0.70)","r in [3,5], c=-1, p=0.70",323,65.33,70.28,73.07,75.54,2.79,2.79,4.02,4.02,12.7,15.53,17.73,19.7,20.53,14.78,11.86,9.02,0.4625,27.79,27.63,32.79,0.573,0.09,10.5,2.41,8.65,4.7
beir_nfcorpus_doc_level,Edge-RAG,v5b,v5b_r4-5_c-1,0.7,"Schema 5b (Heavy Booster [4,5], c=-1) (p=0.70)","r in [4,5], c=-1, p=0.70",323,64.09,69.97,73.37,75.54,2.79,3.1,3.72,4.02,12.78,15.54,17.57,19.83,20.34,14.81,11.89,9.08,0.4635,27.56,27.5,32.8,0.573,0.09,11.0,2.41,9.23,4.88
beir_nfcorpus_doc_level,Edge-RAG,v6a,v6a_n3_r2-5_c-1,0.7,"Schema 6a (Centrality Fixed 3x, [2,5], c=-1) (p=0.70)","centrality, n=3, r in [2,5], c=-1, p=0.70",323,65.02,70.9,73.99,75.85,2.79,3.41,3.72,4.02,12.73,15.93,17.8,19.72,20.0,14.8,11.98,9.08,0.4637,51.93,51.31,58.61,0.573,0.09,10.0,2.4,8.1,3.0
beir_nfcorpus_doc_level,Edge-RAG,v6a,v6a_n4_r2-5_c-1,0.7,"Schema 6a (Centrality Fixed 4x, [2,5], c=-1) (p=0.70)","centrality, n=4, r in [2,5], c=-1, p=0.70",323,65.33,70.28,73.68,75.54,2.79,3.1,3.72,4.02,12.81,15.54,17.78,19.64,20.22,14.77,11.96,9.05,0.4623,51.89,51.28,58.63,0.573,0.09,10.0,2.4,8.1,4.0
beir_nfcorpus_doc_level,Edge-RAG,v6b,v6b_r2-4_c-1,0.7,"Schema 6b (Centrality Low-Floor [2,4], c=-1) (p=0.70)","centrality, r in [2,4], c=-1, p=0.70",323,65.33,69.97,73.07,75.85,2.79,3.1,4.02,4.02,12.87,15.7,17.51,19.4,20.56,14.6,11.71,8.97,0.4596,51.67,51.07,58.54,0.573,0.09,8.3,2.4,6.22,3.7
beir_nfcorpus_doc_level,Edge-RAG,v6b,v6b_r3-5_c-1,0.7,"Schema 6b (Centrality High-Floor [3,5], c=-1) (p=0.70)","centrality, r in [3,5], c=-1, p=0.70",323,65.33,69.97,73.07,75.54,2.79,2.79,4.02,4.02,12.77,15.52,17.74,19.65,20.53,14.8,11.86,9.05,0.4604,51.59,51.12,58.38,0.573,0.09,10.4,2.4,8.6,4.7
beir_nfcorpus_doc_level,Edge-RAG,v6b,v6b_r4-5_c-1,0.7,"Schema 6b (Centrality Heavy Booster [4,5], c=-1) (p=0.70)","centrality, r in [4,5], c=-1, p=0.70",323,64.09,69.97,73.37,75.54,2.79,3.1,3.72,4.02,12.86,15.5,17.63,19.74,20.37,14.81,11.94,9.08,0.4626,51.7,51.66,58.95,0.573,0.09,10.9,2.4,9.18,4.88
beir_nfcorpus_doc_level,Edge-RAG,v6b,v6b_r2-5_c-1,0.7,"Schema 6b (Centrality Full Dynamic [2,5], c=-1) (p=0.70)","centrality, r in [2,5], c=-1, p=0.70",323,64.4,70.28,73.07,75.54,2.79,3.1,4.02,4.02,12.65,15.71,17.72,19.81,20.46,14.72,11.93,9.13,0.4569,51.91,51.13,58.64,0.573,0.09,10.0,2.4,8.1,4.54
beir_nfcorpus_doc_level,Edge-RAG,v1,v1_baseline,0.75,"Schema 1 Baseline (R=3, C_exp=2) (p=0.75)","R=3, C_exp=2, p=0.75",323,65.02,69.35,73.68,75.85,2.79,3.41,4.02,4.02,12.79,15.72,17.62,19.78,20.06,14.55,11.88,9.0,0.4623,27.33,27.36,32.59,0.573,0.09,7.0,2.42,4.83,3.0
beir_nfcorpus_doc_level,Edge-RAG,v5a,v5a_n3_r2-5_c-1,0.75,"Schema 5a (Fixed 3x, [2,5], c=-1) (p=0.75)","n=3, r in [2,5], c=-1, p=0.75",323,65.02,69.35,73.68,75.85,2.79,3.41,4.02,4.02,12.79,15.72,17.62,19.78,20.06,14.55,11.88,9.0,0.4623,27.47,27.46,32.82,0.573,0.09,7.0,2.42,4.83,3.0
beir_nfcorpus_doc_level,Edge-RAG,v5a,v5a_n4_r2-5_c-1,0.75,"Schema 5a (Fixed 4x, [2,5], c=-1) (p=0.75)","n=4, r in [2,5], c=-1, p=0.75",323,65.63,69.04,73.37,75.85,2.79,3.1,4.02,4.02,12.88,15.42,17.59,19.85,20.22,14.58,11.88,9.02,0.464,27.4,27.46,32.89,0.573,0.09,7.0,2.42,4.83,3.0
beir_nfcorpus_doc_level,Edge-RAG,v5b,v5b_r2-5_c-1,0.75,"Schema 5b (Dynamic Contrast [2,5], c=-1) (p=0.75)","r in [2,5], c=-1, p=0.75",323,64.4,70.59,73.07,75.54,2.79,3.1,4.02,4.02,12.58,15.71,17.69,19.77,20.46,14.72,11.92,9.1,0.458,27.76,27.58,32.82,0.573,0.09,10.1,2.42,8.16,4.54
beir_nfcorpus_doc_level,Edge-RAG,v5b,v5b_r3-5_c-1,0.75,"Schema 5b (High-Floor Safe [3,5], c=-1) (p=0.75)","r in [3,5], c=-1, p=0.75",323,65.33,70.28,73.07,75.54,2.79,2.79,4.02,4.02,12.7,15.53,17.73,19.7,20.53,14.78,11.86,9.01,0.4625,27.38,27.52,32.76,0.573,0.09,10.5,2.42,8.67,4.7
beir_nfcorpus_doc_level,Edge-RAG,v5b,v5b_r4-5_c-1,0.75,"Schema 5b (Heavy Booster [4,5], c=-1) (p=0.75)","r in [4,5], c=-1, p=0.75",323,64.09,69.97,73.37,75.54,2.79,3.1,3.72,4.02,12.78,15.54,17.57,19.82,20.34,14.81,11.89,9.07,0.4635,27.73,27.53,32.69,0.573,0.09,11.0,2.42,9.25,4.87
beir_nfcorpus_doc_level,Edge-RAG,v6a,v6a_n3_r2-5_c-1,0.75,"Schema 6a (Centrality Fixed 3x, [2,5], c=-1) (p=0.75)","centrality, n=3, r in [2,5], c=-1, p=0.75",323,65.02,70.9,73.99,75.85,2.79,3.41,3.72,4.02,12.73,15.93,17.8,19.71,20.0,14.8,11.98,9.08,0.4637,51.55,51.2,58.35,0.573,0.09,10.0,2.41,8.12,3.0
beir_nfcorpus_doc_level,Edge-RAG,v6a,v6a_n4_r2-5_c-1,0.75,"Schema 6a (Centrality Fixed 4x, [2,5], c=-1) (p=0.75)","centrality, n=4, r in [2,5], c=-1, p=0.75",323,65.33,70.28,73.68,75.54,2.79,3.1,3.72,4.02,12.81,15.54,17.78,19.64,20.22,14.77,11.96,9.04,0.4623,52.09,51.34,58.38,0.573,0.09,10.0,2.41,8.12,4.0
beir_nfcorpus_doc_level,Edge-RAG,v6b,v6b_r2-4_c-1,0.75,"Schema 6b (Centrality Low-Floor [2,4], c=-1) (p=0.75)","centrality, r in [2,4], c=-1, p=0.75",323,65.33,69.97,73.07,75.85,2.79,3.1,4.02,4.02,12.87,15.69,17.51,19.39,20.56,14.58,11.71,8.96,0.4596,51.74,51.13,58.65,0.573,0.09,8.3,2.41,6.23,3.7
beir_nfcorpus_doc_level,Edge-RAG,v6b,v6b_r3-5_c-1,0.75,"Schema 6b (Centrality High-Floor [3,5], c=-1) (p=0.75)","centrality, r in [3,5], c=-1, p=0.75",323,65.33,69.97,73.07,75.54,2.79,2.79,4.02,4.02,12.77,15.52,17.74,19.65,20.53,14.8,11.86,9.04,0.4604,51.7,51.37,58.71,0.573,0.09,10.4,2.41,8.62,4.7
beir_nfcorpus_doc_level,Edge-RAG,v6b,v6b_r4-5_c-1,0.75,"Schema 6b (Centrality Heavy Booster [4,5], c=-1) (p=0.75)","centrality, r in [4,5], c=-1, p=0.75",323,64.09,69.97,73.37,75.54,2.79,3.1,3.72,4.02,12.86,15.5,17.63,19.73,20.37,14.81,11.94,9.08,0.4626,51.9,51.28,58.7,0.573,0.09,10.9,2.41,9.2,4.88
beir_nfcorpus_doc_level,Edge-RAG,v6b,v6b_r2-5_c-1,0.75,"Schema 6b (Centrality Full Dynamic [2,5], c=-1) (p=0.75)","centrality, r in [2,5], c=-1, p=0.75",323,64.4,70.28,73.07,75.54,2.79,3.1,4.02,4.02,12.65,15.71,17.72,19.81,20.46,14.72,11.93,9.12,0.4569,52.02,51.32,58.56,0.573,0.09,10.0,2.41,8.12,4.54
beir_nfcorpus_doc_level,Edge-RAG,v1,v1_baseline,0.8,"Schema 1 Baseline (R=3, C_exp=2) (p=0.80)","R=3, C_exp=2, p=0.80",323,65.94,69.97,73.99,76.47,2.79,3.41,4.02,4.02,12.83,15.9,17.82,19.96,20.22,14.74,12.06,9.16,0.4772,27.55,27.7,32.59,0.573,0.09,7.4,2.57,5.14,3.0
beir_nfcorpus_doc_level,Edge-RAG,v5a,v5a_n3_r2-5_c-1,0.8,"Schema 5a (Fixed 3x, [2,5], c=-1) (p=0.80)","n=3, r in [2,5], c=-1, p=0.80",323,65.94,69.97,73.99,76.47,2.79,3.41,4.02,4.02,12.83,15.9,17.82,19.96,20.22,14.74,12.06,9.16,0.4772,27.58,27.75,32.85,0.573,0.09,7.4,2.57,5.14,3.0
beir_nfcorpus_doc_level,Edge-RAG,v5a,v5a_n4_r2-5_c-1,0.8,"Schema 5a (Fixed 4x, [2,5], c=-1) (p=0.80)","n=4, r in [2,5], c=-1, p=0.80",323,66.25,69.66,73.99,76.47,2.79,3.1,4.02,4.02,12.89,15.6,17.87,20.01,20.31,14.77,12.12,9.17,0.4761,27.76,28.19,33.35,0.573,0.09,7.4,2.57,5.14,3.0
beir_nfcorpus_doc_level,Edge-RAG,v5b,v5b_r2-5_c-1,0.8,"Schema 5b (Dynamic Contrast [2,5], c=-1) (p=0.80)","r in [2,5], c=-1, p=0.80",323,65.33,70.59,73.07,76.16,2.79,3.1,4.02,4.02,12.69,15.87,17.91,19.92,20.74,14.91,12.06,9.25,0.4702,27.66,27.72,33.15,0.573,0.09,10.5,2.57,8.46,4.49
beir_nfcorpus_doc_level,Edge-RAG,v5b,v5b_r3-5_c-1,0.8,"Schema 5b (High-Floor Safe [3,5], c=-1) (p=0.80)","r in [3,5], c=-1, p=0.80",323,65.94,70.59,73.37,76.16,2.79,2.79,4.02,4.02,12.78,15.65,17.93,19.84,20.77,14.94,12.03,9.15,0.4734,27.61,27.77,33.13,0.573,0.09,11.0,2.57,9.07,4.66
beir_nfcorpus_doc_level,Edge-RAG,v5b,v5b_r4-5_c-1,0.8,"Schema 5b (Heavy Booster [4,5], c=-1) (p=0.80)","r in [4,5], c=-1, p=0.80",323,65.33,70.28,73.37,76.16,2.79,3.1,3.72,4.02,12.87,15.67,17.76,20.05,20.62,14.94,12.07,9.26,0.4751,27.86,27.88,33.11,0.573,0.09,11.6,2.57,9.75,4.85
beir_nfcorpus_doc_level,Edge-RAG,v6a,v6a_n3_r2-5_c-1,0.8,"Schema 6a (Centrality Fixed 3x, [2,5], c=-1) (p=0.80)","centrality, n=3, r in [2,5], c=-1, p=0.80",323,66.56,71.52,74.3,76.47,2.79,3.41,3.72,4.02,12.85,16.0,17.95,19.9,20.22,14.91,12.18,9.24,0.48,52.14,51.53,59.13,0.573,0.09,10.4,2.57,8.46,3.0
beir_nfcorpus_doc_level,Edge-RAG,v6a,v6a_n4_r2-5_c-1,0.8,"Schema 6a (Centrality Fixed 4x, [2,5], c=-1) (p=0.80)","centrality, n=4, r in [2,5], c=-1, p=0.80",323,66.56,70.9,74.3,76.16,2.79,3.1,3.72,4.02,12.89,15.66,17.96,19.86,20.4,14.88,12.19,9.22,0.4752,52.04,51.53,59.17,0.573,0.09,10.4,2.57,8.46,4.0
beir_nfcorpus_doc_level,Edge-RAG,v6b,v6b_r2-4_c-1,0.8,"Schema 6b (Centrality Low-Floor [2,4], c=-1) (p=0.80)","centrality, r in [2,4], c=-1, p=0.80",323,65.94,70.28,73.37,76.47,2.79,3.1,4.02,4.02,12.94,15.82,17.68,19.56,20.77,14.72,11.85,9.08,0.4712,52.13,51.52,59.39,0.573,0.09,8.7,2.57,6.5,3.66
beir_nfcorpus_doc_level,Edge-RAG,v6b,v6b_r3-5_c-1,0.8,"Schema 6b (Centrality High-Floor [3,5], c=-1) (p=0.80)","centrality, r in [3,5], c=-1, p=0.80",323,66.25,70.59,73.37,76.16,2.79,2.79,4.02,4.02,12.86,15.66,17.93,19.76,20.8,14.95,12.02,9.15,0.472,52.29,51.6,59.7,0.573,0.09,10.9,2.57,9.06,4.66
beir_nfcorpus_doc_level,Edge-RAG,v6b,v6b_r4-5_c-1,0.8,"Schema 6b (Centrality Heavy Booster [4,5], c=-1) (p=0.80)","centrality, r in [4,5], c=-1, p=0.80",323,65.63,70.28,73.37,76.16,2.79,3.1,3.72,4.02,12.95,15.64,17.77,19.97,20.65,14.92,12.07,9.26,0.4738,52.27,51.58,59.11,0.573,0.09,11.5,2.57,9.74,4.85
beir_nfcorpus_doc_level,Edge-RAG,v6b,v6b_r2-5_c-1,0.8,"Schema 6b (Centrality Full Dynamic [2,5], c=-1) (p=0.80)","centrality, r in [2,5], c=-1, p=0.80",323,65.63,70.59,73.07,76.16,2.79,3.1,4.02,4.02,12.77,15.87,17.92,19.94,20.77,14.91,12.06,9.26,0.4697,51.84,51.46,59.17,0.573,0.09,10.4,2.57,8.46,4.49
beir_nfcorpus_doc_level,Edge-RAG,v1,v1_baseline,0.9,"Schema 1 Baseline (R=3, C_exp=2) (p=0.90)","R=3, C_exp=2, p=0.90",323,66.25,69.66,73.99,76.47,2.79,3.41,3.72,4.02,12.89,15.85,17.76,19.88,20.25,14.71,12.04,9.17,0.4756,27.49,27.82,33.69,0.573,0.09,7.9,2.73,5.45,3.0
beir_nfcorpus_doc_level,Edge-RAG,v5a,v5a_n3_r2-5_c-1,0.9,"Schema 5a (Fixed 3x, [2,5], c=-1) (p=0.90)","n=3, r in [2,5], c=-1, p=0.90",323,66.25,69.66,73.99,76.47,2.79,3.41,3.72,4.02,12.89,15.85,17.76,19.88,20.25,14.71,12.04,9.17,0.4756,27.89,27.97,34.04,0.573,0.09,7.9,2.73,5.45,3.0
beir_nfcorpus_doc_level,Edge-RAG,v5a,v5a_n4_r2-5_c-1,0.9,"Schema 5a (Fixed 4x, [2,5], c=-1) (p=0.90)","n=4, r in [2,5], c=-1, p=0.90",323,66.56,69.35,73.99,76.47,2.79,3.1,4.02,4.02,12.94,15.52,17.91,19.97,20.28,14.71,12.13,9.18,0.4758,27.61,27.84,34.24,0.573,0.09,7.9,2.73,5.45,3.0
beir_nfcorpus_doc_level,Edge-RAG,v5b,v5b_r2-5_c-1,0.9,"Schema 5b (Dynamic Contrast [2,5], c=-1) (p=0.90)","r in [2,5], c=-1, p=0.90",323,65.33,70.59,72.76,76.16,2.79,3.1,4.02,4.02,12.75,15.93,17.97,19.98,20.71,14.97,12.11,9.29,0.4692,28.07,28.58,34.63,0.573,0.09,10.8,2.73,8.71,4.44
beir_nfcorpus_doc_level,Edge-RAG,v5b,v5b_r3-5_c-1,0.9,"Schema 5b (High-Floor Safe [3,5], c=-1) (p=0.90)","r in [3,5], c=-1, p=0.90",323,65.94,70.59,73.37,76.16,2.79,2.79,4.02,4.02,12.82,15.61,17.82,19.89,20.68,14.94,12.05,9.18,0.4737,27.87,28.09,34.11,0.573,0.09,11.4,2.73,9.45,4.63
beir_nfcorpus_doc_level,Edge-RAG,v5b,v5b_r4-5_c-1,0.9,"Schema 5b (Heavy Booster [4,5], c=-1) (p=0.90)","r in [4,5], c=-1, p=0.90",323,65.63,70.28,73.37,76.16,2.79,3.1,3.72,4.02,12.86,15.62,17.8,19.93,20.62,14.94,12.11,9.26,0.4756,27.98,28.08,34.12,0.573,0.09,12.1,2.73,10.24,4.83
beir_nfcorpus_doc_level,Edge-RAG,v6a,v6a_n3_r2-5_c-1,0.9,"Schema 6a (Centrality Fixed 3x, [2,5], c=-1) (p=0.90)","centrality, n=3, r in [2,5], c=-1, p=0.90",323,66.56,71.52,73.99,76.47,2.79,3.41,3.72,4.02,12.85,15.93,17.85,19.99,20.25,14.89,12.06,9.25,0.4797,52.02,51.82,60.83,0.573,0.09,10.8,2.73,8.71,3.0
beir_nfcorpus_doc_level,Edge-RAG,v6a,v6a_n4_r2-5_c-1,0.9,"Schema 6a (Centrality Fixed 4x, [2,5], c=-1) (p=0.90)","centrality, n=4, r in [2,5], c=-1, p=0.90",323,66.56,70.9,73.99,76.16,2.79,3.1,3.72,4.02,12.9,15.6,17.8,19.98,20.43,14.78,12.12,9.24,0.4766,52.34,51.96,61.06,0.573,0.09,10.8,2.73,8.71,4.0
beir_nfcorpus_doc_level,Edge-RAG,v6b,v6b_r2-4_c-1,0.9,"Schema 6b (Centrality Low-Floor [2,4], c=-1) (p=0.90)","centrality, r in [2,4], c=-1, p=0.90",323,65.63,70.28,73.37,76.47,2.79,3.1,4.02,4.02,12.9,15.83,17.75,19.59,20.62,14.78,11.92,9.11,0.471,51.95,51.75,60.48,0.573,0.09,9.0,2.73,6.73,3.63
beir_nfcorpus_doc_level,Edge-RAG,v6b,v6b_r3-5_c-1,0.9,"Schema 6b (Centrality High-Floor [3,5], c=-1) (p=0.90)","centrality, r in [3,5], c=-1, p=0.90",323,65.94,70.59,73.37,76.16,2.79,2.79,4.02,4.02,12.82,15.61,17.82,19.89,20.68,14.94,12.05,9.18,0.4737,52.2,51.67,60.6,0.573,0.09,11.4,2.73,9.45,4.63
beir_nfcorpus_doc_level,Edge-RAG,v6b,v6b_r4-5_c-1,0.9,"Schema 6b (Centrality Heavy Booster [4,5], c=-1) (p=0.90)","centrality, r in [4,5], c=-1, p=0.90",323,65.63,70.28,73.37,76.16,2.79,3.1,3.72,4.02,12.86,15.62,17.8,19.93,20.62,14.94,12.11,9.26,0.4756,52.18,51.87,60.05,0.573,0.09,12.1,2.73,10.24,4.83
beir_nfcorpus_doc_level,Edge-RAG,v6b,v6b_r2-5_c-1,0.9,"Schema 6b (Centrality Full Dynamic [2,5], c=-1) (p=0.90)","centrality, r in [2,5], c=-1, p=0.90",323,65.33,70.59,72.76,76.16,2.79,3.1,4.02,4.02,12.75,15.93,17.97,19.98,20.71,14.97,12.11,9.29,0.4692,52.26,51.99,60.66,0.573,0.09,10.8,2.73,8.71,4.44
beir_nfcorpus_doc_level,Edge-RAG,v1,v1_baseline,1.0,"Schema 1 Baseline (R=3, C_exp=2) (p=1.00)","R=3, C_exp=2, p=1.00",323,66.25,69.66,73.99,76.47,2.79,3.41,3.72,4.02,12.89,15.85,17.76,19.88,20.25,14.71,12.04,9.17,0.4756,27.9,28.02,34.23,0.573,0.09,7.9,2.73,5.46,3.0
beir_nfcorpus_doc_level,Edge-RAG,v5a,v5a_n3_r2-5_c-1,1.0,"Schema 5a (Fixed 3x, [2,5], c=-1) (p=1.00)","n=3, r in [2,5], c=-1, p=1.00",323,66.25,69.66,73.99,76.47,2.79,3.41,3.72,4.02,12.89,15.85,17.76,19.88,20.25,14.71,12.04,9.17,0.4756,27.69,28.03,34.25,0.573,0.09,7.9,2.73,5.46,3.0
beir_nfcorpus_doc_level,Edge-RAG,v5a,v5a_n4_r2-5_c-1,1.0,"Schema 5a (Fixed 4x, [2,5], c=-1) (p=1.00)","n=4, r in [2,5], c=-1, p=1.00",323,66.56,69.35,73.99,76.47,2.79,3.1,4.02,4.02,12.94,15.52,17.91,19.97,20.28,14.71,12.13,9.18,0.4758,27.91,27.98,34.08,0.573,0.09,7.9,2.73,5.46,3.0
beir_nfcorpus_doc_level,Edge-RAG,v5b,v5b_r2-5_c-1,1.0,"Schema 5b (Dynamic Contrast [2,5], c=-1) (p=1.00)","r in [2,5], c=-1, p=1.00",323,65.33,70.59,72.76,76.16,2.79,3.1,4.02,4.02,12.75,15.93,17.97,19.98,20.71,14.97,12.11,9.29,0.4692,27.72,28.5,34.27,0.573,0.09,10.9,2.73,8.72,4.44
beir_nfcorpus_doc_level,Edge-RAG,v5b,v5b_r3-5_c-1,1.0,"Schema 5b (High-Floor Safe [3,5], c=-1) (p=1.00)","r in [3,5], c=-1, p=1.00",323,65.94,70.59,73.37,76.16,2.79,2.79,4.02,4.02,12.82,15.61,17.82,19.89,20.68,14.94,12.05,9.18,0.4737,27.94,28.01,34.23,0.573,0.09,11.5,2.73,9.45,4.63
beir_nfcorpus_doc_level,Edge-RAG,v5b,v5b_r4-5_c-1,1.0,"Schema 5b (Heavy Booster [4,5], c=-1) (p=1.00)","r in [4,5], c=-1, p=1.00",323,65.63,70.28,73.37,76.16,2.79,3.1,3.72,4.02,12.86,15.62,17.8,19.93,20.62,14.94,12.11,9.26,0.4756,27.93,28.17,34.73,0.573,0.09,12.1,2.73,10.24,4.83
beir_nfcorpus_doc_level,Edge-RAG,v6a,v6a_n3_r2-5_c-1,1.0,"Schema 6a (Centrality Fixed 3x, [2,5], c=-1) (p=1.00)","centrality, n=3, r in [2,5], c=-1, p=1.00",323,66.56,71.52,73.99,76.47,2.79,3.41,3.72,4.02,12.85,15.93,17.85,19.99,20.25,14.89,12.06,9.25,0.4797,52.25,51.9,60.5,0.573,0.09,10.9,2.73,8.72,3.0
beir_nfcorpus_doc_level,Edge-RAG,v6a,v6a_n4_r2-5_c-1,1.0,"Schema 6a (Centrality Fixed 4x, [2,5], c=-1) (p=1.00)","centrality, n=4, r in [2,5], c=-1, p=1.00",323,66.56,70.9,73.99,76.16,2.79,3.1,3.72,4.02,12.9,15.6,17.8,19.98,20.43,14.78,12.12,9.24,0.4766,52.44,51.89,60.37,0.573,0.09,10.9,2.73,8.72,4.0
beir_nfcorpus_doc_level,Edge-RAG,v6b,v6b_r2-4_c-1,1.0,"Schema 6b (Centrality Low-Floor [2,4], c=-1) (p=1.00)","centrality, r in [2,4], c=-1, p=1.00",323,65.63,70.28,73.37,76.47,2.79,3.1,4.02,4.02,12.9,15.83,17.75,19.59,20.62,14.78,11.92,9.11,0.471,52.06,51.74,60.19,0.573,0.09,9.1,2.73,6.73,3.63
beir_nfcorpus_doc_level,Edge-RAG,v6b,v6b_r3-5_c-1,1.0,"Schema 6b (Centrality High-Floor [3,5], c=-1) (p=1.00)","centrality, r in [3,5], c=-1, p=1.00",323,65.94,70.59,73.37,76.16,2.79,2.79,4.02,4.02,12.82,15.61,17.82,19.89,20.68,14.94,12.05,9.18,0.4737,52.1,51.89,60.61,0.573,0.09,11.5,2.73,9.45,4.63
beir_nfcorpus_doc_level,Edge-RAG,v6b,v6b_r4-5_c-1,1.0,"Schema 6b (Centrality Heavy Booster [4,5], c=-1) (p=1.00)","centrality, r in [4,5], c=-1, p=1.00",323,65.63,70.28,73.37,76.16,2.79,3.1,3.72,4.02,12.86,15.62,17.8,19.93,20.62,14.94,12.11,9.26,0.4756,52.56,51.86,60.21,0.573,0.09,12.1,2.73,10.24,4.83
beir_nfcorpus_doc_level,Edge-RAG,v6b,v6b_r2-5_c-1,1.0,"Schema 6b (Centrality Full Dynamic [2,5], c=-1) (p=1.00)","centrality, r in [2,5], c=-1, p=1.00",323,65.33,70.59,72.76,76.16,2.79,3.1,4.02,4.02,12.75,15.93,17.97,19.98,20.71,14.97,12.11,9.29,0.4692,52.25,51.8,60.43,0.573,0.09,10.9,2.73,8.72,4.44
beir_fiqa_doc_level,Baseline,BM25_Lucene,bm25_baseline,-,BM25 (Lucene Baseline),"k1=1.5, b=0.75",500,33.6,41.0,45.6,51.4,11.0,14.2,16.4,20.0,20.28,25.31,28.55,33.48,4.3,2.73,2.13,1.5,0.1965,1.39,1.63,2.68,5.516,0.0,11.0,0.0,0.0,0.0
beir_fiqa_doc_level,Baseline,Dense_BGE_Small,dense_bge_small,-,Dense (bge-small-en-v1.5),"dim=384, cosine",500,66.4,73.2,75.8,79.8,27.8,35.6,37.8,42.4,45.51,53.42,56.65,62.05,10.58,6.34,4.6,3.06,0.4669,80.39,80.7,83.44,28.495,1.6,11.0,0.0,0.0,0.0
beir_fiqa_doc_level,Baseline,Dense_BGE_Large,dense_bge_large,-,Dense (bge-large-en-v1.5),"dim=1024, cosine",500,72.4,79.0,82.6,85.8,33.0,41.2,46.2,51.8,51.42,60.39,65.13,69.82,11.96,7.18,5.21,3.4,0.5162,201.18,201.31,203.49,189.473,2.6,11.0,0.0,0.0,0.0
beir_fiqa_doc_level,Baseline,SPLADE_v3,splade_v3,-,SPLADE-v3 (DistilBERT),"sparse neural, distilbert",500,60.2,66.2,70.6,76.0,24.0,30.2,33.0,38.0,39.82,46.9,50.85,56.45,8.74,5.28,3.83,2.59,0.4049,67.83,67.86,69.15,280.494,4.12,11.0,0.0,0.0,0.0
beir_fiqa_doc_level,Edge-RAG,v1,v1_baseline,0.45,"Schema 1 Baseline (R=3, C_exp=2) (p=0.45)","R=3, C_exp=2, p=0.45",500,35.0,41.8,45.4,50.8,10.8,13.8,16.0,19.8,20.81,25.72,28.54,32.97,4.44,2.83,2.15,1.54,0.1907,34.9,34.87,38.52,5.616,0.09,11.3,3.97,7.95,3.0
beir_fiqa_doc_level,Edge-RAG,v5a,v5a_n3_r2-5_c-1,0.45,"Schema 5a (Fixed 3x, [2,5], c=-1) (p=0.45)","n=3, r in [2,5], c=-1, p=0.45",500,35.0,41.8,45.4,50.8,10.8,13.8,16.0,19.8,20.81,25.72,28.54,32.97,4.44,2.83,2.15,1.54,0.1907,34.95,34.93,38.66,5.616,0.09,11.3,3.97,7.95,3.0
beir_fiqa_doc_level,Edge-RAG,v5a,v5a_n4_r2-5_c-1,0.45,"Schema 5a (Fixed 4x, [2,5], c=-1) (p=0.45)","n=4, r in [2,5], c=-1, p=0.45",500,34.6,42.2,45.2,50.4,10.8,13.6,16.0,20.2,20.67,25.56,28.37,32.96,4.4,2.8,2.14,1.53,0.1905,34.76,34.93,38.79,5.616,0.09,11.3,3.97,7.95,3.0
beir_fiqa_doc_level,Edge-RAG,v5b,v5b_r2-5_c-1,0.45,"Schema 5b (Dynamic Contrast [2,5], c=-1) (p=0.45)","r in [2,5], c=-1, p=0.45",500,34.2,40.2,44.8,50.6,11.0,13.0,15.8,20.2,20.38,24.82,28.39,33.15,4.38,2.76,2.14,1.53,0.1834,35.12,35.2,39.19,5.616,0.09,15.8,3.97,13.15,4.36
beir_fiqa_doc_level,Edge-RAG,v5b,v5b_r3-5_c-1,0.45,"Schema 5b (High-Floor Safe [3,5], c=-1) (p=0.45)","r in [3,5], c=-1, p=0.45",500,35.6,41.2,45.4,50.6,11.4,13.6,16.4,20.0,21.45,25.56,28.88,32.95,4.56,2.83,2.16,1.52,0.1894,35.18,35.24,39.12,5.616,0.09,16.6,3.97,14.01,4.56
beir_fiqa_doc_level,Edge-RAG,v5b,v5b_r4-5_c-1,0.45,"Schema 5b (Heavy Booster [4,5], c=-1) (p=0.45)","r in [4,5], c=-1, p=0.45",500,35.4,41.4,44.8,50.0,11.2,13.8,15.8,20.0,21.14,25.54,28.18,32.8,4.48,2.79,2.11,1.52,0.1936,35.14,35.36,39.41,5.616,0.09,17.8,3.97,15.42,4.9
beir_fiqa_doc_level,Edge-RAG,v6a,v6a_n3_r2-5_c-1,0.45,"Schema 6a (Centrality Fixed 3x, [2,5], c=-1) (p=0.45)","centrality, n=3, r in [2,5], c=-1, p=0.45",500,34.0,40.6,44.2,49.6,10.4,13.8,16.0,19.8,20.33,25.3,28.37,33.11,4.46,2.89,2.17,1.55,0.1954,60.21,60.31,65.88,5.616,0.09,15.3,3.84,12.76,3.0
beir_fiqa_doc_level,Edge-RAG,v6a,v6a_n4_r2-5_c-1,0.45,"Schema 6a (Centrality Fixed 4x, [2,5], c=-1) (p=0.45)","centrality, n=4, r in [2,5], c=-1, p=0.45",500,34.2,40.6,44.2,49.4,10.4,13.4,16.2,20.0,20.45,24.91,28.51,32.99,4.48,2.85,2.18,1.56,0.196,60.05,60.13,65.48,5.616,0.09,15.3,3.84,12.76,4.0
beir_fiqa_doc_level,Edge-RAG,v6b,v6b_r2-4_c-1,0.45,"Schema 6b (Centrality Low-Floor [2,4], c=-1) (p=0.45)","centrality, r in [2,4], c=-1, p=0.45",500,33.8,41.0,44.6,50.2,10.8,14.2,16.2,20.0,20.43,25.83,28.5,33.12,4.42,2.94,2.15,1.54,0.1865,59.97,60.04,64.85,5.616,0.09,12.7,3.84,9.73,3.57
beir_fiqa_doc_level,Edge-RAG,v6b,v6b_r3-5_c-1,0.45,"Schema 6b (Centrality High-Floor [3,5], c=-1) (p=0.45)","centrality, r in [3,5], c=-1, p=0.45",500,34.0,40.4,44.8,50.2,10.6,14.0,16.6,20.0,20.55,25.64,28.81,33.08,4.5,2.9,2.19,1.54,0.191,60.02,60.08,65.22,5.616,0.09,16.0,3.84,13.56,4.57
beir_fiqa_doc_level,Edge-RAG,v6b,v6b_r4-5_c-1,0.45,"Schema 6b (Centrality Heavy Booster [4,5], c=-1) (p=0.45)","centrality, r in [4,5], c=-1, p=0.45",500,34.2,40.6,44.2,49.2,10.2,13.8,16.4,19.6,20.32,25.32,28.54,32.83,4.44,2.87,2.17,1.55,0.197,60.13,60.25,65.74,5.616,0.09,17.2,3.84,14.91,4.9
beir_fiqa_doc_level,Edge-RAG,v6b,v6b_r2-5_c-1,0.45,"Schema 6b (Centrality Full Dynamic [2,5], c=-1) (p=0.45)","centrality, r in [2,5], c=-1, p=0.45",500,34.0,40.2,44.6,50.2,10.6,13.6,15.6,20.4,20.27,25.18,28.2,33.26,4.46,2.84,2.15,1.55,0.1858,59.92,60.73,65.37,5.616,0.09,15.3,3.84,12.76,4.37
beir_fiqa_doc_level,Edge-RAG,v1,v1_baseline,0.5,"Schema 1 Baseline (R=3, C_exp=2) (p=0.50)","R=3, C_exp=2, p=0.50",500,35.4,42.0,45.8,51.0,11.0,14.0,16.0,19.6,21.15,25.85,28.66,33.04,4.52,2.85,2.17,1.54,0.1911,34.96,35.06,39.17,5.616,0.09,11.5,4.04,8.09,3.0
beir_fiqa_doc_level,Edge-RAG,v5a,v5a_n3_r2-5_c-1,0.5,"Schema 5a (Fixed 3x, [2,5], c=-1) (p=0.50)","n=3, r in [2,5], c=-1, p=0.50",500,35.4,42.0,45.8,51.0,11.0,14.0,16.0,19.6,21.15,25.85,28.66,33.04,4.52,2.85,2.17,1.54,0.1911,35.1,35.31,39.71,5.616,0.09,11.5,4.04,8.09,3.0
beir_fiqa_doc_level,Edge-RAG,v5a,v5a_n4_r2-5_c-1,0.5,"Schema 5a (Fixed 4x, [2,5], c=-1) (p=0.50)","n=4, r in [2,5], c=-1, p=0.50",500,35.0,42.4,45.6,50.8,11.0,13.8,16.0,19.8,20.98,25.69,28.49,32.96,4.48,2.82,2.15,1.53,0.1919,35.98,36.29,41.37,5.616,0.09,11.5,4.04,8.09,3.0
beir_fiqa_doc_level,Edge-RAG,v5b,v5b_r2-5_c-1,0.5,"Schema 5b (Dynamic Contrast [2,5], c=-1) (p=0.50)","r in [2,5], c=-1, p=0.50",500,34.6,40.4,45.2,51.2,11.2,13.4,16.0,20.2,20.67,25.06,28.66,33.36,4.44,2.79,2.16,1.54,0.1844,35.53,35.65,40.32,5.616,0.09,16.0,4.04,13.32,4.35
beir_fiqa_doc_level,Edge-RAG,v5b,v5b_r3-5_c-1,0.5,"Schema 5b (High-Floor Safe [3,5], c=-1) (p=0.50)","r in [3,5], c=-1, p=0.50",500,36.0,41.4,45.8,51.0,11.6,13.8,16.6,20.0,21.69,25.7,29.11,33.11,4.62,2.85,2.18,1.53,0.1895,35.07,35.24,39.19,5.616,0.09,16.8,4.04,14.22,4.56
beir_fiqa_doc_level,Edge-RAG,v5b,v5b_r4-5_c-1,0.5,"Schema 5b (Heavy Booster [4,5], c=-1) (p=0.50)","r in [4,5], c=-1, p=0.50",500,35.8,41.8,45.2,50.4,11.4,14.0,16.0,19.8,21.45,25.81,28.36,32.86,4.56,2.82,2.13,1.52,0.1948,35.16,35.23,39.01,5.616,0.09,18.0,4.04,15.66,4.89
beir_fiqa_doc_level,Edge-RAG,v6a,v6a_n3_r2-5_c-1,0.5,"Schema 6a (Centrality Fixed 3x, [2,5], c=-1) (p=0.50)","centrality, n=3, r in [2,5], c=-1, p=0.50",500,34.2,40.8,44.4,49.6,10.6,13.6,16.0,19.8,20.55,25.35,28.39,33.18,4.54,2.91,2.18,1.56,0.1981,60.33,60.37,65.53,5.616,0.09,15.5,3.89,12.9,3.0
beir_fiqa_doc_level,Edge-RAG,v6a,v6a_n4_r2-5_c-1,0.5,"Schema 6a (Centrality Fixed 4x, [2,5], c=-1) (p=0.50)","centrality, n=4, r in [2,5], c=-1, p=0.50",500,34.6,40.8,44.4,49.2,10.6,13.4,16.2,20.0,20.74,25.03,28.59,32.93,4.58,2.88,2.19,1.55,0.1989,60.16,60.18,65.71,5.616,0.09,15.5,3.89,12.9,4.0
beir_fiqa_doc_level,Edge-RAG,v6b,v6b_r2-4_c-1,0.5,"Schema 6b (Centrality Low-Floor [2,4], c=-1) (p=0.50)","centrality, r in [2,4], c=-1, p=0.50",500,34.0,41.2,44.6,50.0,10.8,14.2,16.4,20.0,20.49,25.97,28.62,33.12,4.46,2.96,2.16,1.54,0.1872,60.0,60.14,65.38,5.616,0.09,12.9,3.89,9.84,3.56
beir_fiqa_doc_level,Edge-RAG,v6b,v6b_r3-5_c-1,0.5,"Schema 6b (Centrality High-Floor [3,5], c=-1) (p=0.50)","centrality, r in [3,5], c=-1, p=0.50",500,34.2,40.6,44.8,50.2,10.8,14.2,16.6,20.0,20.7,25.84,28.83,33.08,4.56,2.93,2.19,1.54,0.1928,60.13,60.25,65.32,5.616,0.09,16.2,3.89,13.72,4.56
beir_fiqa_doc_level,Edge-RAG,v6b,v6b_r4-5_c-1,0.5,"Schema 6b (Centrality Heavy Booster [4,5], c=-1) (p=0.50)","centrality, r in [4,5], c=-1, p=0.50",500,34.4,40.8,44.4,49.4,10.4,13.8,16.4,19.8,20.55,25.44,28.61,32.94,4.52,2.9,2.18,1.55,0.1998,60.3,60.45,66.02,5.616,0.09,17.4,3.89,15.1,4.9
beir_fiqa_doc_level,Edge-RAG,v6b,v6b_r2-5_c-1,0.5,"Schema 6b (Centrality Full Dynamic [2,5], c=-1) (p=0.50)","centrality, r in [2,5], c=-1, p=0.50",500,34.2,40.4,44.6,50.4,10.6,13.8,15.6,20.4,20.38,25.4,28.23,33.32,4.5,2.88,2.16,1.56,0.1869,60.22,60.39,65.51,5.616,0.09,15.5,3.89,12.9,4.37
beir_fiqa_doc_level,Edge-RAG,v1,v1_baseline,0.55,"Schema 1 Baseline (R=3, C_exp=2) (p=0.55)","R=3, C_exp=2, p=0.55",500,37.8,43.2,48.0,52.0,11.6,15.4,18.2,21.0,22.33,27.15,30.88,34.66,4.76,2.99,2.29,1.59,0.1967,35.43,36.28,40.03,5.616,0.09,13.0,4.59,9.17,3.0
beir_fiqa_doc_level,Edge-RAG,v5a,v5a_n3_r2-5_c-1,0.55,"Schema 5a (Fixed 3x, [2,5], c=-1) (p=0.55)","n=3, r in [2,5], c=-1, p=0.55",500,37.8,43.2,48.0,52.0,11.6,15.4,18.2,21.0,22.33,27.15,30.88,34.66,4.76,2.99,2.29,1.59,0.1967,35.4,35.66,39.94,5.616,0.09,13.0,4.59,9.17,3.0
beir_fiqa_doc_level,Edge-RAG,v5a,v5a_n4_r2-5_c-1,0.55,"Schema 5a (Fixed 4x, [2,5], c=-1) (p=0.55)","n=4, r in [2,5], c=-1, p=0.55",500,37.4,44.0,47.8,51.6,11.4,15.6,18.2,20.8,22.0,27.32,30.8,34.36,4.68,2.98,2.29,1.57,0.1962,35.57,35.62,39.81,5.616,0.09,13.0,4.59,9.17,3.0
beir_fiqa_doc_level,Edge-RAG,v5b,v5b_r2-5_c-1,0.55,"Schema 5b (Dynamic Contrast [2,5], c=-1) (p=0.55)","r in [2,5], c=-1, p=0.55",500,36.6,43.2,46.6,52.6,11.8,15.6,17.6,21.0,21.92,27.31,30.02,34.95,4.64,3.01,2.24,1.59,0.1955,35.64,35.81,40.23,5.616,0.09,17.7,4.59,14.7,4.26
beir_fiqa_doc_level,Edge-RAG,v5b,v5b_r3-5_c-1,0.55,"Schema 5b (High-Floor Safe [3,5], c=-1) (p=0.55)","r in [3,5], c=-1, p=0.55",500,37.2,43.8,47.6,52.8,11.4,15.8,18.2,21.0,22.2,27.78,30.84,34.92,4.78,3.06,2.27,1.59,0.1962,35.75,35.85,40.54,5.616,0.09,18.7,4.59,15.87,4.5
beir_fiqa_doc_level,Edge-RAG,v5b,v5b_r4-5_c-1,0.55,"Schema 5b (Heavy Booster [4,5], c=-1) (p=0.55)","r in [4,5], c=-1, p=0.55",500,37.0,44.2,48.0,51.2,11.2,15.8,18.4,20.6,21.8,27.75,30.95,34.28,4.66,3.03,2.27,1.56,0.1976,35.72,35.86,40.45,5.616,0.09,20.1,4.59,17.57,4.85
beir_fiqa_doc_level,Edge-RAG,v6a,v6a_n3_r2-5_c-1,0.55,"Schema 6a (Centrality Fixed 3x, [2,5], c=-1) (p=0.55)","centrality, n=3, r in [2,5], c=-1, p=0.55",500,36.2,42.8,47.4,52.4,10.2,14.4,17.6,22.2,21.14,26.83,30.64,35.85,4.64,2.99,2.27,1.63,0.1957,60.97,60.91,66.15,5.616,0.09,17.2,4.43,14.3,3.0
beir_fiqa_doc_level,Edge-RAG,v6a,v6a_n4_r2-5_c-1,0.55,"Schema 6a (Centrality Fixed 4x, [2,5], c=-1) (p=0.55)","centrality, n=4, r in [2,5], c=-1, p=0.55",500,36.6,43.4,47.4,51.8,10.2,14.6,17.8,21.8,21.37,27.03,30.69,35.39,4.66,2.99,2.27,1.63,0.1958,60.75,60.86,66.7,5.616,0.09,17.2,4.43,14.3,4.0
beir_fiqa_doc_level,Edge-RAG,v6b,v6b_r2-4_c-1,0.55,"Schema 6b (Centrality Low-Floor [2,4], c=-1) (p=0.55)","centrality, r in [2,4], c=-1, p=0.55",500,35.0,43.6,47.0,51.8,10.8,15.6,18.0,21.6,21.08,27.77,30.82,35.25,4.6,3.08,2.27,1.6,0.1907,60.89,61.0,66.42,5.616,0.09,14.4,4.43,10.97,3.51
beir_fiqa_doc_level,Edge-RAG,v6b,v6b_r3-5_c-1,0.55,"Schema 6b (Centrality High-Floor [3,5], c=-1) (p=0.55)","centrality, r in [3,5], c=-1, p=0.55",500,36.0,43.2,47.6,52.4,10.6,15.2,18.2,21.6,21.42,27.59,31.17,35.57,4.74,3.05,2.29,1.62,0.194,60.93,61.05,66.82,5.616,0.09,18.1,4.43,15.39,4.51
beir_fiqa_doc_level,Edge-RAG,v6b,v6b_r4-5_c-1,0.55,"Schema 6b (Centrality Heavy Booster [4,5], c=-1) (p=0.55)","centrality, r in [4,5], c=-1, p=0.55",500,36.4,43.2,47.4,51.6,10.4,15.0,18.0,21.2,21.35,27.34,30.96,35.2,4.66,3.02,2.28,1.61,0.1967,60.87,61.07,67.31,5.616,0.09,19.4,4.43,17.01,4.86
beir_fiqa_doc_level,Edge-RAG,v6b,v6b_r2-5_c-1,0.55,"Schema 6b (Centrality Full Dynamic [2,5], c=-1) (p=0.55)","centrality, r in [2,5], c=-1, p=0.55",500,35.0,42.6,47.4,52.8,11.0,15.2,17.4,21.2,20.99,27.17,30.57,35.53,4.56,3.01,2.28,1.63,0.1904,60.72,61.47,66.41,5.616,0.09,17.2,4.43,14.3,4.28
beir_fiqa_doc_level,Edge-RAG,v1,v1_baseline,0.6,"Schema 1 Baseline (R=3, C_exp=2) (p=0.60)","R=3, C_exp=2, p=0.60",500,38.6,44.4,48.4,52.8,11.8,15.8,17.8,21.6,22.98,28.17,31.07,35.46,4.9,3.12,2.31,1.61,0.2055,35.59,35.7,40.32,5.616,0.09,13.7,4.84,9.68,3.0
beir_fiqa_doc_level,Edge-RAG,v5a,v5a_n3_r2-5_c-1,0.6,"Schema 5a (Fixed 3x, [2,5], c=-1) (p=0.60)","n=3, r in [2,5], c=-1, p=0.60",500,38.6,44.4,48.4,52.8,11.8,15.8,17.8,21.6,22.98,28.17,31.07,35.46,4.9,3.12,2.31,1.61,0.2055,35.57,35.64,40.15,5.616,0.09,13.7,4.84,9.68,3.0
beir_fiqa_doc_level,Edge-RAG,v5a,v5a_n4_r2-5_c-1,0.6,"Schema 5a (Fixed 4x, [2,5], c=-1) (p=0.60)","n=4, r in [2,5], c=-1, p=0.60",500,38.0,44.6,48.4,52.4,11.6,15.8,18.0,21.4,22.52,28.07,31.18,35.2,4.78,3.09,2.31,1.6,0.2049,35.63,35.72,40.26,5.616,0.09,13.7,4.84,9.68,3.0
beir_fiqa_doc_level,Edge-RAG,v5b,v5b_r2-5_c-1,0.6,"Schema 5b (Dynamic Contrast [2,5], c=-1) (p=0.60)","r in [2,5], c=-1, p=0.60",500,36.8,43.8,47.0,53.6,11.8,15.6,17.4,21.2,22.24,27.84,30.33,35.61,4.76,3.07,2.25,1.62,0.2027,35.85,35.96,40.67,5.616,0.09,18.5,4.84,15.3,4.22
beir_fiqa_doc_level,Edge-RAG,v5b,v5b_r3-5_c-1,0.6,"Schema 5b (High-Floor Safe [3,5], c=-1) (p=0.60)","r in [3,5], c=-1, p=0.60",500,37.6,44.4,48.4,53.6,11.8,16.0,18.4,21.2,22.68,28.36,31.52,35.64,4.86,3.11,2.31,1.62,0.2057,36.08,36.08,40.68,5.616,0.09,19.6,4.84,16.62,4.48
beir_fiqa_doc_level,Edge-RAG,v5b,v5b_r4-5_c-1,0.6,"Schema 5b (Heavy Booster [4,5], c=-1) (p=0.60)","r in [4,5], c=-1, p=0.60",500,37.4,45.2,48.2,52.2,11.8,15.8,18.2,21.2,22.4,28.41,31.29,35.22,4.76,3.12,2.29,1.6,0.2055,36.08,36.05,40.42,5.616,0.09,21.1,4.84,18.44,4.83
beir_fiqa_doc_level,Edge-RAG,v6a,v6a_n3_r2-5_c-1,0.6,"Schema 6a (Centrality Fixed 3x, [2,5], c=-1) (p=0.60)","centrality, n=3, r in [2,5], c=-1, p=0.60",500,36.8,44.0,48.0,52.2,10.4,14.8,17.4,21.8,21.6,27.65,31.03,35.59,4.74,3.05,2.31,1.62,0.2071,61.44,61.29,66.94,5.616,0.09,17.9,4.66,14.87,3.0
beir_fiqa_doc_level,Edge-RAG,v6a,v6a_n4_r2-5_c-1,0.6,"Schema 6a (Centrality Fixed 4x, [2,5], c=-1) (p=0.60)","centrality, n=4, r in [2,5], c=-1, p=0.60",500,37.0,44.6,48.0,51.6,10.4,14.8,17.4,21.2,21.77,27.74,30.9,35.06,4.76,3.06,2.3,1.62,0.2062,61.24,61.32,67.05,5.616,0.09,17.9,4.66,14.87,4.0
beir_fiqa_doc_level,Edge-RAG,v6b,v6b_r2-4_c-1,0.6,"Schema 6b (Centrality Low-Floor [2,4], c=-1) (p=0.60)","centrality, r in [2,4], c=-1, p=0.60",500,35.8,44.0,47.0,52.8,11.0,15.8,17.8,21.6,21.58,28.01,30.78,35.69,4.7,3.07,2.28,1.62,0.203,61.06,61.14,66.6,5.616,0.09,15.0,4.66,11.44,3.49
beir_fiqa_doc_level,Edge-RAG,v6b,v6b_r3-5_c-1,0.6,"Schema 6b (Centrality High-Floor [3,5], c=-1) (p=0.60)","centrality, r in [3,5], c=-1, p=0.60",500,37.0,44.0,47.6,52.8,11.0,15.4,18.0,21.4,22.1,27.99,31.15,35.78,4.88,3.06,2.31,1.64,0.2065,61.42,61.45,67.57,5.616,0.09,19.0,4.66,16.1,4.49
beir_fiqa_doc_level,Edge-RAG,v6b,v6b_r4-5_c-1,0.6,"Schema 6b (Centrality Heavy Booster [4,5], c=-1) (p=0.60)","centrality, r in [4,5], c=-1, p=0.60",500,37.2,44.4,48.0,52.0,10.6,15.2,17.6,21.2,21.85,27.97,31.18,35.41,4.78,3.08,2.32,1.62,0.2075,61.31,61.89,66.98,5.616,0.09,20.4,4.66,17.82,4.84
beir_fiqa_doc_level,Edge-RAG,v6b,v6b_r2-5_c-1,0.6,"Schema 6b (Centrality Full Dynamic [2,5], c=-1) (p=0.60)","centrality, r in [2,5], c=-1, p=0.60",500,35.8,43.4,47.6,52.6,11.2,15.4,17.2,20.8,21.47,27.6,30.61,35.3,4.68,3.03,2.27,1.63,0.1997,61.27,61.27,67.06,5.616,0.09,17.9,4.66,14.87,4.24
beir_fiqa_doc_level,Edge-RAG,v1,v1_baseline,0.65,"Schema 1 Baseline (R=3, C_exp=2) (p=0.65)","R=3, C_exp=2, p=0.65",500,39.8,45.8,49.8,54.6,12.6,16.2,18.0,22.6,23.89,28.93,32.03,37.13,5.0,3.17,2.37,1.68,0.2174,35.9,35.95,40.73,5.616,0.09,14.8,5.25,10.5,3.0
beir_fiqa_doc_level,Edge-RAG,v5a,v5a_n3_r2-5_c-1,0.65,"Schema 5a (Fixed 3x, [2,5], c=-1) (p=0.65)","n=3, r in [2,5], c=-1, p=0.65",500,39.8,45.8,49.8,54.6,12.6,16.2,18.0,22.6,23.89,28.93,32.03,37.13,5.0,3.17,2.37,1.68,0.2174,35.83,35.89,41.26,5.616,0.09,14.8,5.25,10.5,3.0
beir_fiqa_doc_level,Edge-RAG,v5a,v5a_n4_r2-5_c-1,0.65,"Schema 5a (Fixed 4x, [2,5], c=-1) (p=0.65)","n=4, r in [2,5], c=-1, p=0.65",500,39.6,45.6,49.8,54.6,12.6,16.2,18.4,22.6,23.76,28.76,32.22,37.11,4.96,3.13,2.39,1.67,0.2171,36.05,36.13,41.16,5.616,0.09,14.8,5.25,10.5,3.0
beir_fiqa_doc_level,Edge-RAG,v5b,v5b_r2-5_c-1,0.65,"Schema 5b (Dynamic Contrast [2,5], c=-1) (p=0.65)","r in [2,5], c=-1, p=0.65",500,37.4,45.4,49.0,54.8,12.2,16.4,18.6,22.6,22.64,28.94,31.83,37.1,4.8,3.18,2.34,1.66,0.2087,36.25,36.29,41.68,5.616,0.09,19.6,5.25,16.21,4.16
beir_fiqa_doc_level,Edge-RAG,v5b,v5b_r3-5_c-1,0.65,"Schema 5b (High-Floor Safe [3,5], c=-1) (p=0.65)","r in [3,5], c=-1, p=0.65",500,38.2,46.2,50.0,54.6,12.6,17.0,19.2,22.6,23.2,29.59,32.71,37.09,4.88,3.22,2.4,1.67,0.2131,36.25,36.4,41.84,5.616,0.09,20.9,5.25,17.8,4.43
beir_fiqa_doc_level,Edge-RAG,v5b,v5b_r4-5_c-1,0.65,"Schema 5b (Heavy Booster [4,5], c=-1) (p=0.65)","r in [4,5], c=-1, p=0.65",500,38.4,46.4,50.0,54.6,12.8,16.2,18.4,22.2,23.24,29.07,32.35,36.95,4.86,3.16,2.38,1.66,0.2148,36.35,36.29,41.26,5.616,0.09,22.5,5.25,19.78,4.8
beir_fiqa_doc_level,Edge-RAG,v6a,v6a_n3_r2-5_c-1,0.65,"Schema 6a (Centrality Fixed 3x, [2,5], c=-1) (p=0.65)","centrality, n=3, r in [2,5], c=-1, p=0.65",500,38.0,44.4,49.0,54.2,11.4,15.6,18.0,22.4,22.43,27.96,31.83,36.79,4.82,3.08,2.36,1.67,0.2213,61.63,61.5,67.14,5.616,0.09,19.0,5.05,15.77,3.0
beir_fiqa_doc_level,Edge-RAG,v6a,v6a_n4_r2-5_c-1,0.65,"Schema 6a (Centrality Fixed 4x, [2,5], c=-1) (p=0.65)","centrality, n=4, r in [2,5], c=-1, p=0.65",500,37.6,44.4,48.8,53.8,11.4,15.4,17.8,22.0,22.27,27.73,31.5,36.42,4.78,3.06,2.35,1.67,0.2188,61.49,61.36,67.29,5.616,0.09,19.0,5.05,15.77,4.0
beir_fiqa_doc_level,Edge-RAG,v6b,v6b_r2-4_c-1,0.65,"Schema 6b (Centrality Low-Floor [2,4], c=-1) (p=0.65)","centrality, r in [2,4], c=-1, p=0.65",500,37.0,45.2,48.4,54.2,11.6,16.6,18.4,22.0,22.17,28.7,31.57,36.51,4.74,3.14,2.34,1.64,0.2115,61.41,62.11,67.73,5.616,0.09,16.0,5.05,12.21,3.45
beir_fiqa_doc_level,Edge-RAG,v6b,v6b_r3-5_c-1,0.65,"Schema 6b (Centrality High-Floor [3,5], c=-1) (p=0.65)","centrality, r in [3,5], c=-1, p=0.65",500,37.2,45.4,49.2,53.8,11.8,16.6,18.4,22.2,22.44,28.8,31.94,36.57,4.84,3.14,2.37,1.66,0.2145,61.55,61.59,67.56,5.616,0.09,20.3,5.05,17.25,4.45
beir_fiqa_doc_level,Edge-RAG,v6b,v6b_r4-5_c-1,0.65,"Schema 6b (Centrality Heavy Booster [4,5], c=-1) (p=0.65)","centrality, r in [4,5], c=-1, p=0.65",500,37.4,45.0,49.6,53.8,11.6,15.8,18.2,21.8,22.29,28.17,32.08,36.41,4.78,3.1,2.39,1.65,0.2161,61.72,61.61,67.68,5.616,0.09,21.8,5.05,19.12,4.81
beir_fiqa_doc_level,Edge-RAG,v6b,v6b_r2-5_c-1,0.65,"Schema 6b (Centrality Full Dynamic [2,5], c=-1) (p=0.65)","centrality, r in [2,5], c=-1, p=0.65",500,36.4,44.4,48.6,53.8,11.6,15.8,18.0,22.0,21.76,27.86,31.34,36.49,4.68,3.09,2.32,1.66,0.2073,61.44,61.46,67.76,5.616,0.09,19.0,5.05,15.77,4.18
beir_fiqa_doc_level,Edge-RAG,v1,v1_baseline,0.7,"Schema 1 Baseline (R=3, C_exp=2) (p=0.70)","R=3, C_exp=2, p=0.70",500,40.2,45.8,50.2,55.6,12.6,16.0,17.8,22.6,24.22,29.33,32.32,37.69,5.1,3.25,2.43,1.72,0.2216,36.17,35.96,40.94,5.616,0.09,15.7,5.58,11.15,3.0
beir_fiqa_doc_level,Edge-RAG,v5a,v5a_n3_r2-5_c-1,0.7,"Schema 5a (Fixed 3x, [2,5], c=-1) (p=0.70)","n=3, r in [2,5], c=-1, p=0.70",500,40.2,45.8,50.2,55.6,12.6,16.0,17.8,22.6,24.22,29.33,32.32,37.69,5.1,3.25,2.43,1.72,0.2216,35.99,36.0,41.48,5.616,0.09,15.7,5.58,11.15,3.0
beir_fiqa_doc_level,Edge-RAG,v5a,v5a_n4_r2-5_c-1,0.7,"Schema 5a (Fixed 4x, [2,5], c=-1) (p=0.70)","n=4, r in [2,5], c=-1, p=0.70",500,40.0,45.6,49.8,55.6,12.8,16.0,18.0,22.6,24.1,29.26,32.24,37.71,5.06,3.23,2.43,1.72,0.2212,35.9,35.93,41.12,5.616,0.09,15.7,5.58,11.15,3.0
beir_fiqa_doc_level,Edge-RAG,v5b,v5b_r2-5_c-1,0.7,"Schema 5b (Dynamic Contrast [2,5], c=-1) (p=0.70)","r in [2,5], c=-1, p=0.70",500,38.4,45.6,49.8,55.4,12.4,16.0,18.4,22.8,23.26,28.99,32.34,37.71,4.96,3.18,2.41,1.7,0.2136,36.18,36.15,41.58,5.616,0.09,20.5,5.58,16.97,4.09
beir_fiqa_doc_level,Edge-RAG,v5b,v5b_r3-5_c-1,0.7,"Schema 5b (High-Floor Safe [3,5], c=-1) (p=0.70)","r in [3,5], c=-1, p=0.70",500,38.8,47.0,50.2,54.8,12.6,17.0,19.2,22.6,23.62,30.16,33.1,37.4,5.04,3.29,2.45,1.7,0.2179,36.36,36.26,41.52,5.616,0.09,22.0,5.58,18.73,4.39
beir_fiqa_doc_level,Edge-RAG,v5b,v5b_r4-5_c-1,0.7,"Schema 5b (Heavy Booster [4,5], c=-1) (p=0.70)","r in [4,5], c=-1, p=0.70",500,38.8,45.8,51.0,55.6,12.6,15.6,18.4,22.2,23.55,28.99,32.92,37.64,4.96,3.19,2.44,1.71,0.22,36.31,37.04,42.08,5.616,0.09,23.7,5.58,20.89,4.77
beir_fiqa_doc_level,Edge-RAG,v6a,v6a_n3_r2-5_c-1,0.7,"Schema 6a (Centrality Fixed 3x, [2,5], c=-1) (p=0.70)","centrality, n=3, r in [2,5], c=-1, p=0.70",500,39.2,45.6,49.2,55.0,12.2,16.0,17.8,22.6,23.31,28.98,32.03,37.41,4.92,3.21,2.39,1.7,0.2259,61.75,61.7,67.48,5.616,0.09,20.1,5.39,16.58,3.0
beir_fiqa_doc_level,Edge-RAG,v6a,v6a_n4_r2-5_c-1,0.7,"Schema 6a (Centrality Fixed 4x, [2,5], c=-1) (p=0.70)","centrality, n=4, r in [2,5], c=-1, p=0.70",500,39.0,45.6,49.6,54.6,12.2,16.0,17.6,22.4,23.26,29.0,31.94,37.18,4.9,3.21,2.39,1.7,0.227,61.63,61.65,67.52,5.616,0.09,20.1,5.39,16.58,4.0
beir_fiqa_doc_level,Edge-RAG,v6b,v6b_r2-4_c-1,0.7,"Schema 6b (Centrality Low-Floor [2,4], c=-1) (p=0.70)","centrality, r in [2,4], c=-1, p=0.70",500,38.8,46.4,49.4,54.2,12.4,16.8,18.4,21.8,23.52,29.68,32.24,36.68,5.0,3.26,2.39,1.67,0.2187,61.64,61.4,67.62,5.616,0.09,16.9,5.39,12.85,3.41
beir_fiqa_doc_level,Edge-RAG,v6b,v6b_r3-5_c-1,0.7,"Schema 6b (Centrality High-Floor [3,5], c=-1) (p=0.70)","centrality, r in [3,5], c=-1, p=0.70",500,38.6,46.8,49.8,54.4,12.6,16.8,18.8,22.4,23.59,29.71,32.67,37.13,5.02,3.24,2.41,1.69,0.2223,61.46,61.5,68.0,5.616,0.09,21.5,5.39,18.24,4.41
beir_fiqa_doc_level,Edge-RAG,v6b,v6b_r4-5_c-1,0.7,"Schema 6b (Centrality Heavy Booster [4,5], c=-1) (p=0.70)","centrality, r in [4,5], c=-1, p=0.70",500,38.8,45.4,50.4,54.2,12.4,15.8,18.0,21.6,23.41,28.75,32.42,36.72,4.96,3.18,2.43,1.68,0.2251,62.06,62.11,68.79,5.616,0.09,23.1,5.39,20.28,4.78
beir_fiqa_doc_level,Edge-RAG,v6b,v6b_r2-5_c-1,0.7,"Schema 6b (Centrality Full Dynamic [2,5], c=-1) (p=0.70)","centrality, r in [2,5], c=-1, p=0.70",500,37.8,45.2,49.2,55.0,12.2,15.6,18.2,22.6,22.85,28.39,31.99,37.51,4.88,3.13,2.39,1.7,0.2172,61.73,61.78,67.98,5.616,0.09,20.1,5.39,16.58,4.12
beir_fiqa_doc_level,Edge-RAG,v1,v1_baseline,0.75,"Schema 1 Baseline (R=3, C_exp=2) (p=0.75)","R=3, C_exp=2, p=0.75",500,41.0,47.0,51.2,56.2,12.8,16.6,18.2,22.4,24.68,30.09,32.88,38.04,5.18,3.29,2.46,1.74,0.2278,35.92,36.08,42.1,5.616,0.09,16.4,5.84,11.69,3.0
beir_fiqa_doc_level,Edge-RAG,v5a,v5a_n3_r2-5_c-1,0.75,"Schema 5a (Fixed 3x, [2,5], c=-1) (p=0.75)","n=3, r in [2,5], c=-1, p=0.75",500,41.0,47.0,51.2,56.2,12.8,16.6,18.2,22.4,24.68,30.09,32.88,38.04,5.18,3.29,2.46,1.74,0.2278,36.05,36.11,42.09,5.616,0.09,16.4,5.84,11.69,3.0
beir_fiqa_doc_level,Edge-RAG,v5a,v5a_n4_r2-5_c-1,0.75,"Schema 5a (Fixed 4x, [2,5], c=-1) (p=0.75)","n=4, r in [2,5], c=-1, p=0.75",500,40.6,46.8,50.8,56.0,12.8,16.6,18.2,22.0,24.32,30.03,32.8,37.73,5.12,3.27,2.46,1.73,0.2259,36.16,36.75,41.88,5.616,0.09,16.4,5.84,11.69,3.0
beir_fiqa_doc_level,Edge-RAG,v5b,v5b_r2-5_c-1,0.75,"Schema 5b (Dynamic Contrast [2,5], c=-1) (p=0.75)","r in [2,5], c=-1, p=0.75",500,39.6,46.4,50.8,55.4,13.0,16.6,18.6,22.6,24.09,29.58,32.91,37.57,5.12,3.19,2.44,1.71,0.2173,36.13,36.33,42.45,5.616,0.09,21.2,5.84,17.49,4.05
beir_fiqa_doc_level,Edge-RAG,v5b,v5b_r3-5_c-1,0.75,"Schema 5b (High-Floor Safe [3,5], c=-1) (p=0.75)","r in [3,5], c=-1, p=0.75",500,39.8,47.8,51.2,55.0,12.8,17.4,19.2,22.6,24.18,30.58,33.56,37.58,5.16,3.28,2.47,1.71,0.2227,36.03,36.27,41.98,5.616,0.09,22.8,5.84,19.46,4.37
beir_fiqa_doc_level,Edge-RAG,v5b,v5b_r4-5_c-1,0.75,"Schema 5b (Heavy Booster [4,5], c=-1) (p=0.75)","r in [4,5], c=-1, p=0.75",500,39.8,46.8,52.2,55.8,12.8,16.4,18.8,22.0,24.12,29.8,33.68,37.67,5.1,3.25,2.48,1.72,0.2244,36.35,36.4,41.87,5.616,0.09,24.6,5.84,21.72,4.74
beir_fiqa_doc_level,Edge-RAG,v6a,v6a_n3_r2-5_c-1,0.75,"Schema 6a (Centrality Fixed 3x, [2,5], c=-1) (p=0.75)","centrality, n=3, r in [2,5], c=-1, p=0.75",500,39.6,46.4,49.8,55.4,12.4,16.2,18.0,22.8,23.61,29.36,32.28,38.0,5.02,3.23,2.39,1.72,0.2274,61.59,61.7,68.4,5.616,0.09,20.8,5.64,17.09,3.0
beir_fiqa_doc_level,Edge-RAG,v6a,v6a_n4_r2-5_c-1,0.75,"Schema 6a (Centrality Fixed 4x, [2,5], c=-1) (p=0.75)","centrality, n=4, r in [2,5], c=-1, p=0.75",500,39.4,46.6,50.2,54.8,12.6,16.4,17.8,22.4,23.6,29.51,32.26,37.57,5.02,3.23,2.41,1.7,0.2273,61.7,61.78,68.34,5.616,0.09,20.8,5.64,17.09,4.0
beir_fiqa_doc_level,Edge-RAG,v6b,v6b_r2-4_c-1,0.75,"Schema 6b (Centrality Low-Floor [2,4], c=-1) (p=0.75)","centrality, r in [2,4], c=-1, p=0.75",500,38.8,47.0,50.4,54.0,12.4,16.8,19.2,21.6,23.64,29.95,33.09,36.64,5.06,3.25,2.43,1.67,0.2221,61.64,61.66,68.23,5.616,0.09,17.6,5.64,13.29,3.39
beir_fiqa_doc_level,Edge-RAG,v6b,v6b_r3-5_c-1,0.75,"Schema 6b (Centrality High-Floor [3,5], c=-1) (p=0.75)","centrality, r in [3,5], c=-1, p=0.75",500,38.8,47.4,50.4,54.4,12.6,17.0,19.2,22.4,23.82,29.99,33.12,37.23,5.1,3.24,2.43,1.69,0.2246,61.82,61.79,68.0,5.616,0.09,22.3,5.64,18.92,4.39
beir_fiqa_doc_level,Edge-RAG,v6b,v6b_r4-5_c-1,0.75,"Schema 6b (Centrality Heavy Booster [4,5], c=-1) (p=0.75)","centrality, r in [4,5], c=-1, p=0.75",500,39.4,46.4,51.0,54.4,12.8,16.0,18.4,21.8,23.91,29.28,32.84,36.99,5.1,3.22,2.45,1.69,0.2262,61.86,62.5,68.39,5.616,0.09,24.0,5.64,21.05,4.76
beir_fiqa_doc_level,Edge-RAG,v6b,v6b_r2-5_c-1,0.75,"Schema 6b (Centrality Full Dynamic [2,5], c=-1) (p=0.75)","centrality, r in [2,5], c=-1, p=0.75",500,38.6,45.8,49.8,55.0,12.6,16.2,18.4,22.8,23.54,28.93,32.34,37.63,5.02,3.15,2.41,1.7,0.2183,62.11,61.95,68.15,5.616,0.09,20.8,5.64,17.09,4.09
beir_fiqa_doc_level,Edge-RAG,v1,v1_baseline,0.8,"Schema 1 Baseline (R=3, C_exp=2) (p=0.80)","R=3, C_exp=2, p=0.80",500,41.6,47.6,50.8,57.6,13.4,16.6,18.4,23.0,25.09,30.57,33.26,39.05,5.24,3.34,2.5,1.77,0.236,36.0,36.19,42.53,5.616,0.09,17.3,6.18,12.35,3.0
beir_fiqa_doc_level,Edge-RAG,v5a,v5a_n3_r2-5_c-1,0.8,"Schema 5a (Fixed 3x, [2,5], c=-1) (p=0.80)","n=3, r in [2,5], c=-1, p=0.80",500,41.6,47.6,50.8,57.6,13.4,16.6,18.4,23.0,25.09,30.57,33.26,39.05,5.24,3.34,2.5,1.77,0.236,36.17,36.06,41.99,5.616,0.09,17.3,6.18,12.35,3.0
beir_fiqa_doc_level,Edge-RAG,v5a,v5a_n4_r2-5_c-1,0.8,"Schema 5a (Fixed 4x, [2,5], c=-1) (p=0.80)","n=4, r in [2,5], c=-1, p=0.80",500,41.2,47.6,50.4,57.2,13.2,16.6,18.2,22.4,24.68,30.53,33.01,38.55,5.16,3.33,2.47,1.76,0.2333,36.07,36.05,41.94,5.616,0.09,17.3,6.18,12.35,3.0
beir_fiqa_doc_level,Edge-RAG,v5b,v5b_r2-5_c-1,0.8,"Schema 5b (Dynamic Contrast [2,5], c=-1) (p=0.80)","r in [2,5], c=-1, p=0.80",500,40.0,47.2,51.4,56.2,13.0,16.6,19.2,23.2,24.18,29.88,33.67,38.4,5.18,3.23,2.48,1.73,0.2199,36.25,36.38,42.32,5.616,0.09,22.1,6.18,18.13,3.99
beir_fiqa_doc_level,Edge-RAG,v5b,v5b_r3-5_c-1,0.8,"Schema 5b (High-Floor Safe [3,5], c=-1) (p=0.80)","r in [3,5], c=-1, p=0.80",500,40.8,48.0,52.0,55.8,13.0,16.8,19.0,23.4,24.63,30.51,33.93,38.48,5.24,3.29,2.51,1.73,0.2267,36.36,36.33,42.78,5.616,0.09,23.9,6.18,20.35,4.33
beir_fiqa_doc_level,Edge-RAG,v5b,v5b_r4-5_c-1,0.8,"Schema 5b (Heavy Booster [4,5], c=-1) (p=0.80)","r in [4,5], c=-1, p=0.80",500,41.2,47.4,52.4,56.4,13.2,16.8,19.0,22.8,24.81,30.47,34.01,38.36,5.24,3.31,2.51,1.74,0.2316,36.28,36.3,43.04,5.616,0.09,25.8,6.18,22.77,4.71
beir_fiqa_doc_level,Edge-RAG,v6a,v6a_n3_r2-5_c-1,0.8,"Schema 6a (Centrality Fixed 3x, [2,5], c=-1) (p=0.80)","centrality, n=3, r in [2,5], c=-1, p=0.80",500,41.2,46.2,50.4,56.6,12.8,16.6,18.6,23.4,24.45,29.83,33.3,39.16,5.2,3.26,2.49,1.77,0.2312,61.48,62.14,67.97,5.616,0.09,21.7,5.99,17.79,3.0
beir_fiqa_doc_level,Edge-RAG,v6a,v6a_n4_r2-5_c-1,0.8,"Schema 6a (Centrality Fixed 4x, [2,5], c=-1) (p=0.80)","centrality, n=4, r in [2,5], c=-1, p=0.80",500,40.6,47.0,50.2,56.0,12.8,16.8,18.2,23.2,24.12,30.24,32.93,38.78,5.14,3.29,2.45,1.74,0.2288,61.42,61.51,68.79,5.616,0.09,21.7,5.99,17.79,4.0
beir_fiqa_doc_level,Edge-RAG,v6b,v6b_r2-4_c-1,0.8,"Schema 6b (Centrality Low-Floor [2,4], c=-1) (p=0.80)","centrality, r in [2,4], c=-1, p=0.80",500,39.8,47.2,51.0,54.0,12.8,16.8,19.2,21.8,24.31,30.2,33.59,37.01,5.18,3.27,2.48,1.7,0.2234,61.51,61.45,67.85,5.616,0.09,18.5,5.99,13.88,3.35
beir_fiqa_doc_level,Edge-RAG,v6b,v6b_r3-5_c-1,0.8,"Schema 6b (Centrality High-Floor [3,5], c=-1) (p=0.80)","centrality, r in [3,5], c=-1, p=0.80",500,40.2,47.6,51.2,55.4,12.8,16.8,19.4,23.2,24.34,30.23,33.8,38.38,5.2,3.29,2.5,1.72,0.226,61.6,61.51,67.84,5.616,0.09,23.4,5.99,19.87,4.35
beir_fiqa_doc_level,Edge-RAG,v6b,v6b_r4-5_c-1,0.8,"Schema 6b (Centrality Heavy Booster [4,5], c=-1) (p=0.80)","centrality, r in [4,5], c=-1, p=0.80",500,40.6,46.8,51.2,55.4,12.8,16.4,18.6,22.6,24.29,29.92,33.35,37.95,5.2,3.29,2.48,1.72,0.2275,61.49,61.58,68.55,5.616,0.09,25.2,5.99,22.17,4.72
beir_fiqa_doc_level,Edge-RAG,v6b,v6b_r2-5_c-1,0.8,"Schema 6b (Centrality Full Dynamic [2,5], c=-1) (p=0.80)","centrality, r in [2,5], c=-1, p=0.80",500,39.0,47.0,50.8,55.8,12.6,16.6,18.8,23.2,23.6,29.75,33.2,38.39,5.08,3.24,2.47,1.73,0.2195,61.67,61.6,68.55,5.616,0.09,21.7,5.99,17.79,4.02
beir_fiqa_doc_level,Edge-RAG,v1,v1_baseline,0.9,"Schema 1 Baseline (R=3, C_exp=2) (p=0.90)","R=3, C_exp=2, p=0.90",500,41.4,47.6,51.4,57.0,13.6,17.0,19.2,23.2,24.88,30.54,34.02,38.81,5.18,3.35,2.54,1.75,0.2389,35.49,35.59,41.72,5.616,0.09,19.0,6.79,13.59,3.0
beir_fiqa_doc_level,Edge-RAG,v5a,v5a_n3_r2-5_c-1,0.9,"Schema 5a (Fixed 3x, [2,5], c=-1) (p=0.90)","n=3, r in [2,5], c=-1, p=0.90",500,41.4,47.6,51.4,57.0,13.6,17.0,19.2,23.2,24.88,30.54,34.02,38.81,5.18,3.35,2.54,1.75,0.2389,35.47,36.38,41.83,5.616,0.09,19.0,6.79,13.59,3.0
beir_fiqa_doc_level,Edge-RAG,v5a,v5a_n4_r2-5_c-1,0.9,"Schema 5a (Fixed 4x, [2,5], c=-1) (p=0.90)","n=4, r in [2,5], c=-1, p=0.90",500,41.0,47.4,50.6,56.4,13.8,16.8,18.8,22.8,24.78,30.25,33.41,38.43,5.18,3.31,2.5,1.74,0.2378,35.24,35.61,41.65,5.616,0.09,19.0,6.79,13.59,3.0
beir_fiqa_doc_level,Edge-RAG,v5b,v5b_r2-5_c-1,0.9,"Schema 5b (Dynamic Contrast [2,5], c=-1) (p=0.90)","r in [2,5], c=-1, p=0.90",500,40.4,47.2,52.2,55.8,13.2,17.0,19.4,23.4,24.41,30.22,34.21,38.39,5.22,3.28,2.51,1.72,0.2206,35.77,35.95,41.87,5.616,0.09,23.5,6.79,19.1,3.87
beir_fiqa_doc_level,Edge-RAG,v5b,v5b_r3-5_c-1,0.9,"Schema 5b (High-Floor Safe [3,5], c=-1) (p=0.90)","r in [3,5], c=-1, p=0.90",500,41.4,47.4,52.0,56.6,13.6,17.0,19.2,23.4,25.2,30.38,34.14,38.69,5.34,3.32,2.51,1.73,0.2318,35.87,36.03,42.19,5.616,0.09,25.7,6.79,21.83,4.25
beir_fiqa_doc_level,Edge-RAG,v5b,v5b_r4-5_c-1,0.9,"Schema 5b (Heavy Booster [4,5], c=-1) (p=0.90)","r in [4,5], c=-1, p=0.90",500,41.2,47.6,51.8,56.0,13.6,17.0,19.2,23.2,24.95,30.59,34.02,38.29,5.3,3.34,2.5,1.73,0.238,35.67,36.0,42.61,5.616,0.09,27.9,6.79,24.66,4.66
beir_fiqa_doc_level,Edge-RAG,v6a,v6a_n3_r2-5_c-1,0.9,"Schema 6a (Centrality Fixed 3x, [2,5], c=-1) (p=0.90)","centrality, n=3, r in [2,5], c=-1, p=0.90",500,40.8,46.8,50.6,56.6,13.2,16.8,18.8,23.8,24.4,30.12,33.46,39.11,5.14,3.28,2.49,1.76,0.2377,60.96,61.21,68.25,5.616,0.09,23.4,6.74,18.95,3.0
beir_fiqa_doc_level,Edge-RAG,v6a,v6a_n4_r2-5_c-1,0.9,"Schema 6a (Centrality Fixed 4x, [2,5], c=-1) (p=0.90)","centrality, n=4, r in [2,5], c=-1, p=0.90",500,40.6,46.6,50.4,56.4,13.2,16.8,18.4,23.6,24.37,29.99,33.11,38.97,5.16,3.27,2.46,1.75,0.2366,61.11,61.33,68.06,5.616,0.09,23.4,6.74,18.95,4.0
beir_fiqa_doc_level,Edge-RAG,v6b,v6b_r2-4_c-1,0.9,"Schema 6b (Centrality Low-Floor [2,4], c=-1) (p=0.90)","centrality, r in [2,4], c=-1, p=0.90",500,41.2,47.0,51.2,55.4,13.2,16.8,18.8,23.0,24.92,30.17,33.63,38.04,5.26,3.29,2.47,1.73,0.2289,60.81,61.79,68.15,5.616,0.09,20.1,6.74,14.92,3.25
beir_fiqa_doc_level,Edge-RAG,v6b,v6b_r3-5_c-1,0.9,"Schema 6b (Centrality High-Floor [3,5], c=-1) (p=0.90)","centrality, r in [3,5], c=-1, p=0.90",500,40.8,47.2,51.6,56.2,13.0,16.8,18.8,23.8,24.7,30.18,33.91,38.81,5.28,3.3,2.49,1.73,0.2325,60.82,61.15,68.08,5.616,0.09,25.6,6.74,21.65,4.25
beir_fiqa_doc_level,Edge-RAG,v6b,v6b_r4-5_c-1,0.9,"Schema 6b (Centrality Heavy Booster [4,5], c=-1) (p=0.90)","centrality, r in [4,5], c=-1, p=0.90",500,40.8,46.8,51.0,55.4,13.4,16.6,18.6,23.4,24.75,29.99,33.43,38.22,5.3,3.3,2.46,1.73,0.2359,60.85,61.08,68.33,5.616,0.09,27.8,6.74,24.45,4.66
beir_fiqa_doc_level,Edge-RAG,v6b,v6b_r2-5_c-1,0.9,"Schema 6b (Centrality Full Dynamic [2,5], c=-1) (p=0.90)","centrality, r in [2,5], c=-1, p=0.90",500,40.0,46.6,52.0,55.6,13.0,16.6,19.0,23.6,24.14,29.77,34.01,38.51,5.2,3.25,2.49,1.72,0.2202,60.81,61.08,68.56,5.616,0.09,23.4,6.74,18.95,3.87
beir_fiqa_doc_level,Edge-RAG,v1,v1_baseline,1.0,"Schema 1 Baseline (R=3, C_exp=2) (p=1.00)","R=3, C_exp=2, p=1.00",500,41.6,47.6,51.2,56.8,13.4,17.0,19.2,23.2,25.0,30.63,33.98,38.76,5.22,3.36,2.55,1.75,0.2389,35.49,35.67,41.59,5.616,0.09,19.3,6.91,13.81,3.0
beir_fiqa_doc_level,Edge-RAG,v5a,v5a_n3_r2-5_c-1,1.0,"Schema 5a (Fixed 3x, [2,5], c=-1) (p=1.00)","n=3, r in [2,5], c=-1, p=1.00",500,41.6,47.6,51.2,56.8,13.4,17.0,19.2,23.2,25.0,30.63,33.98,38.76,5.22,3.36,2.55,1.75,0.2389,35.35,35.68,41.5,5.616,0.09,19.3,6.91,13.81,3.0
beir_fiqa_doc_level,Edge-RAG,v5a,v5a_n4_r2-5_c-1,1.0,"Schema 5a (Fixed 4x, [2,5], c=-1) (p=1.00)","n=4, r in [2,5], c=-1, p=1.00",500,41.0,47.4,50.6,56.2,13.8,16.8,18.8,22.6,24.83,30.27,33.31,38.28,5.2,3.33,2.5,1.74,0.2385,35.62,36.35,42.16,5.616,0.09,19.3,6.91,13.81,3.0
beir_fiqa_doc_level,Edge-RAG,v5b,v5b_r2-5_c-1,1.0,"Schema 5b (Dynamic Contrast [2,5], c=-1) (p=1.00)","r in [2,5], c=-1, p=1.00",500,40.4,47.2,52.2,56.0,13.2,17.2,19.4,23.4,24.51,30.25,34.22,38.43,5.26,3.28,2.51,1.72,0.2206,35.95,36.06,42.27,5.616,0.09,23.7,6.91,19.25,3.86
beir_fiqa_doc_level,Edge-RAG,v5b,v5b_r3-5_c-1,1.0,"Schema 5b (High-Floor Safe [3,5], c=-1) (p=1.00)","r in [3,5], c=-1, p=1.00",500,41.6,47.2,52.0,57.0,13.6,17.0,19.2,23.4,25.31,30.34,34.23,38.8,5.38,3.32,2.53,1.74,0.233,35.95,35.95,41.95,5.616,0.09,26.0,6.91,22.07,4.24
beir_fiqa_doc_level,Edge-RAG,v5b,v5b_r4-5_c-1,1.0,"Schema 5b (Heavy Booster [4,5], c=-1) (p=1.00)","r in [4,5], c=-1, p=1.00",500,41.4,47.4,51.4,55.8,13.6,17.0,19.0,23.0,25.21,30.55,33.74,38.2,5.36,3.34,2.49,1.72,0.2385,35.76,36.05,41.93,5.616,0.09,28.3,6.91,24.99,4.65
beir_fiqa_doc_level,Edge-RAG,v6a,v6a_n3_r2-5_c-1,1.0,"Schema 6a (Centrality Fixed 3x, [2,5], c=-1) (p=1.00)","centrality, n=3, r in [2,5], c=-1, p=1.00",500,41.0,46.8,50.6,56.4,13.0,17.0,19.0,23.8,24.4,30.22,33.57,39.06,5.14,3.29,2.5,1.75,0.2371,60.74,61.08,68.11,5.616,0.09,23.6,6.85,19.1,3.0
beir_fiqa_doc_level,Edge-RAG,v6a,v6a_n4_r2-5_c-1,1.0,"Schema 6a (Centrality Fixed 4x, [2,5], c=-1) (p=1.00)","centrality, n=4, r in [2,5], c=-1, p=1.00",500,40.6,46.6,50.6,56.0,13.2,17.0,18.6,23.2,24.37,30.09,33.22,38.62,5.16,3.28,2.47,1.74,0.2371,60.98,61.23,68.13,5.616,0.09,23.6,6.85,19.1,4.0
beir_fiqa_doc_level,Edge-RAG,v6b,v6b_r2-4_c-1,1.0,"Schema 6b (Centrality Low-Floor [2,4], c=-1) (p=1.00)","centrality, r in [2,4], c=-1, p=1.00",500,41.0,47.0,51.2,55.2,13.0,17.0,18.8,23.0,24.72,30.28,33.64,37.99,5.24,3.31,2.47,1.73,0.229,60.95,61.83,68.72,5.616,0.09,20.3,6.85,15.05,3.24
beir_fiqa_doc_level,Edge-RAG,v6b,v6b_r3-5_c-1,1.0,"Schema 6b (Centrality High-Floor [3,5], c=-1) (p=1.00)","centrality, r in [3,5], c=-1, p=1.00",500,41.0,47.0,51.6,56.6,13.0,17.0,19.0,23.8,24.76,30.24,34.04,38.92,5.3,3.31,2.51,1.74,0.2327,61.02,61.2,67.7,5.616,0.09,25.9,6.85,21.89,4.24
beir_fiqa_doc_level,Edge-RAG,v6b,v6b_r4-5_c-1,1.0,"Schema 6b (Centrality Heavy Booster [4,5], c=-1) (p=1.00)","centrality, r in [4,5], c=-1, p=1.00",500,40.8,46.6,50.8,55.2,13.2,16.6,18.6,23.2,24.65,29.95,33.34,38.06,5.28,3.3,2.47,1.72,0.2366,60.99,61.23,68.58,5.616,0.09,28.2,6.85,24.8,4.65
beir_fiqa_doc_level,Edge-RAG,v6b,v6b_r2-5_c-1,1.0,"Schema 6b (Centrality Full Dynamic [2,5], c=-1) (p=1.00)","centrality, r in [2,5], c=-1, p=1.00",500,40.0,46.6,52.0,55.8,13.0,17.0,19.2,23.6,24.14,29.9,34.06,38.55,5.2,3.26,2.49,1.73,0.2202,60.97,61.31,68.45,5.616,0.09,23.6,6.85,19.1,3.86
multihop_rag_doc_level,Baseline,BM25_Lucene,bm25_baseline,-,BM25 (Lucene Baseline),"k1=1.5, b=0.75",186,96.77,97.31,97.31,97.85,52.15,69.89,77.42,84.95,76.39,85.89,89.34,92.74,19.52,11.1,7.74,4.84,0.7186,0.28,0.29,0.38,1.193,0.0,46.3,0.0,0.0,0.0
multihop_rag_doc_level,Baseline,Dense_BGE_Small,dense_bge_small,-,Dense (bge-small-en-v1.5),"dim=384, cosine",186,97.31,98.92,98.92,99.46,43.55,60.75,68.28,80.65,73.84,84.05,87.77,92.88,18.87,10.83,7.56,4.8,0.7108,12.2,12.3,13.08,1.299,1.6,46.3,0.0,0.0,0.0
multihop_rag_doc_level,Baseline,Dense_BGE_Large,dense_bge_large,-,Dense (bge-large-en-v1.5),"dim=1024, cosine",186,97.31,99.46,99.46,99.46,49.46,68.28,79.03,88.71,76.25,88.13,92.34,95.61,19.35,11.37,7.97,4.98,0.6851,22.8,22.94,23.96,8.286,2.6,46.3,0.0,0.0,0.0
multihop_rag_doc_level,Baseline,SPLADE_v3,splade_v3,-,SPLADE-v3 (DistilBERT),"sparse neural, distilbert",186,98.92,99.46,99.46,99.46,48.92,72.04,81.18,88.71,78.14,88.71,92.43,95.43,19.95,11.48,8.01,4.97,0.7286,6.81,6.98,7.65,6.824,4.12,46.3,0.0,0.0,0.0
multihop_rag_doc_level,Edge-RAG,v1,v1_baseline,0.45,"Schema 1 Baseline (R=3, C_exp=2) (p=0.45)","R=3, C_exp=2, p=0.45",186,97.31,100.0,100.0,100.0,53.76,79.03,85.48,90.86,78.05,91.35,94.13,96.55,19.84,11.77,8.12,5.01,0.7406,33.07,33.14,37.28,1.272,0.09,38.0,13.61,27.14,3.0
multihop_rag_doc_level,Edge-RAG,v5a,v5a_n3_r2-5_c-1,0.45,"Schema 5a (Fixed 3x, [2,5], c=-1) (p=0.45)","n=3, r in [2,5], c=-1, p=0.45",186,97.31,100.0,100.0,100.0,53.76,79.03,85.48,90.86,78.05,91.35,94.13,96.55,19.84,11.77,8.12,5.01,0.7406,32.84,33.02,37.41,1.272,0.09,38.0,13.61,27.14,3.0
multihop_rag_doc_level,Edge-RAG,v5a,v5a_n4_r2-5_c-1,0.45,"Schema 5a (Fixed 4x, [2,5], c=-1) (p=0.45)","n=4, r in [2,5], c=-1, p=0.45",186,97.31,100.0,100.0,100.0,54.84,79.57,85.48,90.86,78.27,91.62,94.27,96.55,19.84,11.8,8.12,5.01,0.7522,33.18,33.23,38.21,1.272,0.09,38.0,13.61,27.14,3.0
multihop_rag_doc_level,Edge-RAG,v5b,v5b_r2-5_c-1,0.45,"Schema 5b (Dynamic Contrast [2,5], c=-1) (p=0.45)","r in [2,5], c=-1, p=0.45",186,98.39,100.0,100.0,100.0,53.76,79.57,86.02,90.86,78.58,91.26,94.35,96.59,20.0,11.77,8.14,5.01,0.7584,33.6,33.72,38.4,1.272,0.09,49.4,13.61,41.69,4.09
multihop_rag_doc_level,Edge-RAG,v5b,v5b_r3-5_c-1,0.45,"Schema 5b (High-Floor Safe [3,5], c=-1) (p=0.45)","r in [3,5], c=-1, p=0.45",186,97.85,100.0,100.0,100.0,53.23,79.03,84.95,89.78,77.55,91.26,93.86,96.19,19.68,11.77,8.08,4.99,0.751,33.65,33.82,38.26,1.272,0.09,52.1,13.61,45.35,4.35
multihop_rag_doc_level,Edge-RAG,v5b,v5b_r4-5_c-1,0.45,"Schema 5b (Heavy Booster [4,5], c=-1) (p=0.45)","r in [4,5], c=-1, p=0.45",186,97.31,100.0,100.0,100.0,54.84,80.11,85.48,91.4,78.76,91.67,94.22,96.64,20.0,11.83,8.12,5.02,0.7525,33.49,33.8,38.78,1.272,0.09,57.0,13.61,51.83,4.83
multihop_rag_doc_level,Edge-RAG,v6a,v6a_n3_r2-5_c-1,0.45,"Schema 6a (Centrality Fixed 3x, [2,5], c=-1) (p=0.45)","centrality, n=3, r in [2,5], c=-1, p=0.45",186,97.31,100.0,100.0,100.0,52.15,82.26,86.56,91.4,77.46,92.88,94.58,96.95,19.68,12.04,8.17,5.03,0.7463,60.95,60.86,65.43,1.272,0.09,48.0,13.27,40.61,3.0
multihop_rag_doc_level,Edge-RAG,v6a,v6a_n4_r2-5_c-1,0.45,"Schema 6a (Centrality Fixed 4x, [2,5], c=-1) (p=0.45)","centrality, n=4, r in [2,5], c=-1, p=0.45",186,97.31,100.0,100.0,100.0,51.61,81.18,88.17,91.4,77.42,92.43,95.16,96.77,19.62,11.99,8.23,5.02,0.7549,60.85,61.06,65.76,1.272,0.09,48.0,13.27,40.61,4.0
multihop_rag_doc_level,Edge-RAG,v6b,v6b_r2-4_c-1,0.45,"Schema 6b (Centrality Low-Floor [2,4], c=-1) (p=0.45)","centrality, r in [2,4], c=-1, p=0.45",186,98.39,100.0,100.0,100.0,52.15,80.11,86.56,91.94,77.73,91.62,94.85,97.04,19.73,11.85,8.19,5.03,0.7671,60.7,60.88,65.93,1.272,0.09,40.7,13.27,31.18,3.36
multihop_rag_doc_level,Edge-RAG,v6b,v6b_r3-5_c-1,0.45,"Schema 6b (Centrality High-Floor [3,5], c=-1) (p=0.45)","centrality, r in [3,5], c=-1, p=0.45",186,97.31,100.0,100.0,100.0,52.15,80.11,86.02,90.86,77.69,92.11,94.44,96.51,19.68,11.94,8.15,5.01,0.7646,60.9,60.87,64.99,1.272,0.09,50.7,13.27,44.31,4.36
multihop_rag_doc_level,Edge-RAG,v6b,v6b_r4-5_c-1,0.45,"Schema 6b (Centrality Heavy Booster [4,5], c=-1) (p=0.45)","centrality, r in [4,5], c=-1, p=0.45",186,97.31,100.0,100.0,100.0,53.23,81.72,86.56,92.47,78.45,92.7,94.58,97.09,19.89,12.02,8.17,5.04,0.7564,61.01,61.06,65.43,1.272,0.09,55.3,13.27,50.41,4.82
multihop_rag_doc_level,Edge-RAG,v6b,v6b_r2-5_c-1,0.45,"Schema 6b (Centrality Full Dynamic [2,5], c=-1) (p=0.45)","centrality, r in [2,5], c=-1, p=0.45",186,97.85,100.0,100.0,100.0,52.69,80.65,87.63,91.94,77.87,92.25,95.07,97.04,19.73,11.96,8.23,5.03,0.7686,60.83,61.8,65.59,1.272,0.09,48.0,13.27,40.61,4.08
multihop_rag_doc_level,Edge-RAG,v1,v1_baseline,0.5,"Schema 1 Baseline (R=3, C_exp=2) (p=0.50)","R=3, C_exp=2, p=0.50",186,97.85,100.0,100.0,100.0,55.38,81.18,86.56,90.86,79.21,92.65,95.07,96.77,20.11,11.99,8.21,5.02,0.7559,33.87,33.89,38.13,1.272,0.09,40.7,14.75,29.41,3.0
multihop_rag_doc_level,Edge-RAG,v5a,v5a_n3_r2-5_c-1,0.5,"Schema 5a (Fixed 3x, [2,5], c=-1) (p=0.50)","n=3, r in [2,5], c=-1, p=0.50",186,97.85,100.0,100.0,100.0,55.38,81.18,86.56,90.86,79.21,92.65,95.07,96.77,20.11,11.99,8.21,5.02,0.7559,33.72,34.06,38.46,1.272,0.09,40.7,14.75,29.41,3.0
multihop_rag_doc_level,Edge-RAG,v5a,v5a_n4_r2-5_c-1,0.5,"Schema 5a (Fixed 4x, [2,5], c=-1) (p=0.50)","n=4, r in [2,5], c=-1, p=0.50",186,97.85,100.0,100.0,100.0,54.84,80.65,84.95,89.78,79.21,92.47,94.62,96.15,20.11,11.96,8.15,4.99,0.7645,33.44,33.74,38.82,1.272,0.09,40.7,14.75,29.41,3.0
multihop_rag_doc_level,Edge-RAG,v5b,v5b_r2-5_c-1,0.5,"Schema 5b (Dynamic Contrast [2,5], c=-1) (p=0.50)","r in [2,5], c=-1, p=0.50",186,98.39,100.0,100.0,100.0,56.45,81.18,84.95,90.32,79.79,92.65,94.22,96.51,20.27,11.99,8.14,5.01,0.7603,34.04,34.33,39.0,1.272,0.09,52.1,14.75,44.29,4.02
multihop_rag_doc_level,Edge-RAG,v5b,v5b_r3-5_c-1,0.5,"Schema 5b (High-Floor Safe [3,5], c=-1) (p=0.50)","r in [3,5], c=-1, p=0.50",186,98.39,100.0,100.0,100.0,54.3,79.03,84.95,90.32,78.81,91.71,94.4,96.51,20.0,11.85,8.15,5.01,0.7631,34.22,34.4,39.35,1.272,0.09,55.4,14.75,48.75,4.33
multihop_rag_doc_level,Edge-RAG,v5b,v5b_r4-5_c-1,0.5,"Schema 5b (Heavy Booster [4,5], c=-1) (p=0.50)","r in [4,5], c=-1, p=0.50",186,97.85,100.0,100.0,100.0,55.38,81.18,85.48,90.86,79.61,92.65,94.49,96.68,20.27,11.99,8.15,5.02,0.7607,34.45,34.44,38.79,1.272,0.09,60.4,14.75,55.54,4.78
multihop_rag_doc_level,Edge-RAG,v6a,v6a_n3_r2-5_c-1,0.5,"Schema 6a (Centrality Fixed 3x, [2,5], c=-1) (p=0.50)","centrality, n=3, r in [2,5], c=-1, p=0.50",186,98.92,100.0,100.0,100.0,55.91,82.26,86.56,89.78,79.88,93.37,94.8,96.24,20.32,12.1,8.21,5.0,0.747,61.44,61.68,66.28,1.272,0.09,50.9,14.38,43.27,3.0
multihop_rag_doc_level,Edge-RAG,v6a,v6a_n4_r2-5_c-1,0.5,"Schema 6a (Centrality Fixed 4x, [2,5], c=-1) (p=0.50)","centrality, n=4, r in [2,5], c=-1, p=0.50",186,98.92,100.0,100.0,100.0,56.99,82.26,86.02,90.32,80.33,93.37,94.76,96.24,20.43,12.1,8.19,5.0,0.7598,61.64,61.64,66.65,1.272,0.09,50.9,14.38,43.27,4.0
multihop_rag_doc_level,Edge-RAG,v6b,v6b_r2-4_c-1,0.5,"Schema 6b (Centrality Low-Floor [2,4], c=-1) (p=0.50)","centrality, r in [2,4], c=-1, p=0.50",186,98.92,100.0,100.0,100.0,53.76,82.26,86.02,90.86,78.85,92.83,94.8,96.68,20.0,12.02,8.21,5.02,0.7652,61.58,61.61,67.58,1.272,0.09,43.4,14.38,33.41,3.34
multihop_rag_doc_level,Edge-RAG,v6b,v6b_r3-5_c-1,0.5,"Schema 6b (Centrality High-Floor [3,5], c=-1) (p=0.50)","centrality, r in [3,5], c=-1, p=0.50",186,99.46,100.0,100.0,100.0,54.84,81.18,86.02,90.32,79.61,92.7,94.67,96.42,20.16,11.99,8.19,5.01,0.7743,61.49,61.7,66.08,1.272,0.09,54.2,14.38,47.65,4.34
multihop_rag_doc_level,Edge-RAG,v6b,v6b_r4-5_c-1,0.5,"Schema 6b (Centrality Heavy Booster [4,5], c=-1) (p=0.50)","centrality, r in [4,5], c=-1, p=0.50",186,98.92,100.0,100.0,100.0,56.45,82.26,84.95,91.4,80.6,93.19,94.13,96.68,20.48,12.07,8.14,5.02,0.7595,61.73,61.85,66.55,1.272,0.09,59.0,14.38,54.17,4.79
multihop_rag_doc_level,Edge-RAG,v6b,v6b_r2-5_c-1,0.5,"Schema 6b (Centrality Full Dynamic [2,5], c=-1) (p=0.50)","centrality, r in [2,5], c=-1, p=0.50",186,98.92,100.0,100.0,100.0,54.3,81.72,85.48,90.86,79.57,92.88,94.4,96.77,20.22,12.02,8.15,5.02,0.7675,61.49,62.49,66.68,1.272,0.09,50.9,14.38,43.27,4.03
multihop_rag_doc_level,Edge-RAG,v1,v1_baseline,0.55,"Schema 1 Baseline (R=3, C_exp=2) (p=0.55)","R=3, C_exp=2, p=0.55",186,98.92,100.0,100.0,100.0,54.84,79.57,87.63,90.86,80.11,92.16,95.21,96.82,20.38,11.88,8.23,5.03,0.7654,34.53,34.91,40.15,1.272,0.09,44.5,16.35,32.62,3.0
multihop_rag_doc_level,Edge-RAG,v5a,v5a_n3_r2-5_c-1,0.55,"Schema 5a (Fixed 3x, [2,5], c=-1) (p=0.55)","n=3, r in [2,5], c=-1, p=0.55",186,98.92,100.0,100.0,100.0,54.84,79.57,87.63,90.86,80.11,92.16,95.21,96.82,20.38,11.88,8.23,5.03,0.7654,34.71,34.88,40.48,1.272,0.09,44.5,16.35,32.62,3.0
multihop_rag_doc_level,Edge-RAG,v5a,v5a_n4_r2-5_c-1,0.55,"Schema 5a (Fixed 4x, [2,5], c=-1) (p=0.55)","n=4, r in [2,5], c=-1, p=0.55",186,98.39,100.0,100.0,100.0,56.45,79.03,87.1,91.94,80.65,91.98,95.21,97.13,20.48,11.85,8.21,5.05,0.7713,34.42,34.79,39.92,1.272,0.09,44.5,16.35,32.62,3.0
multihop_rag_doc_level,Edge-RAG,v5b,v5b_r2-5_c-1,0.55,"Schema 5b (Dynamic Contrast [2,5], c=-1) (p=0.55)","r in [2,5], c=-1, p=0.55",186,98.92,100.0,100.0,100.0,56.45,81.18,86.02,91.94,80.56,92.61,94.62,97.09,20.43,11.96,8.17,5.04,0.7691,35.08,35.25,40.38,1.272,0.09,56.0,16.35,47.8,3.94
multihop_rag_doc_level,Edge-RAG,v5b,v5b_r3-5_c-1,0.55,"Schema 5b (High-Floor Safe [3,5], c=-1) (p=0.55)","r in [3,5], c=-1, p=0.55",186,98.92,100.0,100.0,100.0,55.91,81.72,86.02,91.4,80.2,92.88,94.8,96.95,20.38,11.99,8.19,5.04,0.7754,35.31,35.47,40.84,1.272,0.09,60.1,16.35,53.55,4.29
multihop_rag_doc_level,Edge-RAG,v5b,v5b_r4-5_c-1,0.55,"Schema 5b (Heavy Booster [4,5], c=-1) (p=0.55)","r in [4,5], c=-1, p=0.55",186,98.92,100.0,100.0,100.0,58.06,80.65,86.56,92.47,81.9,92.52,94.89,97.4,20.81,11.94,8.19,5.06,0.7734,35.28,35.42,40.43,1.272,0.09,65.2,16.35,60.64,4.72
multihop_rag_doc_level,Edge-RAG,v6a,v6a_n3_r2-5_c-1,0.55,"Schema 6a (Centrality Fixed 3x, [2,5], c=-1) (p=0.55)","centrality, n=3, r in [2,5], c=-1, p=0.55",186,98.92,100.0,100.0,100.0,55.38,81.18,84.95,90.86,79.66,92.88,94.58,96.73,20.27,11.99,8.17,5.03,0.7373,62.75,62.84,67.52,1.272,0.09,54.7,15.92,46.74,3.0
multihop_rag_doc_level,Edge-RAG,v6a,v6a_n4_r2-5_c-1,0.55,"Schema 6a (Centrality Fixed 4x, [2,5], c=-1) (p=0.55)","centrality, n=4, r in [2,5], c=-1, p=0.55",186,98.92,100.0,100.0,100.0,56.45,81.72,84.41,91.4,80.78,93.15,94.58,96.86,20.59,12.02,8.17,5.04,0.748,62.79,62.66,67.92,1.272,0.09,54.7,15.92,46.74,4.0
multihop_rag_doc_level,Edge-RAG,v6b,v6b_r2-4_c-1,0.55,"Schema 6b (Centrality Low-Floor [2,4], c=-1) (p=0.55)","centrality, r in [2,4], c=-1, p=0.55",186,98.92,100.0,100.0,100.0,55.91,82.8,84.95,91.4,80.15,93.32,94.22,97.0,20.38,12.07,8.14,5.04,0.7597,62.96,62.72,68.38,1.272,0.09,47.0,15.92,36.49,3.3
multihop_rag_doc_level,Edge-RAG,v6b,v6b_r3-5_c-1,0.55,"Schema 6b (Centrality High-Floor [3,5], c=-1) (p=0.55)","centrality, r in [3,5], c=-1, p=0.55",186,99.46,100.0,100.0,100.0,56.45,82.8,84.41,90.86,80.82,93.41,94.44,96.73,20.54,12.07,8.15,5.03,0.759,62.61,62.57,67.97,1.272,0.09,58.7,15.92,52.27,4.3
multihop_rag_doc_level,Edge-RAG,v6b,v6b_r4-5_c-1,0.55,"Schema 6b (Centrality Heavy Booster [4,5], c=-1) (p=0.55)","centrality, r in [4,5], c=-1, p=0.55",186,98.92,100.0,100.0,100.0,56.99,82.8,85.48,91.4,81.59,93.46,94.67,96.86,20.75,12.07,8.17,5.04,0.7549,62.9,63.85,68.07,1.272,0.09,63.6,15.92,59.17,4.73
multihop_rag_doc_level,Edge-RAG,v6b,v6b_r2-5_c-1,0.55,"Schema 6b (Centrality Full Dynamic [2,5], c=-1) (p=0.55)","centrality, r in [2,5], c=-1, p=0.55",186,98.92,100.0,100.0,100.0,54.84,83.87,85.48,90.32,79.97,93.77,94.67,96.42,20.32,12.12,8.17,5.01,0.7575,62.83,62.76,67.75,1.272,0.09,54.7,15.92,46.74,3.96
multihop_rag_doc_level,Edge-RAG,v1,v1_baseline,0.6,"Schema 1 Baseline (R=3, C_exp=2) (p=0.60)","R=3, C_exp=2, p=0.60",186,98.39,100.0,100.0,100.0,54.3,80.65,86.56,92.47,79.88,92.25,95.12,97.4,20.32,11.94,8.21,5.06,0.7733,35.33,35.55,40.9,1.272,0.09,47.5,17.66,35.23,3.0
multihop_rag_doc_level,Edge-RAG,v5a,v5a_n3_r2-5_c-1,0.6,"Schema 5a (Fixed 3x, [2,5], c=-1) (p=0.60)","n=3, r in [2,5], c=-1, p=0.60",186,98.39,100.0,100.0,100.0,54.3,80.65,86.56,92.47,79.88,92.25,95.12,97.4,20.32,11.94,8.21,5.06,0.7733,34.91,35.55,40.96,1.272,0.09,47.5,17.66,35.23,3.0
multihop_rag_doc_level,Edge-RAG,v5a,v5a_n4_r2-5_c-1,0.6,"Schema 5a (Fixed 4x, [2,5], c=-1) (p=0.60)","n=4, r in [2,5], c=-1, p=0.60",186,98.39,100.0,100.0,100.0,55.38,81.72,86.02,92.47,80.6,92.97,94.8,97.4,20.54,12.02,8.19,5.06,0.7754,35.38,35.53,40.64,1.272,0.09,47.5,17.66,35.23,3.0
multihop_rag_doc_level,Edge-RAG,v5b,v5b_r2-5_c-1,0.6,"Schema 5b (Dynamic Contrast [2,5], c=-1) (p=0.60)","r in [2,5], c=-1, p=0.60",186,98.39,100.0,100.0,100.0,54.84,81.18,86.56,91.4,79.88,92.56,94.94,96.82,20.27,11.99,8.21,5.03,0.7702,36.11,36.21,41.89,1.272,0.09,58.9,17.66,50.53,3.88
multihop_rag_doc_level,Edge-RAG,v5b,v5b_r3-5_c-1,0.6,"Schema 5b (High-Floor Safe [3,5], c=-1) (p=0.60)","r in [3,5], c=-1, p=0.60",186,98.39,100.0,100.0,100.0,55.91,81.18,87.1,92.47,80.06,92.52,95.12,97.4,20.38,11.96,8.23,5.06,0.7731,35.92,36.19,42.04,1.272,0.09,63.7,17.66,57.4,4.27
multihop_rag_doc_level,Edge-RAG,v5b,v5b_r4-5_c-1,0.6,"Schema 5b (Heavy Booster [4,5], c=-1) (p=0.60)","r in [4,5], c=-1, p=0.60",186,98.92,100.0,100.0,100.0,55.91,81.18,86.56,92.47,80.73,92.7,94.94,97.27,20.48,11.99,8.21,5.05,0.7681,35.96,36.27,41.88,1.272,0.09,68.8,17.66,64.68,4.68
multihop_rag_doc_level,Edge-RAG,v6a,v6a_n3_r2-5_c-1,0.6,"Schema 6a (Centrality Fixed 3x, [2,5], c=-1) (p=0.60)","centrality, n=3, r in [2,5], c=-1, p=0.60",186,99.46,100.0,100.0,100.0,55.91,80.11,87.1,93.55,80.42,92.52,95.16,97.76,20.43,11.94,8.23,5.09,0.7456,63.55,63.73,69.56,1.272,0.09,57.8,17.19,49.45,3.0
multihop_rag_doc_level,Edge-RAG,v6a,v6a_n4_r2-5_c-1,0.6,"Schema 6a (Centrality Fixed 4x, [2,5], c=-1) (p=0.60)","centrality, n=4, r in [2,5], c=-1, p=0.60",186,99.46,100.0,100.0,100.0,55.38,80.65,87.63,93.55,80.65,92.79,95.43,97.76,20.48,11.99,8.24,5.09,0.758,63.37,63.39,68.77,1.272,0.09,57.8,17.19,49.45,4.0
multihop_rag_doc_level,Edge-RAG,v6b,v6b_r2-4_c-1,0.6,"Schema 6b (Centrality Low-Floor [2,4], c=-1) (p=0.60)","centrality, r in [2,4], c=-1, p=0.60",186,98.39,100.0,100.0,100.0,54.3,81.18,87.63,92.47,79.53,92.92,95.47,97.4,20.22,12.02,8.24,5.06,0.7686,63.3,64.22,69.11,1.272,0.09,50.1,17.19,39.01,3.28
multihop_rag_doc_level,Edge-RAG,v6b,v6b_r3-5_c-1,0.6,"Schema 6b (Centrality High-Floor [3,5], c=-1) (p=0.60)","centrality, r in [3,5], c=-1, p=0.60",186,99.46,100.0,100.0,100.0,54.84,82.26,87.63,93.01,80.47,93.41,95.47,97.58,20.48,12.04,8.24,5.08,0.7675,63.38,63.46,69.3,1.272,0.09,62.5,17.19,56.06,4.28
multihop_rag_doc_level,Edge-RAG,v6b,v6b_r4-5_c-1,0.6,"Schema 6b (Centrality Heavy Booster [4,5], c=-1) (p=0.60)","centrality, r in [4,5], c=-1, p=0.60",186,99.46,100.0,100.0,100.0,56.45,82.8,88.17,93.55,81.99,93.68,95.56,97.63,20.86,12.1,8.26,5.08,0.7685,63.49,63.71,70.05,1.272,0.09,67.5,17.19,63.13,4.69
multihop_rag_doc_level,Edge-RAG,v6b,v6b_r2-5_c-1,0.6,"Schema 6b (Centrality Full Dynamic [2,5], c=-1) (p=0.60)","centrality, r in [2,5], c=-1, p=0.60",186,98.39,100.0,100.0,100.0,55.38,82.26,87.63,93.01,80.06,93.37,95.61,97.45,20.32,12.07,8.26,5.06,0.763,63.46,63.55,68.8,1.272,0.09,57.8,17.19,49.45,3.89
multihop_rag_doc_level,Edge-RAG,v1,v1_baseline,0.65,"Schema 1 Baseline (R=3, C_exp=2) (p=0.65)","R=3, C_exp=2, p=0.65",186,98.39,100.0,100.0,100.0,56.45,80.65,88.17,91.94,80.42,92.16,95.56,97.13,20.43,11.91,8.26,5.05,0.7823,36.57,36.93,44.58,1.272,0.09,50.7,19.06,38.03,3.0
multihop_rag_doc_level,Edge-RAG,v5a,v5a_n3_r2-5_c-1,0.65,"Schema 5a (Fixed 3x, [2,5], c=-1) (p=0.65)","n=3, r in [2,5], c=-1, p=0.65",186,98.39,100.0,100.0,100.0,56.45,80.65,88.17,91.94,80.42,92.16,95.56,97.13,20.43,11.91,8.26,5.05,0.7823,35.81,36.08,41.99,1.272,0.09,50.7,19.06,38.03,3.0
multihop_rag_doc_level,Edge-RAG,v5a,v5a_n4_r2-5_c-1,0.65,"Schema 5a (Fixed 4x, [2,5], c=-1) (p=0.65)","n=4, r in [2,5], c=-1, p=0.65",186,98.92,100.0,100.0,100.0,56.99,81.18,88.17,91.4,80.78,92.52,95.56,97.0,20.48,11.96,8.26,5.04,0.7838,35.93,36.28,42.35,1.272,0.09,50.7,19.06,38.03,3.0
multihop_rag_doc_level,Edge-RAG,v5b,v5b_r2-5_c-1,0.65,"Schema 5b (Dynamic Contrast [2,5], c=-1) (p=0.65)","r in [2,5], c=-1, p=0.65",186,98.92,100.0,100.0,100.0,57.53,81.72,88.17,91.4,81.14,92.43,95.56,96.82,20.65,11.96,8.26,5.03,0.7743,36.76,37.03,43.44,1.272,0.09,61.9,19.06,53.37,3.82
multihop_rag_doc_level,Edge-RAG,v5b,v5b_r3-5_c-1,0.65,"Schema 5b (High-Floor Safe [3,5], c=-1) (p=0.65)","r in [3,5], c=-1, p=0.65",186,98.92,100.0,100.0,100.0,55.91,82.26,88.17,90.32,80.38,92.79,95.56,96.55,20.43,11.99,8.26,5.02,0.7753,36.58,37.07,43.02,1.272,0.09,67.5,19.06,61.51,4.24
multihop_rag_doc_level,Edge-RAG,v5b,v5b_r4-5_c-1,0.65,"Schema 5b (Heavy Booster [4,5], c=-1) (p=0.65)","r in [4,5], c=-1, p=0.65",186,98.92,100.0,100.0,100.0,58.06,81.72,88.71,91.4,81.18,92.43,95.74,96.95,20.59,11.94,8.28,5.04,0.7821,36.75,37.14,43.63,1.272,0.09,72.6,19.06,68.94,4.63
multihop_rag_doc_level,Edge-RAG,v6a,v6a_n3_r2-5_c-1,0.65,"Schema 6a (Centrality Fixed 3x, [2,5], c=-1) (p=0.65)","centrality, n=3, r in [2,5], c=-1, p=0.65",186,98.39,100.0,100.0,100.0,54.3,81.72,87.63,93.55,79.7,93.1,95.61,97.8,20.22,12.02,8.24,5.09,0.7605,64.22,65.37,70.79,1.272,0.09,60.9,18.56,52.25,3.0
multihop_rag_doc_level,Edge-RAG,v6a,v6a_n4_r2-5_c-1,0.65,"Schema 6a (Centrality Fixed 4x, [2,5], c=-1) (p=0.65)","centrality, n=4, r in [2,5], c=-1, p=0.65",186,98.39,100.0,100.0,100.0,56.45,81.18,88.17,93.55,80.65,93.1,95.79,97.89,20.43,12.02,8.26,5.09,0.7717,64.55,64.57,71.71,1.272,0.09,60.9,18.56,52.25,4.0
multihop_rag_doc_level,Edge-RAG,v6b,v6b_r2-4_c-1,0.65,"Schema 6b (Centrality Low-Floor [2,4], c=-1) (p=0.65)","centrality, r in [2,4], c=-1, p=0.65",186,98.39,100.0,100.0,100.0,55.38,83.87,87.1,92.47,79.57,93.95,95.34,97.27,20.16,12.15,8.23,5.05,0.7647,64.15,64.32,70.84,1.272,0.09,53.2,18.56,41.66,3.26
multihop_rag_doc_level,Edge-RAG,v6b,v6b_r3-5_c-1,0.65,"Schema 6b (Centrality High-Floor [3,5], c=-1) (p=0.65)","centrality, r in [3,5], c=-1, p=0.65",186,98.92,100.0,100.0,100.0,55.38,82.8,87.63,93.55,79.84,93.59,95.47,97.76,20.27,12.1,8.24,5.09,0.7682,64.23,64.58,70.08,1.272,0.09,66.3,18.56,60.08,4.26
multihop_rag_doc_level,Edge-RAG,v6b,v6b_r4-5_c-1,0.65,"Schema 6b (Centrality Heavy Booster [4,5], c=-1) (p=0.65)","centrality, r in [4,5], c=-1, p=0.65",186,98.92,100.0,100.0,100.0,55.91,81.72,89.25,93.55,80.73,93.19,96.15,97.85,20.48,12.02,8.32,5.09,0.7763,64.46,64.81,70.94,1.272,0.09,71.3,18.56,67.3,4.64
multihop_rag_doc_level,Edge-RAG,v6b,v6b_r2-5_c-1,0.65,"Schema 6b (Centrality Full Dynamic [2,5], c=-1) (p=0.65)","centrality, r in [2,5], c=-1, p=0.65",186,98.39,100.0,100.0,100.0,58.06,82.8,87.63,93.55,80.65,93.59,95.65,97.72,20.43,12.1,8.26,5.08,0.762,64.35,64.44,70.35,1.272,0.09,60.9,18.56,52.25,3.83
multihop_rag_doc_level,Edge-RAG,v1,v1_baseline,0.7,"Schema 1 Baseline (R=3, C_exp=2) (p=0.70)","R=3, C_exp=2, p=0.70",186,98.92,100.0,100.0,100.0,58.06,79.57,89.25,91.4,81.27,92.34,95.74,96.82,20.65,11.91,8.28,5.03,0.7882,37.03,37.35,43.74,1.272,0.09,53.8,20.41,40.74,3.0
multihop_rag_doc_level,Edge-RAG,v5a,v5a_n3_r2-5_c-1,0.7,"Schema 5a (Fixed 3x, [2,5], c=-1) (p=0.70)","n=3, r in [2,5], c=-1, p=0.70",186,98.92,100.0,100.0,100.0,58.06,79.57,89.25,91.4,81.27,92.34,95.74,96.82,20.65,11.91,8.28,5.03,0.7882,37.07,37.19,43.48,1.272,0.09,53.8,20.41,40.74,3.0
multihop_rag_doc_level,Edge-RAG,v5a,v5a_n4_r2-5_c-1,0.7,"Schema 5a (Fixed 4x, [2,5], c=-1) (p=0.70)","n=4, r in [2,5], c=-1, p=0.70",186,99.46,100.0,100.0,100.0,58.06,80.65,88.71,91.4,81.77,92.65,95.88,96.82,20.75,11.96,8.28,5.03,0.7912,36.89,37.21,43.67,1.272,0.09,53.8,20.41,40.74,3.0
multihop_rag_doc_level,Edge-RAG,v5b,v5b_r2-5_c-1,0.7,"Schema 5b (Dynamic Contrast [2,5], c=-1) (p=0.70)","r in [2,5], c=-1, p=0.70",186,99.46,100.0,100.0,100.0,55.38,82.26,89.25,91.4,80.47,92.92,96.19,97.0,20.38,12.02,8.32,5.04,0.7856,37.75,38.76,44.2,1.272,0.09,64.8,20.41,56.07,3.76
multihop_rag_doc_level,Edge-RAG,v5b,v5b_r3-5_c-1,0.7,"Schema 5b (High-Floor Safe [3,5], c=-1) (p=0.70)","r in [3,5], c=-1, p=0.70",186,99.46,100.0,100.0,100.0,56.99,83.33,88.71,91.4,80.69,93.82,95.56,97.0,20.43,12.12,8.26,5.04,0.78,37.62,38.02,44.62,1.272,0.09,71.0,20.41,65.34,4.22
multihop_rag_doc_level,Edge-RAG,v5b,v5b_r4-5_c-1,0.7,"Schema 5b (Heavy Booster [4,5], c=-1) (p=0.70)","r in [4,5], c=-1, p=0.70",186,98.92,100.0,100.0,100.0,57.53,81.72,89.78,92.47,81.14,93.15,96.37,97.31,20.59,12.04,8.33,5.06,0.784,37.56,38.08,45.01,1.272,0.09,76.2,20.41,73.01,4.59
multihop_rag_doc_level,Edge-RAG,v6a,v6a_n3_r2-5_c-1,0.7,"Schema 6a (Centrality Fixed 3x, [2,5], c=-1) (p=0.70)","centrality, n=3, r in [2,5], c=-1, p=0.70",186,98.92,100.0,100.0,100.0,55.38,81.72,89.25,93.01,79.84,93.01,95.83,97.58,20.22,12.04,8.28,5.08,0.7663,65.4,65.43,71.76,1.272,0.09,63.8,19.91,54.99,3.0
multihop_rag_doc_level,Edge-RAG,v6a,v6a_n4_r2-5_c-1,0.7,"Schema 6a (Centrality Fixed 4x, [2,5], c=-1) (p=0.70)","centrality, n=4, r in [2,5], c=-1, p=0.70",186,98.92,100.0,100.0,100.0,55.91,81.72,88.17,93.55,80.2,92.97,95.74,97.76,20.32,12.02,8.26,5.09,0.772,65.29,65.45,71.43,1.272,0.09,63.8,19.91,54.99,4.0
multihop_rag_doc_level,Edge-RAG,v6b,v6b_r2-4_c-1,0.7,"Schema 6b (Centrality Low-Floor [2,4], c=-1) (p=0.70)","centrality, r in [2,4], c=-1, p=0.70",186,99.46,100.0,100.0,100.0,56.99,83.33,89.25,93.01,80.78,93.59,95.74,97.45,20.43,12.1,8.28,5.06,0.7798,65.28,65.2,70.94,1.272,0.09,56.1,19.91,44.16,3.23
multihop_rag_doc_level,Edge-RAG,v6b,v6b_r3-5_c-1,0.7,"Schema 6b (Centrality High-Floor [3,5], c=-1) (p=0.70)","centrality, r in [3,5], c=-1, p=0.70",186,99.46,100.0,100.0,100.0,55.91,83.87,88.71,93.01,80.73,93.95,95.61,97.45,20.48,12.15,8.26,5.06,0.7758,64.8,65.36,71.65,1.272,0.09,69.7,19.91,63.94,4.23
multihop_rag_doc_level,Edge-RAG,v6b,v6b_r4-5_c-1,0.7,"Schema 6b (Centrality Heavy Booster [4,5], c=-1) (p=0.70)","centrality, r in [4,5], c=-1, p=0.70",186,98.39,100.0,100.0,100.0,57.53,83.33,90.32,93.55,80.78,93.28,96.46,97.76,20.48,12.07,8.33,5.09,0.779,65.16,65.39,72.65,1.272,0.09,74.8,19.91,71.4,4.6
multihop_rag_doc_level,Edge-RAG,v6b,v6b_r2-5_c-1,0.7,"Schema 6b (Centrality Full Dynamic [2,5], c=-1) (p=0.70)","centrality, r in [2,5], c=-1, p=0.70",186,99.46,100.0,100.0,100.0,57.53,82.26,89.78,92.47,81.05,92.88,96.37,97.45,20.54,12.02,8.33,5.06,0.7789,65.0,65.08,71.2,1.272,0.09,63.8,19.91,54.99,3.78
multihop_rag_doc_level,Edge-RAG,v1,v1_baseline,0.75,"Schema 1 Baseline (R=3, C_exp=2) (p=0.75)","R=3, C_exp=2, p=0.75",186,99.46,100.0,100.0,100.0,58.6,81.18,88.17,92.47,81.72,92.74,95.43,97.13,20.7,11.99,8.24,5.05,0.7779,37.82,38.83,45.04,1.272,0.09,56.5,21.73,43.37,3.0
multihop_rag_doc_level,Edge-RAG,v5a,v5a_n3_r2-5_c-1,0.75,"Schema 5a (Fixed 3x, [2,5], c=-1) (p=0.75)","n=3, r in [2,5], c=-1, p=0.75",186,99.46,100.0,100.0,100.0,58.6,81.18,88.17,92.47,81.72,92.74,95.43,97.13,20.7,11.99,8.24,5.05,0.7779,38.27,38.86,45.94,1.272,0.09,56.5,21.73,43.37,3.0
multihop_rag_doc_level,Edge-RAG,v5a,v5a_n4_r2-5_c-1,0.75,"Schema 5a (Fixed 4x, [2,5], c=-1) (p=0.75)","n=4, r in [2,5], c=-1, p=0.75",186,99.46,100.0,100.0,100.0,58.6,82.8,87.63,92.47,81.9,93.41,95.43,97.13,20.75,12.07,8.24,5.05,0.7785,38.23,38.58,46.28,1.272,0.09,56.5,21.73,43.37,3.0
multihop_rag_doc_level,Edge-RAG,v5b,v5b_r2-5_c-1,0.75,"Schema 5b (Dynamic Contrast [2,5], c=-1) (p=0.75)","r in [2,5], c=-1, p=0.75",186,99.46,100.0,100.0,100.0,56.99,81.18,88.71,91.94,81.36,92.61,95.7,97.13,20.54,11.99,8.26,5.05,0.7817,38.32,38.7,45.27,1.272,0.09,67.4,21.73,58.58,3.71
multihop_rag_doc_level,Edge-RAG,v5b,v5b_r3-5_c-1,0.75,"Schema 5b (High-Floor Safe [3,5], c=-1) (p=0.75)","r in [3,5], c=-1, p=0.75",186,99.46,100.0,100.0,100.0,58.06,82.26,87.63,92.47,81.5,93.19,95.3,97.13,20.65,12.04,8.23,5.05,0.7757,38.51,38.92,45.99,1.272,0.09,74.0,21.73,68.85,4.18
multihop_rag_doc_level,Edge-RAG,v5b,v5b_r4-5_c-1,0.75,"Schema 5b (Heavy Booster [4,5], c=-1) (p=0.75)","r in [4,5], c=-1, p=0.75",186,99.46,100.0,100.0,100.0,58.06,82.8,87.63,92.47,81.85,93.32,95.3,97.31,20.75,12.07,8.23,5.06,0.7775,38.62,38.72,45.7,1.272,0.09,79.3,21.73,76.94,4.55
multihop_rag_doc_level,Edge-RAG,v6a,v6a_n3_r2-5_c-1,0.75,"Schema 6a (Centrality Fixed 3x, [2,5], c=-1) (p=0.75)","centrality, n=3, r in [2,5], c=-1, p=0.75",186,98.92,100.0,100.0,100.0,56.45,80.65,88.71,93.55,80.69,92.52,95.7,97.58,20.43,11.96,8.26,5.08,0.7717,65.73,66.09,72.9,1.272,0.09,66.4,21.18,57.47,3.0
multihop_rag_doc_level,Edge-RAG,v6a,v6a_n4_r2-5_c-1,0.75,"Schema 6a (Centrality Fixed 4x, [2,5], c=-1) (p=0.75)","centrality, n=4, r in [2,5], c=-1, p=0.75",186,99.46,100.0,100.0,100.0,56.45,80.65,88.17,93.55,80.82,92.7,95.52,97.58,20.43,11.99,8.24,5.08,0.7766,65.96,66.13,72.53,1.272,0.09,66.4,21.18,57.47,4.0
multihop_rag_doc_level,Edge-RAG,v6b,v6b_r2-4_c-1,0.75,"Schema 6b (Centrality Low-Floor [2,4], c=-1) (p=0.75)","centrality, r in [2,4], c=-1, p=0.75",186,99.46,100.0,100.0,100.0,57.53,83.33,89.78,92.47,81.41,93.46,96.01,97.22,20.65,12.1,8.3,5.05,0.779,65.61,66.84,73.89,1.272,0.09,58.6,21.18,46.36,3.2
multihop_rag_doc_level,Edge-RAG,v6b,v6b_r3-5_c-1,0.75,"Schema 6b (Centrality High-Floor [3,5], c=-1) (p=0.75)","centrality, r in [3,5], c=-1, p=0.75",186,99.46,100.0,100.0,100.0,56.99,82.8,88.71,93.55,81.41,93.5,95.61,97.58,20.65,12.1,8.26,5.08,0.7786,65.96,66.15,73.55,1.272,0.09,72.8,21.18,67.4,4.2
multihop_rag_doc_level,Edge-RAG,v6b,v6b_r4-5_c-1,0.75,"Schema 6b (Centrality Heavy Booster [4,5], c=-1) (p=0.75)","centrality, r in [4,5], c=-1, p=0.75",186,98.92,100.0,100.0,100.0,57.53,81.72,88.17,93.01,81.41,92.97,95.43,97.58,20.65,12.02,8.24,5.08,0.7761,65.92,66.15,73.4,1.272,0.09,78.1,21.18,75.2,4.56
multihop_rag_doc_level,Edge-RAG,v6b,v6b_r2-5_c-1,0.75,"Schema 6b (Centrality Full Dynamic [2,5], c=-1) (p=0.75)","centrality, r in [2,5], c=-1, p=0.75",186,99.46,100.0,100.0,100.0,55.91,81.18,89.25,92.47,80.91,92.43,95.83,97.4,20.48,11.96,8.28,5.06,0.7858,65.88,66.0,72.7,1.272,0.09,66.4,21.18,57.47,3.73
multihop_rag_doc_level,Edge-RAG,v1,v1_baseline,0.8,"Schema 1 Baseline (R=3, C_exp=2) (p=0.80)","R=3, C_exp=2, p=0.80",186,98.92,100.0,100.0,100.0,58.6,77.96,88.71,92.47,81.36,91.26,95.7,96.95,20.59,11.75,8.28,5.04,0.7763,38.23,38.79,46.43,1.272,0.09,59.5,23.14,46.19,3.0
multihop_rag_doc_level,Edge-RAG,v5a,v5a_n3_r2-5_c-1,0.8,"Schema 5a (Fixed 3x, [2,5], c=-1) (p=0.80)","n=3, r in [2,5], c=-1, p=0.80",186,98.92,100.0,100.0,100.0,58.6,77.96,88.71,92.47,81.36,91.26,95.7,96.95,20.59,11.75,8.28,5.04,0.7763,38.96,39.23,47.08,1.272,0.09,59.5,23.14,46.19,3.0
multihop_rag_doc_level,Edge-RAG,v5a,v5a_n4_r2-5_c-1,0.8,"Schema 5a (Fixed 4x, [2,5], c=-1) (p=0.80)","n=4, r in [2,5], c=-1, p=0.80",186,98.92,100.0,100.0,100.0,59.14,79.57,88.71,92.47,81.63,92.16,95.7,96.95,20.65,11.88,8.28,5.04,0.7779,38.56,38.91,45.74,1.272,0.09,59.5,23.14,46.19,3.0
multihop_rag_doc_level,Edge-RAG,v5b,v5b_r2-5_c-1,0.8,"Schema 5b (Dynamic Contrast [2,5], c=-1) (p=0.80)","r in [2,5], c=-1, p=0.80",186,99.46,100.0,100.0,100.0,56.99,81.18,89.25,92.47,81.5,92.61,95.52,97.31,20.59,11.99,8.26,5.06,0.7848,39.38,40.57,47.58,1.272,0.09,70.0,23.14,61.12,3.65
multihop_rag_doc_level,Edge-RAG,v5b,v5b_r3-5_c-1,0.8,"Schema 5b (High-Floor Safe [3,5], c=-1) (p=0.80)","r in [3,5], c=-1, p=0.80",186,98.92,100.0,100.0,100.0,56.99,79.57,88.71,91.94,80.69,92.2,95.56,96.95,20.38,11.91,8.26,5.04,0.7769,39.4,39.8,47.64,1.272,0.09,76.8,23.14,72.25,4.14
multihop_rag_doc_level,Edge-RAG,v5b,v5b_r4-5_c-1,0.8,"Schema 5b (Heavy Booster [4,5], c=-1) (p=0.80)","r in [4,5], c=-1, p=0.80",186,98.92,100.0,100.0,100.0,58.6,80.65,88.17,91.94,81.23,92.43,95.43,96.95,20.54,11.96,8.24,5.04,0.7803,39.38,39.65,47.89,1.272,0.09,82.7,23.14,81.18,4.52
multihop_rag_doc_level,Edge-RAG,v6a,v6a_n3_r2-5_c-1,0.8,"Schema 6a (Centrality Fixed 3x, [2,5], c=-1) (p=0.80)","centrality, n=3, r in [2,5], c=-1, p=0.80",186,98.92,100.0,100.0,100.0,58.6,79.57,88.17,92.47,81.14,92.03,95.47,97.4,20.48,11.88,8.26,5.06,0.7658,66.45,66.87,73.84,1.272,0.09,69.0,22.54,60.0,3.0
multihop_rag_doc_level,Edge-RAG,v6a,v6a_n4_r2-5_c-1,0.8,"Schema 6a (Centrality Fixed 4x, [2,5], c=-1) (p=0.80)","centrality, n=4, r in [2,5], c=-1, p=0.80",186,98.92,100.0,100.0,100.0,56.99,80.65,89.25,92.47,80.15,92.56,95.79,97.4,20.27,11.96,8.3,5.06,0.7753,67.11,67.17,73.48,1.272,0.09,69.0,22.54,60.0,4.0
multihop_rag_doc_level,Edge-RAG,v6b,v6b_r2-4_c-1,0.8,"Schema 6b (Centrality Low-Floor [2,4], c=-1) (p=0.80)","centrality, r in [2,4], c=-1, p=0.80",186,99.46,100.0,100.0,100.0,56.99,80.11,88.71,93.01,80.78,92.38,95.47,97.4,20.43,11.94,8.26,5.06,0.7695,67.22,67.31,74.3,1.272,0.09,61.1,22.54,48.3,3.15
multihop_rag_doc_level,Edge-RAG,v6b,v6b_r3-5_c-1,0.8,"Schema 6b (Centrality High-Floor [3,5], c=-1) (p=0.80)","centrality, r in [3,5], c=-1, p=0.80",186,98.92,100.0,100.0,100.0,57.53,80.65,87.63,92.47,80.65,92.56,95.21,97.22,20.38,11.96,8.23,5.05,0.7729,67.16,67.25,74.47,1.272,0.09,75.8,22.54,70.69,4.15
multihop_rag_doc_level,Edge-RAG,v6b,v6b_r4-5_c-1,0.8,"Schema 6b (Centrality Heavy Booster [4,5], c=-1) (p=0.80)","centrality, r in [4,5], c=-1, p=0.80",186,98.92,100.0,100.0,100.0,59.68,80.65,87.63,93.55,81.32,92.43,95.3,97.76,20.54,11.96,8.23,5.09,0.7719,67.19,67.31,74.92,1.272,0.09,81.4,22.54,79.29,4.53
multihop_rag_doc_level,Edge-RAG,v6b,v6b_r2-5_c-1,0.8,"Schema 6b (Centrality Full Dynamic [2,5], c=-1) (p=0.80)","centrality, r in [2,5], c=-1, p=0.80",186,99.46,100.0,100.0,100.0,56.99,80.65,88.71,93.55,81.0,92.43,95.74,97.76,20.43,11.96,8.28,5.09,0.7778,67.14,67.96,74.27,1.272,0.09,69.0,22.54,60.0,3.68
multihop_rag_doc_level,Edge-RAG,v1,v1_baseline,0.9,"Schema 1 Baseline (R=3, C_exp=2) (p=0.90)","R=3, C_exp=2, p=0.90",186,98.39,100.0,100.0,100.0,58.6,79.03,87.63,92.47,81.05,92.16,95.12,97.22,20.48,11.88,8.23,5.05,0.7773,40.76,40.84,49.42,1.272,0.09,64.6,25.84,51.59,3.0
multihop_rag_doc_level,Edge-RAG,v5a,v5a_n3_r2-5_c-1,0.9,"Schema 5a (Fixed 3x, [2,5], c=-1) (p=0.90)","n=3, r in [2,5], c=-1, p=0.90",186,98.39,100.0,100.0,100.0,58.6,79.03,87.63,92.47,81.05,92.16,95.12,97.22,20.48,11.88,8.23,5.05,0.7773,40.53,41.08,50.45,1.272,0.09,64.6,25.84,51.59,3.0
multihop_rag_doc_level,Edge-RAG,v5a,v5a_n4_r2-5_c-1,0.9,"Schema 5a (Fixed 4x, [2,5], c=-1) (p=0.90)","n=4, r in [2,5], c=-1, p=0.90",186,98.92,100.0,100.0,100.0,59.68,79.57,87.1,93.01,81.94,92.34,94.85,97.4,20.7,11.91,8.21,5.06,0.7779,40.98,40.91,48.96,1.272,0.09,64.6,25.84,51.59,3.0
multihop_rag_doc_level,Edge-RAG,v5b,v5b_r2-5_c-1,0.9,"Schema 5b (Dynamic Contrast [2,5], c=-1) (p=0.90)","r in [2,5], c=-1, p=0.90",186,99.46,100.0,100.0,100.0,57.53,82.26,89.25,91.94,81.45,92.92,95.52,97.13,20.54,12.04,8.26,5.05,0.7789,41.79,41.85,50.94,1.272,0.09,74.1,25.84,64.89,3.53
multihop_rag_doc_level,Edge-RAG,v5b,v5b_r3-5_c-1,0.9,"Schema 5b (High-Floor Safe [3,5], c=-1) (p=0.90)","r in [3,5], c=-1, p=0.90",186,98.92,100.0,100.0,100.0,58.06,80.65,87.63,90.86,81.14,92.56,95.03,96.64,20.48,11.96,8.21,5.02,0.7744,41.52,41.95,50.34,1.272,0.09,81.7,25.84,78.05,4.04
multihop_rag_doc_level,Edge-RAG,v5b,v5b_r4-5_c-1,0.9,"Schema 5b (Heavy Booster [4,5], c=-1) (p=0.90)","r in [4,5], c=-1, p=0.90",186,98.92,100.0,100.0,100.0,58.6,81.72,87.1,91.94,81.18,92.97,94.8,97.22,20.54,12.02,8.19,5.05,0.771,41.5,42.84,50.71,1.272,0.09,88.4,25.84,89.28,4.46
multihop_rag_doc_level,Edge-RAG,v6a,v6a_n3_r2-5_c-1,0.9,"Schema 6a (Centrality Fixed 3x, [2,5], c=-1) (p=0.90)","centrality, n=3, r in [2,5], c=-1, p=0.90",186,98.92,100.0,100.0,100.0,58.06,79.03,87.63,91.94,80.73,91.89,95.3,97.22,20.43,11.85,8.24,5.05,0.771,69.36,69.08,76.82,1.272,0.09,73.2,25.23,63.82,3.0
multihop_rag_doc_level,Edge-RAG,v6a,v6a_n4_r2-5_c-1,0.9,"Schema 6a (Centrality Fixed 4x, [2,5], c=-1) (p=0.90)","centrality, n=4, r in [2,5], c=-1, p=0.90",186,98.92,100.0,100.0,100.0,59.14,79.57,87.1,93.01,81.54,92.25,95.03,97.4,20.65,11.91,8.23,5.06,0.7758,68.75,69.05,77.81,1.272,0.09,73.2,25.23,63.82,4.0
multihop_rag_doc_level,Edge-RAG,v6b,v6b_r2-4_c-1,0.9,"Schema 6b (Centrality Low-Floor [2,4], c=-1) (p=0.90)","centrality, r in [2,4], c=-1, p=0.90",186,99.46,100.0,100.0,100.0,57.53,80.65,88.71,91.94,81.18,92.43,95.3,97.04,20.54,11.94,8.24,5.04,0.772,69.09,69.35,78.62,1.272,0.09,65.2,25.23,51.39,3.05
multihop_rag_doc_level,Edge-RAG,v6b,v6b_r3-5_c-1,0.9,"Schema 6b (Centrality High-Floor [3,5], c=-1) (p=0.90)","centrality, r in [3,5], c=-1, p=0.90",186,98.92,100.0,100.0,100.0,59.14,80.11,87.63,90.86,81.41,92.38,95.21,96.64,20.59,11.94,8.23,5.02,0.7689,69.31,69.28,77.53,1.272,0.09,80.6,25.23,76.48,4.05
multihop_rag_doc_level,Edge-RAG,v6b,v6b_r4-5_c-1,0.9,"Schema 6b (Centrality Heavy Booster [4,5], c=-1) (p=0.90)","centrality, r in [4,5], c=-1, p=0.90",186,98.92,100.0,100.0,100.0,60.22,81.72,87.63,91.4,82.08,92.88,95.25,96.95,20.75,12.02,8.23,5.04,0.7667,69.4,69.32,76.82,1.272,0.09,87.3,25.23,87.37,4.47
multihop_rag_doc_level,Edge-RAG,v6b,v6b_r2-5_c-1,0.9,"Schema 6b (Centrality Full Dynamic [2,5], c=-1) (p=0.90)","centrality, r in [2,5], c=-1, p=0.90",186,99.46,100.0,100.0,100.0,56.99,82.8,89.78,91.4,81.05,93.1,95.79,96.95,20.43,12.07,8.28,5.04,0.7764,69.3,70.14,77.38,1.272,0.09,73.2,25.23,63.82,3.55
multihop_rag_doc_level,Edge-RAG,v1,v1_baseline,1.0,"Schema 1 Baseline (R=3, C_exp=2) (p=1.00)","R=3, C_exp=2, p=1.00",186,98.39,100.0,100.0,100.0,58.6,79.57,87.63,92.47,81.05,92.34,95.12,97.22,20.48,11.91,8.23,5.05,0.7774,42.18,42.51,51.5,1.272,0.09,67.0,27.45,54.81,3.0
multihop_rag_doc_level,Edge-RAG,v5a,v5a_n3_r2-5_c-1,1.0,"Schema 5a (Fixed 3x, [2,5], c=-1) (p=1.00)","n=3, r in [2,5], c=-1, p=1.00",186,98.39,100.0,100.0,100.0,58.6,79.57,87.63,92.47,81.05,92.34,95.12,97.22,20.48,11.91,8.23,5.05,0.7774,42.14,42.54,52.35,1.272,0.09,67.0,27.45,54.81,3.0
multihop_rag_doc_level,Edge-RAG,v5a,v5a_n4_r2-5_c-1,1.0,"Schema 5a (Fixed 4x, [2,5], c=-1) (p=1.00)","n=4, r in [2,5], c=-1, p=1.00",186,98.92,100.0,100.0,100.0,59.14,80.11,87.1,92.47,81.59,92.52,95.03,97.22,20.59,11.94,8.23,5.05,0.7806,42.84,42.59,51.5,1.272,0.09,67.0,27.45,54.81,3.0
multihop_rag_doc_level,Edge-RAG,v5b,v5b_r2-5_c-1,1.0,"Schema 5b (Dynamic Contrast [2,5], c=-1) (p=1.00)","r in [2,5], c=-1, p=1.00",186,99.46,100.0,100.0,100.0,57.53,81.72,89.25,91.4,81.45,92.83,95.52,96.95,20.54,12.02,8.26,5.04,0.7812,42.71,43.4,52.85,1.272,0.09,76.0,27.45,66.61,3.44
multihop_rag_doc_level,Edge-RAG,v5b,v5b_r3-5_c-1,1.0,"Schema 5b (High-Floor Safe [3,5], c=-1) (p=1.00)","r in [3,5], c=-1, p=1.00",186,98.92,100.0,100.0,100.0,58.06,80.65,88.17,90.32,81.14,92.56,95.16,96.46,20.48,11.96,8.23,5.01,0.7758,43.43,43.87,52.42,1.272,0.09,83.9,27.45,81.27,3.98
multihop_rag_doc_level,Edge-RAG,v5b,v5b_r4-5_c-1,1.0,"Schema 5b (Heavy Booster [4,5], c=-1) (p=1.00)","r in [4,5], c=-1, p=1.00",186,98.92,100.0,100.0,100.0,58.6,82.26,87.63,91.94,81.18,93.15,95.07,97.22,20.54,12.04,8.21,5.05,0.7745,43.1,44.53,53.26,1.272,0.09,91.1,27.45,94.1,4.44
multihop_rag_doc_level,Edge-RAG,v6a,v6a_n3_r2-5_c-1,1.0,"Schema 6a (Centrality Fixed 3x, [2,5], c=-1) (p=1.00)","centrality, n=3, r in [2,5], c=-1, p=1.00",186,98.92,100.0,100.0,100.0,57.53,79.03,87.63,91.94,80.47,92.07,95.3,97.22,20.38,11.88,8.24,5.05,0.7712,71.01,70.89,79.75,1.272,0.09,75.3,26.97,65.66,3.0
multihop_rag_doc_level,Edge-RAG,v6a,v6a_n4_r2-5_c-1,1.0,"Schema 6a (Centrality Fixed 4x, [2,5], c=-1) (p=1.00)","centrality, n=4, r in [2,5], c=-1, p=1.00",186,98.92,100.0,100.0,100.0,58.6,79.57,87.1,92.47,81.18,92.25,95.03,97.22,20.54,11.91,8.23,5.05,0.7795,71.02,71.44,81.99,1.272,0.09,75.3,26.97,65.66,4.0
multihop_rag_doc_level,Edge-RAG,v6b,v6b_r2-4_c-1,1.0,"Schema 6b (Centrality Low-Floor [2,4], c=-1) (p=1.00)","centrality, r in [2,4], c=-1, p=1.00",186,99.46,100.0,100.0,100.0,57.53,80.11,88.71,91.94,81.18,92.29,95.3,97.04,20.54,11.91,8.24,5.04,0.7731,71.13,71.13,80.22,1.272,0.09,67.3,26.97,53.14,2.98
multihop_rag_doc_level,Edge-RAG,v6b,v6b_r3-5_c-1,1.0,"Schema 6b (Centrality High-Floor [3,5], c=-1) (p=1.00)","centrality, r in [3,5], c=-1, p=1.00",186,98.92,100.0,100.0,100.0,59.14,80.11,88.17,90.32,81.41,92.38,95.34,96.46,20.59,11.94,8.24,5.01,0.7715,71.29,71.13,80.68,1.272,0.09,83.2,26.97,79.97,3.98
multihop_rag_doc_level,Edge-RAG,v6b,v6b_r4-5_c-1,1.0,"Schema 6b (Centrality Heavy Booster [4,5], c=-1) (p=1.00)","centrality, r in [4,5], c=-1, p=1.00",186,98.92,100.0,100.0,100.0,60.22,81.72,87.63,91.4,82.08,92.88,95.07,97.04,20.75,12.02,8.21,5.04,0.7702,70.8,71.07,79.74,1.272,0.09,90.3,26.97,92.58,4.44
multihop_rag_doc_level,Edge-RAG,v6b,v6b_r2-5_c-1,1.0,"Schema 6b (Centrality Full Dynamic [2,5], c=-1) (p=1.00)","centrality, r in [2,5], c=-1, p=1.00",186,99.46,100.0,100.0,100.0,56.99,82.26,89.78,91.4,81.05,92.97,95.79,96.95,20.43,12.04,8.28,5.04,0.7787,70.5,71.85,80.84,1.272,0.09,75.3,26.97,65.66,3.45
financebench_doc_level,Baseline,BM25_Lucene,bm25_baseline,-,BM25 (Lucene Baseline),"k1=1.5, b=0.75",150,42.0,52.0,58.0,64.67,39.33,47.33,54.0,60.0,40.67,49.67,56.11,62.33,4.67,2.9,2.22,1.48,0.2368,0.11,0.12,0.2,0.077,0.0,27.0,0.0,0.0,0.0
financebench_doc_level,Baseline,Dense_BGE_Small,dense_bge_small,-,Dense (bge-small-en-v1.5),"dim=384, cosine",150,91.33,93.33,95.33,96.67,82.67,89.33,92.0,94.0,86.89,91.44,93.78,95.44,10.67,5.7,3.89,2.37,0.6042,11.56,11.68,12.66,0.537,1.6,27.0,0.0,0.0,0.0
financebench_doc_level,Baseline,Dense_BGE_Large,dense_bge_large,-,Dense (bge-large-en-v1.5),"dim=1024, cosine",150,93.33,96.0,98.0,98.67,88.67,94.0,96.67,98.67,91.11,95.11,97.44,98.67,11.33,5.93,4.04,2.47,0.6959,21.33,21.42,22.49,3.41,2.6,27.0,0.0,0.0,0.0
financebench_doc_level,Baseline,SPLADE_v3,splade_v3,-,SPLADE-v3 (DistilBERT),"sparse neural, distilbert",150,87.33,94.0,95.33,96.67,77.33,86.67,92.67,95.33,82.33,90.44,94.11,96.11,10.07,5.53,3.89,2.4,0.6128,6.38,6.54,7.33,1.807,4.12,27.0,0.0,0.0,0.0
financebench_doc_level,Edge-RAG,v1,v1_baseline,0.45,"Schema 1 Baseline (R=3, C_exp=2) (p=0.45)","R=3, C_exp=2, p=0.45",150,62.67,75.33,80.67,84.0,58.67,69.33,76.67,81.33,60.67,72.44,78.67,82.67,7.4,4.5,3.29,2.07,0.3212,32.22,35.24,48.04,0.105,0.09,24.6,8.43,16.85,3.0
financebench_doc_level,Edge-RAG,v5a,v5a_n3_r2-5_c-1,0.45,"Schema 5a (Fixed 3x, [2,5], c=-1) (p=0.45)","n=3, r in [2,5], c=-1, p=0.45",150,62.67,75.33,80.67,84.0,58.67,69.33,76.67,81.33,60.67,72.44,78.67,82.67,7.4,4.5,3.29,2.07,0.3212,32.4,35.28,48.49,0.105,0.09,24.6,8.43,16.85,3.0
financebench_doc_level,Edge-RAG,v5a,v5a_n4_r2-5_c-1,0.45,"Schema 5a (Fixed 4x, [2,5], c=-1) (p=0.45)","n=4, r in [2,5], c=-1, p=0.45",150,64.0,76.0,79.33,84.0,59.33,70.0,75.33,81.33,61.67,73.11,77.33,82.67,7.53,4.53,3.22,2.07,0.3249,32.68,35.4,48.76,0.105,0.09,24.6,8.43,16.85,3.0
financebench_doc_level,Edge-RAG,v5b,v5b_r2-5_c-1,0.45,"Schema 5b (Dynamic Contrast [2,5], c=-1) (p=0.45)","r in [2,5], c=-1, p=0.45",150,61.33,75.33,79.33,84.67,58.0,70.67,74.67,82.0,59.67,73.11,77.11,83.33,7.27,4.53,3.2,2.08,0.3206,32.86,35.43,48.37,0.105,0.09,34.4,8.43,28.32,4.39
financebench_doc_level,Edge-RAG,v5b,v5b_r3-5_c-1,0.45,"Schema 5b (High-Floor Safe [3,5], c=-1) (p=0.45)","r in [3,5], c=-1, p=0.45",150,60.67,75.33,80.0,84.67,58.0,70.67,75.33,82.0,59.33,73.11,77.78,83.33,7.27,4.53,3.22,2.08,0.3243,32.61,35.46,48.59,0.105,0.09,35.1,8.43,29.25,4.52
financebench_doc_level,Edge-RAG,v5b,v5b_r4-5_c-1,0.45,"Schema 5b (Heavy Booster [4,5], c=-1) (p=0.45)","r in [4,5], c=-1, p=0.45",150,60.0,76.0,80.0,84.67,57.33,70.67,76.0,82.0,58.67,73.44,78.11,83.33,7.2,4.53,3.22,2.08,0.3254,32.61,35.51,49.6,0.105,0.09,37.1,8.43,31.83,4.83
financebench_doc_level,Edge-RAG,v6a,v6a_n3_r2-5_c-1,0.45,"Schema 6a (Centrality Fixed 3x, [2,5], c=-1) (p=0.45)","centrality, n=3, r in [2,5], c=-1, p=0.45",150,63.33,75.33,80.67,84.0,58.67,68.67,74.67,82.67,61.0,72.22,77.78,83.33,7.4,4.4,3.22,2.09,0.3203,59.81,62.07,75.29,0.105,0.09,32.9,8.05,27.02,3.0
financebench_doc_level,Edge-RAG,v6a,v6a_n4_r2-5_c-1,0.45,"Schema 6a (Centrality Fixed 4x, [2,5], c=-1) (p=0.45)","centrality, n=4, r in [2,5], c=-1, p=0.45",150,63.33,76.0,80.0,84.0,58.67,70.0,75.33,83.33,61.0,73.11,77.78,83.67,7.47,4.5,3.22,2.11,0.3301,59.66,62.31,75.46,0.105,0.09,32.9,8.05,27.02,4.0
financebench_doc_level,Edge-RAG,v6b,v6b_r2-4_c-1,0.45,"Schema 6b (Centrality Low-Floor [2,4], c=-1) (p=0.45)","centrality, r in [2,4], c=-1, p=0.45",150,64.67,76.67,81.33,83.33,59.33,70.0,76.0,82.0,62.0,73.44,78.67,82.67,7.67,4.57,3.27,2.09,0.3306,59.93,62.04,75.65,0.105,0.09,27.0,8.05,20.04,3.54
financebench_doc_level,Edge-RAG,v6b,v6b_r3-5_c-1,0.45,"Schema 6b (Centrality High-Floor [3,5], c=-1) (p=0.45)","centrality, r in [3,5], c=-1, p=0.45",150,61.33,75.33,80.0,84.0,58.0,70.67,75.33,83.33,59.67,73.11,77.78,83.67,7.33,4.5,3.22,2.11,0.3289,59.96,62.39,75.92,0.105,0.09,33.7,8.05,28.09,4.54
financebench_doc_level,Edge-RAG,v6b,v6b_r4-5_c-1,0.45,"Schema 6b (Centrality Heavy Booster [4,5], c=-1) (p=0.45)","centrality, r in [4,5], c=-1, p=0.45",150,62.0,76.0,79.33,84.0,57.33,70.67,75.33,82.67,59.67,73.44,77.44,83.33,7.4,4.5,3.2,2.09,0.326,59.87,62.29,75.74,0.105,0.09,35.6,8.05,30.43,4.83
financebench_doc_level,Edge-RAG,v6b,v6b_r2-5_c-1,0.45,"Schema 6b (Centrality Full Dynamic [2,5], c=-1) (p=0.45)","centrality, r in [2,5], c=-1, p=0.45",150,62.0,76.67,79.33,84.0,58.0,71.33,74.67,82.67,60.0,74.11,77.11,83.33,7.33,4.57,3.2,2.09,0.3306,59.37,62.38,77.18,0.105,0.09,32.9,8.05,27.02,4.4
financebench_doc_level,Edge-RAG,v1,v1_baseline,0.5,"Schema 1 Baseline (R=3, C_exp=2) (p=0.50)","R=3, C_exp=2, p=0.50",150,63.33,75.33,80.67,84.0,59.33,70.0,76.67,81.33,61.33,72.78,78.67,82.67,7.47,4.5,3.29,2.07,0.3174,33.08,36.85,49.57,0.105,0.09,26.1,8.95,17.91,3.0
financebench_doc_level,Edge-RAG,v5a,v5a_n3_r2-5_c-1,0.5,"Schema 5a (Fixed 3x, [2,5], c=-1) (p=0.50)","n=3, r in [2,5], c=-1, p=0.50",150,63.33,75.33,80.67,84.0,59.33,70.0,76.67,81.33,61.33,72.78,78.67,82.67,7.47,4.5,3.29,2.07,0.3174,32.9,35.95,50.46,0.105,0.09,26.1,8.95,17.91,3.0
financebench_doc_level,Edge-RAG,v5a,v5a_n4_r2-5_c-1,0.5,"Schema 5a (Fixed 4x, [2,5], c=-1) (p=0.50)","n=4, r in [2,5], c=-1, p=0.50",150,63.33,75.33,79.33,84.0,59.33,70.0,75.33,81.33,61.33,72.78,77.33,82.67,7.47,4.5,3.22,2.07,0.3205,33.18,35.95,50.02,0.105,0.09,26.1,8.95,17.91,3.0
financebench_doc_level,Edge-RAG,v5b,v5b_r2-5_c-1,0.5,"Schema 5b (Dynamic Contrast [2,5], c=-1) (p=0.50)","r in [2,5], c=-1, p=0.50",150,62.0,75.33,79.33,84.0,58.67,70.67,74.67,80.67,60.33,73.11,77.11,82.33,7.33,4.53,3.2,2.05,0.3167,33.43,36.22,50.69,0.105,0.09,36.0,8.95,29.83,4.37
financebench_doc_level,Edge-RAG,v5b,v5b_r3-5_c-1,0.5,"Schema 5b (High-Floor Safe [3,5], c=-1) (p=0.50)","r in [3,5], c=-1, p=0.50",150,60.67,76.0,80.0,84.0,58.0,71.33,75.33,80.67,59.33,73.78,77.78,82.33,7.27,4.57,3.22,2.05,0.3174,33.56,36.4,50.28,0.105,0.09,36.7,8.95,30.83,4.49
financebench_doc_level,Edge-RAG,v5b,v5b_r4-5_c-1,0.5,"Schema 5b (Heavy Booster [4,5], c=-1) (p=0.50)","r in [4,5], c=-1, p=0.50",150,60.67,75.33,80.0,84.0,57.33,70.67,76.0,81.33,59.0,73.11,78.11,82.67,7.2,4.5,3.22,2.07,0.3218,33.2,36.45,50.88,0.105,0.09,38.8,8.95,33.53,4.8
financebench_doc_level,Edge-RAG,v6a,v6a_n3_r2-5_c-1,0.5,"Schema 6a (Centrality Fixed 3x, [2,5], c=-1) (p=0.50)","centrality, n=3, r in [2,5], c=-1, p=0.50",150,64.0,74.0,80.0,84.0,58.67,69.33,73.33,82.0,61.33,71.89,76.78,83.0,7.4,4.37,3.18,2.08,0.317,60.76,63.18,77.9,0.105,0.09,34.5,8.55,28.46,3.0
financebench_doc_level,Edge-RAG,v6a,v6a_n4_r2-5_c-1,0.5,"Schema 6a (Centrality Fixed 4x, [2,5], c=-1) (p=0.50)","centrality, n=4, r in [2,5], c=-1, p=0.50",150,64.0,74.67,79.33,84.0,58.67,70.0,74.67,82.67,61.33,72.44,77.11,83.33,7.47,4.43,3.2,2.09,0.3219,60.46,63.26,77.93,0.105,0.09,34.5,8.55,28.46,4.0
financebench_doc_level,Edge-RAG,v6b,v6b_r2-4_c-1,0.5,"Schema 6b (Centrality Low-Floor [2,4], c=-1) (p=0.50)","centrality, r in [2,4], c=-1, p=0.50",150,64.0,76.0,80.67,83.33,58.67,70.67,76.0,81.33,61.33,73.44,78.33,82.33,7.53,4.57,3.27,2.08,0.3252,60.63,63.13,77.38,0.105,0.09,28.4,8.55,21.07,3.52
financebench_doc_level,Edge-RAG,v6b,v6b_r3-5_c-1,0.5,"Schema 6b (Centrality High-Floor [3,5], c=-1) (p=0.50)","centrality, r in [3,5], c=-1, p=0.50",150,61.33,74.67,79.33,84.0,57.33,71.33,74.0,82.67,59.33,73.11,76.78,83.33,7.27,4.5,3.18,2.09,0.3202,60.08,62.96,77.17,0.105,0.09,35.3,8.55,29.62,4.52
financebench_doc_level,Edge-RAG,v6b,v6b_r4-5_c-1,0.5,"Schema 6b (Centrality Heavy Booster [4,5], c=-1) (p=0.50)","centrality, r in [4,5], c=-1, p=0.50",150,62.0,74.67,79.33,84.0,57.33,70.67,75.33,82.0,59.67,72.78,77.44,83.0,7.33,4.47,3.2,2.08,0.3166,61.2,63.13,77.48,0.105,0.09,37.3,8.55,32.11,4.81
financebench_doc_level,Edge-RAG,v6b,v6b_r2-5_c-1,0.5,"Schema 6b (Centrality Full Dynamic [2,5], c=-1) (p=0.50)","centrality, r in [2,5], c=-1, p=0.50",150,62.67,76.0,79.33,84.0,58.67,71.33,74.67,81.33,60.67,73.78,77.11,82.67,7.4,4.57,3.2,2.07,0.3211,60.47,62.93,77.52,0.105,0.09,34.5,8.55,28.46,4.38
financebench_doc_level,Edge-RAG,v1,v1_baseline,0.55,"Schema 1 Baseline (R=3, C_exp=2) (p=0.55)","R=3, C_exp=2, p=0.55",150,64.0,74.67,80.67,85.33,59.33,68.67,76.0,82.67,61.67,71.89,78.33,84.0,7.47,4.4,3.27,2.11,0.3206,34.41,38.14,52.59,0.105,0.09,28.6,9.88,19.76,3.0
financebench_doc_level,Edge-RAG,v5a,v5a_n3_r2-5_c-1,0.55,"Schema 5a (Fixed 3x, [2,5], c=-1) (p=0.55)","n=3, r in [2,5], c=-1, p=0.55",150,64.0,74.67,80.67,85.33,59.33,68.67,76.0,82.67,61.67,71.89,78.33,84.0,7.47,4.4,3.27,2.11,0.3206,33.84,37.17,52.21,0.105,0.09,28.6,9.88,19.76,3.0
financebench_doc_level,Edge-RAG,v5a,v5a_n4_r2-5_c-1,0.55,"Schema 5a (Fixed 4x, [2,5], c=-1) (p=0.55)","n=4, r in [2,5], c=-1, p=0.55",150,64.67,74.67,79.33,85.33,60.0,68.67,75.33,82.67,62.33,71.89,77.33,84.0,7.53,4.4,3.22,2.11,0.3267,33.6,37.1,52.93,0.105,0.09,28.6,9.88,19.76,3.0
financebench_doc_level,Edge-RAG,v5b,v5b_r2-5_c-1,0.55,"Schema 5b (Dynamic Contrast [2,5], c=-1) (p=0.55)","r in [2,5], c=-1, p=0.55",150,61.33,76.0,80.0,84.67,57.33,70.67,75.33,80.67,59.33,73.44,77.78,82.67,7.2,4.5,3.22,2.07,0.3086,34.26,37.53,52.73,0.105,0.09,38.9,9.88,32.35,4.31
financebench_doc_level,Edge-RAG,v5b,v5b_r3-5_c-1,0.55,"Schema 5b (High-Floor Safe [3,5], c=-1) (p=0.55)","r in [3,5], c=-1, p=0.55",150,60.67,75.33,80.67,84.67,57.33,70.67,76.0,81.33,59.0,73.22,78.44,83.0,7.2,4.47,3.24,2.08,0.3233,34.41,37.71,53.35,0.105,0.09,39.8,9.88,33.62,4.45
financebench_doc_level,Edge-RAG,v5b,v5b_r4-5_c-1,0.55,"Schema 5b (Heavy Booster [4,5], c=-1) (p=0.55)","r in [4,5], c=-1, p=0.55",150,62.0,74.67,80.0,84.67,58.67,70.67,76.0,81.33,60.33,72.89,78.11,83.0,7.33,4.4,3.22,2.08,0.3222,33.95,37.65,53.56,0.105,0.09,41.9,9.88,36.49,4.76
financebench_doc_level,Edge-RAG,v6a,v6a_n3_r2-5_c-1,0.55,"Schema 6a (Centrality Fixed 3x, [2,5], c=-1) (p=0.55)","centrality, n=3, r in [2,5], c=-1, p=0.55",150,64.67,74.0,80.0,84.67,58.67,69.33,75.33,83.33,61.67,71.89,77.78,84.0,7.4,4.37,3.2,2.11,0.3172,62.08,64.17,79.75,0.105,0.09,37.4,9.54,31.09,3.0
financebench_doc_level,Edge-RAG,v6a,v6a_n4_r2-5_c-1,0.55,"Schema 6a (Centrality Fixed 4x, [2,5], c=-1) (p=0.55)","centrality, n=4, r in [2,5], c=-1, p=0.55",150,64.67,75.33,80.0,84.67,58.0,71.33,74.0,83.33,61.33,73.44,77.11,84.0,7.47,4.47,3.18,2.11,0.3213,61.68,64.17,80.41,0.105,0.09,37.4,9.54,31.09,4.0
financebench_doc_level,Edge-RAG,v6b,v6b_r2-4_c-1,0.55,"Schema 6b (Centrality Low-Floor [2,4], c=-1) (p=0.55)","centrality, r in [2,4], c=-1, p=0.55",150,64.0,76.67,80.67,85.33,58.67,70.67,74.67,83.33,61.33,73.78,77.67,84.33,7.53,4.57,3.22,2.12,0.3216,61.1,64.4,80.08,0.105,0.09,31.0,9.54,23.04,3.46
financebench_doc_level,Edge-RAG,v6b,v6b_r3-5_c-1,0.55,"Schema 6b (Centrality High-Floor [3,5], c=-1) (p=0.55)","centrality, r in [3,5], c=-1, p=0.55",150,62.67,76.0,80.0,84.67,58.0,72.0,74.67,83.33,60.33,74.11,77.44,84.0,7.4,4.53,3.2,2.11,0.3195,61.38,64.39,79.53,0.105,0.09,38.4,9.54,32.58,4.46
financebench_doc_level,Edge-RAG,v6b,v6b_r4-5_c-1,0.55,"Schema 6b (Centrality Heavy Booster [4,5], c=-1) (p=0.55)","centrality, r in [4,5], c=-1, p=0.55",150,63.33,75.33,80.67,84.67,57.33,71.33,75.33,82.0,60.33,73.44,78.11,83.33,7.4,4.47,3.22,2.08,0.3192,61.41,64.41,79.67,0.105,0.09,40.5,9.54,35.33,4.77
financebench_doc_level,Edge-RAG,v6b,v6b_r2-5_c-1,0.55,"Schema 6b (Centrality Full Dynamic [2,5], c=-1) (p=0.55)","centrality, r in [2,5], c=-1, p=0.55",150,62.67,76.67,80.0,84.67,57.33,70.67,74.67,82.67,60.0,73.78,77.44,83.67,7.27,4.53,3.22,2.09,0.3055,62.36,65.51,80.27,0.105,0.09,37.4,9.54,31.09,4.31
financebench_doc_level,Edge-RAG,v1,v1_baseline,0.6,"Schema 1 Baseline (R=3, C_exp=2) (p=0.60)","R=3, C_exp=2, p=0.60",150,65.33,73.33,80.67,86.67,59.33,68.0,74.67,84.67,62.33,70.89,77.67,85.67,7.53,4.33,3.2,2.15,0.3185,35.04,38.32,54.34,0.105,0.09,30.8,10.69,21.39,3.0
financebench_doc_level,Edge-RAG,v5a,v5a_n3_r2-5_c-1,0.6,"Schema 5a (Fixed 3x, [2,5], c=-1) (p=0.60)","n=3, r in [2,5], c=-1, p=0.60",150,65.33,73.33,80.67,86.67,59.33,68.0,74.67,84.67,62.33,70.89,77.67,85.67,7.53,4.33,3.2,2.15,0.3185,34.29,38.32,54.77,0.105,0.09,30.8,10.69,21.39,3.0
financebench_doc_level,Edge-RAG,v5a,v5a_n4_r2-5_c-1,0.6,"Schema 5a (Fixed 4x, [2,5], c=-1) (p=0.60)","n=4, r in [2,5], c=-1, p=0.60",150,66.0,74.67,79.33,86.0,60.67,69.33,74.67,84.0,63.33,72.22,77.0,85.0,7.67,4.4,3.18,2.13,0.3263,34.27,38.4,54.99,0.105,0.09,30.8,10.69,21.39,3.0
financebench_doc_level,Edge-RAG,v5b,v5b_r2-5_c-1,0.6,"Schema 5b (Dynamic Contrast [2,5], c=-1) (p=0.60)","r in [2,5], c=-1, p=0.60",150,61.33,76.0,82.0,84.67,56.0,70.67,76.67,80.67,58.67,73.44,79.44,82.67,7.13,4.47,3.27,2.07,0.3131,34.81,38.61,54.2,0.105,0.09,41.1,10.69,34.38,4.24
financebench_doc_level,Edge-RAG,v5b,v5b_r3-5_c-1,0.6,"Schema 5b (High-Floor Safe [3,5], c=-1) (p=0.60)","r in [3,5], c=-1, p=0.60",150,61.33,74.0,80.67,84.67,56.67,69.33,74.67,81.33,59.0,71.89,77.78,83.0,7.2,4.37,3.18,2.08,0.3284,34.68,38.7,54.48,0.105,0.09,42.2,10.69,36.04,4.41
financebench_doc_level,Edge-RAG,v5b,v5b_r4-5_c-1,0.6,"Schema 5b (Heavy Booster [4,5], c=-1) (p=0.60)","r in [4,5], c=-1, p=0.60",150,62.0,74.0,80.0,84.67,58.0,70.0,76.0,81.33,60.0,72.22,78.11,83.0,7.33,4.37,3.2,2.08,0.3211,34.89,38.81,56.3,0.105,0.09,44.4,10.69,39.06,4.71
financebench_doc_level,Edge-RAG,v6a,v6a_n3_r2-5_c-1,0.6,"Schema 6a (Centrality Fixed 3x, [2,5], c=-1) (p=0.60)","centrality, n=3, r in [2,5], c=-1, p=0.60",150,63.33,76.0,78.67,86.0,56.67,70.0,74.67,83.33,60.0,73.22,76.78,84.67,7.13,4.43,3.13,2.12,0.3159,61.88,65.42,83.16,0.105,0.09,39.4,10.19,32.79,3.0
financebench_doc_level,Edge-RAG,v6a,v6a_n4_r2-5_c-1,0.6,"Schema 6a (Centrality Fixed 4x, [2,5], c=-1) (p=0.60)","centrality, n=4, r in [2,5], c=-1, p=0.60",150,62.67,75.33,78.0,86.0,56.0,70.67,74.0,83.33,59.33,73.11,76.11,84.67,7.13,4.47,3.09,2.12,0.3234,62.09,65.1,82.47,0.105,0.09,39.4,10.19,32.79,4.0
financebench_doc_level,Edge-RAG,v6b,v6b_r2-4_c-1,0.6,"Schema 6b (Centrality Low-Floor [2,4], c=-1) (p=0.60)","centrality, r in [2,4], c=-1, p=0.60",150,66.0,76.67,80.0,86.0,60.0,70.67,75.33,84.0,63.0,73.78,77.67,85.0,7.73,4.57,3.22,2.13,0.3245,61.54,66.01,82.72,0.105,0.09,32.7,10.19,24.34,3.43
financebench_doc_level,Edge-RAG,v6b,v6b_r3-5_c-1,0.6,"Schema 6b (Centrality High-Floor [3,5], c=-1) (p=0.60)","centrality, r in [3,5], c=-1, p=0.60",150,62.0,75.33,80.0,86.0,56.0,70.67,75.33,83.33,59.0,73.11,77.78,84.67,7.2,4.47,3.2,2.12,0.3258,61.62,65.21,81.42,0.105,0.09,40.6,10.19,34.53,4.43
financebench_doc_level,Edge-RAG,v6b,v6b_r4-5_c-1,0.6,"Schema 6b (Centrality Heavy Booster [4,5], c=-1) (p=0.60)","centrality, r in [4,5], c=-1, p=0.60",150,62.0,76.67,80.0,86.0,56.67,72.0,75.33,82.67,59.33,74.44,77.78,84.33,7.27,4.53,3.2,2.11,0.322,61.7,65.34,82.44,0.105,0.09,42.7,10.19,37.38,4.73
financebench_doc_level,Edge-RAG,v6b,v6b_r2-5_c-1,0.6,"Schema 6b (Centrality Full Dynamic [2,5], c=-1) (p=0.60)","centrality, r in [2,5], c=-1, p=0.60",150,61.33,77.33,79.33,86.0,56.0,71.33,74.67,82.67,58.67,74.44,77.11,84.33,7.13,4.53,3.18,2.11,0.3064,61.88,65.3,81.94,0.105,0.09,39.4,10.19,32.79,4.26
financebench_doc_level,Edge-RAG,v1,v1_baseline,0.65,"Schema 1 Baseline (R=3, C_exp=2) (p=0.65)","R=3, C_exp=2, p=0.65",150,65.33,74.67,78.67,86.67,58.67,68.0,74.0,84.67,62.0,71.56,76.33,85.67,7.47,4.33,3.13,2.15,0.3296,35.46,39.44,56.85,0.105,0.09,32.9,11.53,23.05,3.0
financebench_doc_level,Edge-RAG,v5a,v5a_n3_r2-5_c-1,0.65,"Schema 5a (Fixed 3x, [2,5], c=-1) (p=0.65)","n=3, r in [2,5], c=-1, p=0.65",150,65.33,74.67,78.67,86.67,58.67,68.0,74.0,84.67,62.0,71.56,76.33,85.67,7.47,4.33,3.13,2.15,0.3296,34.93,39.28,55.93,0.105,0.09,32.9,11.53,23.05,3.0
financebench_doc_level,Edge-RAG,v5a,v5a_n4_r2-5_c-1,0.65,"Schema 5a (Fixed 4x, [2,5], c=-1) (p=0.65)","n=4, r in [2,5], c=-1, p=0.65",150,65.33,74.67,77.33,86.0,58.67,68.0,73.33,84.0,62.0,71.56,75.33,85.0,7.47,4.33,3.09,2.13,0.3389,35.22,39.25,56.78,0.105,0.09,32.9,11.53,23.05,3.0
financebench_doc_level,Edge-RAG,v5b,v5b_r2-5_c-1,0.65,"Schema 5b (Dynamic Contrast [2,5], c=-1) (p=0.65)","r in [2,5], c=-1, p=0.65",150,62.0,75.33,80.67,85.33,56.67,70.0,74.67,82.0,59.33,72.78,77.78,83.67,7.13,4.4,3.16,2.09,0.3246,35.52,39.84,58.78,0.105,0.09,43.3,11.53,36.31,4.18
financebench_doc_level,Edge-RAG,v5b,v5b_r3-5_c-1,0.65,"Schema 5b (High-Floor Safe [3,5], c=-1) (p=0.65)","r in [3,5], c=-1, p=0.65",150,64.0,74.0,78.67,85.33,57.33,69.33,73.33,82.67,60.67,71.89,76.11,84.0,7.33,4.37,3.09,2.11,0.3351,36.07,39.96,57.88,0.105,0.09,44.8,11.53,38.51,4.38
financebench_doc_level,Edge-RAG,v5b,v5b_r4-5_c-1,0.65,"Schema 5b (Heavy Booster [4,5], c=-1) (p=0.65)","r in [4,5], c=-1, p=0.65",150,63.33,75.33,78.67,85.33,58.0,69.33,74.0,82.0,60.67,72.56,76.44,83.67,7.27,4.37,3.09,2.09,0.3368,36.21,41.11,59.8,0.105,0.09,47.0,11.53,41.63,4.67
financebench_doc_level,Edge-RAG,v6a,v6a_n3_r2-5_c-1,0.65,"Schema 6a (Centrality Fixed 3x, [2,5], c=-1) (p=0.65)","centrality, n=3, r in [2,5], c=-1, p=0.65",150,62.0,76.0,80.0,86.0,55.33,69.33,74.67,83.33,58.67,72.89,77.44,84.67,6.93,4.4,3.13,2.12,0.3036,62.44,66.31,84.13,0.105,0.09,42.0,11.07,34.98,3.0
financebench_doc_level,Edge-RAG,v6a,v6a_n4_r2-5_c-1,0.65,"Schema 6a (Centrality Fixed 4x, [2,5], c=-1) (p=0.65)","centrality, n=4, r in [2,5], c=-1, p=0.65",150,62.67,74.0,78.67,86.0,56.0,68.67,73.33,83.33,59.33,71.56,76.11,84.67,7.07,4.37,3.09,2.12,0.3138,62.51,66.29,84.09,0.105,0.09,42.0,11.07,34.98,4.0
financebench_doc_level,Edge-RAG,v6b,v6b_r2-4_c-1,0.65,"Schema 6b (Centrality Low-Floor [2,4], c=-1) (p=0.65)","centrality, r in [2,4], c=-1, p=0.65",150,66.0,74.67,80.67,86.0,60.67,68.67,74.67,83.33,63.33,71.89,77.67,84.67,7.67,4.4,3.2,2.12,0.3236,62.5,66.2,84.05,0.105,0.09,35.0,11.07,26.07,3.4
financebench_doc_level,Edge-RAG,v6b,v6b_r3-5_c-1,0.65,"Schema 6b (Centrality High-Floor [3,5], c=-1) (p=0.65)","centrality, r in [3,5], c=-1, p=0.65",150,64.0,75.33,80.0,86.0,58.0,70.0,74.0,83.33,61.0,72.89,77.11,84.67,7.4,4.43,3.16,2.12,0.3246,62.65,66.5,85.46,0.105,0.09,43.4,11.07,37.14,4.4
financebench_doc_level,Edge-RAG,v6b,v6b_r4-5_c-1,0.65,"Schema 6b (Centrality Heavy Booster [4,5], c=-1) (p=0.65)","centrality, r in [4,5], c=-1, p=0.65",150,64.0,75.33,80.67,86.0,58.0,70.67,74.67,82.67,61.0,73.22,77.78,84.33,7.33,4.43,3.18,2.11,0.3242,62.89,66.36,85.79,0.105,0.09,45.6,11.07,40.16,4.7
financebench_doc_level,Edge-RAG,v6b,v6b_r2-5_c-1,0.65,"Schema 6b (Centrality Full Dynamic [2,5], c=-1) (p=0.65)","centrality, r in [2,5], c=-1, p=0.65",150,63.33,75.33,80.67,86.0,57.33,70.67,74.67,82.67,60.33,73.11,77.78,84.33,7.27,4.47,3.18,2.11,0.3115,62.11,66.42,84.82,0.105,0.09,42.0,11.07,34.98,4.2
financebench_doc_level,Edge-RAG,v1,v1_baseline,0.7,"Schema 1 Baseline (R=3, C_exp=2) (p=0.70)","R=3, C_exp=2, p=0.70",150,63.33,74.0,77.33,85.33,56.67,70.0,72.0,82.0,60.0,72.11,74.78,83.67,7.2,4.37,3.04,2.09,0.3263,36.08,40.5,58.62,0.105,0.09,34.7,12.23,24.45,3.0
financebench_doc_level,Edge-RAG,v5a,v5a_n3_r2-5_c-1,0.7,"Schema 5a (Fixed 3x, [2,5], c=-1) (p=0.70)","n=3, r in [2,5], c=-1, p=0.70",150,63.33,74.0,77.33,85.33,56.67,70.0,72.0,82.0,60.0,72.11,74.78,83.67,7.2,4.37,3.04,2.09,0.3263,35.57,40.29,58.72,0.105,0.09,34.7,12.23,24.45,3.0
financebench_doc_level,Edge-RAG,v5a,v5a_n4_r2-5_c-1,0.7,"Schema 5a (Fixed 4x, [2,5], c=-1) (p=0.70)","n=4, r in [2,5], c=-1, p=0.70",150,63.33,74.67,78.67,85.33,56.67,70.0,73.33,81.33,60.22,72.44,76.11,83.33,7.33,4.4,3.09,2.08,0.3354,35.8,41.32,59.7,0.105,0.09,34.7,12.23,24.45,3.0
financebench_doc_level,Edge-RAG,v5b,v5b_r2-5_c-1,0.7,"Schema 5b (Dynamic Contrast [2,5], c=-1) (p=0.70)","r in [2,5], c=-1, p=0.70",150,62.0,74.67,80.0,85.33,56.67,70.0,74.0,83.33,59.56,72.44,77.11,84.33,7.2,4.37,3.13,2.12,0.3247,36.24,40.86,60.13,0.105,0.09,44.9,12.23,37.77,4.13
financebench_doc_level,Edge-RAG,v5b,v5b_r3-5_c-1,0.7,"Schema 5b (High-Floor Safe [3,5], c=-1) (p=0.70)","r in [3,5], c=-1, p=0.70",150,63.33,74.0,80.0,84.67,58.0,68.67,73.33,82.0,60.89,71.44,76.78,83.33,7.4,4.33,3.13,2.09,0.3381,35.99,40.79,60.28,0.105,0.09,46.8,12.23,40.5,4.35
financebench_doc_level,Edge-RAG,v5b,v5b_r4-5_c-1,0.7,"Schema 5b (Heavy Booster [4,5], c=-1) (p=0.70)","r in [4,5], c=-1, p=0.70",150,62.67,74.67,79.33,85.33,56.67,70.0,74.0,82.67,59.67,72.44,76.78,84.0,7.2,4.37,3.11,2.11,0.3344,36.11,40.82,59.91,0.105,0.09,49.1,12.23,43.79,4.65
financebench_doc_level,Edge-RAG,v6a,v6a_n3_r2-5_c-1,0.7,"Schema 6a (Centrality Fixed 3x, [2,5], c=-1) (p=0.70)","centrality, n=3, r in [2,5], c=-1, p=0.70",150,62.67,75.33,80.0,84.67,56.0,68.67,74.67,81.33,59.56,72.22,77.44,83.0,7.07,4.37,3.16,2.08,0.308,63.3,67.69,88.4,0.105,0.09,43.8,11.79,36.62,3.0
financebench_doc_level,Edge-RAG,v6a,v6a_n4_r2-5_c-1,0.7,"Schema 6a (Centrality Fixed 4x, [2,5], c=-1) (p=0.70)","centrality, n=4, r in [2,5], c=-1, p=0.70",150,61.33,76.0,79.33,85.33,54.67,69.33,74.0,82.0,58.22,72.89,76.78,83.67,7.0,4.43,3.13,2.09,0.3194,63.34,67.73,87.22,0.105,0.09,43.8,11.79,36.62,4.0
financebench_doc_level,Edge-RAG,v6b,v6b_r2-4_c-1,0.7,"Schema 6b (Centrality Low-Floor [2,4], c=-1) (p=0.70)","centrality, r in [2,4], c=-1, p=0.70",150,64.67,74.67,80.67,85.33,59.33,68.0,74.67,82.0,62.0,71.56,77.78,83.67,7.53,4.37,3.2,2.09,0.3307,63.25,67.62,86.94,0.105,0.09,36.8,11.79,27.45,3.37
financebench_doc_level,Edge-RAG,v6b,v6b_r3-5_c-1,0.7,"Schema 6b (Centrality High-Floor [3,5], c=-1) (p=0.70)","centrality, r in [3,5], c=-1, p=0.70",150,62.67,76.0,78.67,85.33,57.33,70.67,74.0,82.0,60.22,73.56,76.44,83.67,7.33,4.5,3.13,2.09,0.3329,63.69,68.55,88.77,0.105,0.09,45.6,11.79,39.23,4.37
financebench_doc_level,Edge-RAG,v6b,v6b_r4-5_c-1,0.7,"Schema 6b (Centrality Heavy Booster [4,5], c=-1) (p=0.70)","centrality, r in [4,5], c=-1, p=0.70",150,62.67,76.67,79.33,85.33,57.33,71.33,74.67,82.0,60.22,74.22,77.11,83.67,7.27,4.5,3.16,2.09,0.3268,63.36,67.36,88.19,0.105,0.09,47.9,11.79,42.41,4.67
financebench_doc_level,Edge-RAG,v6b,v6b_r2-5_c-1,0.7,"Schema 6b (Centrality Full Dynamic [2,5], c=-1) (p=0.70)","centrality, r in [2,5], c=-1, p=0.70",150,62.0,75.33,80.0,85.33,56.67,70.67,74.0,82.67,59.56,73.11,77.11,84.0,7.2,4.43,3.16,2.11,0.3178,62.85,67.42,86.61,0.105,0.09,43.8,11.79,36.62,4.15
financebench_doc_level,Edge-RAG,v1,v1_baseline,0.75,"Schema 1 Baseline (R=3, C_exp=2) (p=0.75)","R=3, C_exp=2, p=0.75",150,61.33,73.33,77.33,86.0,56.0,68.0,75.33,83.33,58.67,70.78,76.44,84.67,7.0,4.3,3.11,2.12,0.3351,36.66,41.39,60.99,0.105,0.09,36.7,13.05,26.09,3.0
financebench_doc_level,Edge-RAG,v5a,v5a_n3_r2-5_c-1,0.75,"Schema 5a (Fixed 3x, [2,5], c=-1) (p=0.75)","n=3, r in [2,5], c=-1, p=0.75",150,61.33,73.33,77.33,86.0,56.0,68.0,75.33,83.33,58.67,70.78,76.44,84.67,7.0,4.3,3.11,2.12,0.3351,36.25,41.35,61.01,0.105,0.09,36.7,13.05,26.09,3.0
financebench_doc_level,Edge-RAG,v5a,v5a_n4_r2-5_c-1,0.75,"Schema 5a (Fixed 4x, [2,5], c=-1) (p=0.75)","n=4, r in [2,5], c=-1, p=0.75",150,60.0,74.67,78.0,85.33,54.67,69.33,75.33,82.67,57.56,72.11,76.78,84.0,6.93,4.37,3.13,2.11,0.3403,36.65,41.29,61.68,0.105,0.09,36.7,13.05,26.09,3.0
financebench_doc_level,Edge-RAG,v5b,v5b_r2-5_c-1,0.75,"Schema 5b (Dynamic Contrast [2,5], c=-1) (p=0.75)","r in [2,5], c=-1, p=0.75",150,61.33,74.0,80.0,84.67,56.0,70.0,74.0,82.67,58.89,72.11,77.11,83.67,7.13,4.37,3.11,2.09,0.3258,37.12,41.96,62.64,0.105,0.09,46.8,13.05,39.37,4.05
financebench_doc_level,Edge-RAG,v5b,v5b_r3-5_c-1,0.75,"Schema 5b (High-Floor Safe [3,5], c=-1) (p=0.75)","r in [3,5], c=-1, p=0.75",150,63.33,73.33,78.67,85.33,58.0,68.67,74.0,82.67,60.89,71.11,76.44,84.0,7.4,4.37,3.11,2.11,0.3422,37.28,43.03,63.16,0.105,0.09,49.1,13.05,42.72,4.31
financebench_doc_level,Edge-RAG,v5b,v5b_r4-5_c-1,0.75,"Schema 5b (Heavy Booster [4,5], c=-1) (p=0.75)","r in [4,5], c=-1, p=0.75",150,60.67,74.0,79.33,85.33,56.67,70.0,75.33,82.0,58.67,72.11,77.44,83.67,7.0,4.37,3.13,2.09,0.3329,36.56,41.89,62.97,0.105,0.09,51.5,13.05,46.29,4.61
financebench_doc_level,Edge-RAG,v6a,v6a_n3_r2-5_c-1,0.75,"Schema 6a (Centrality Fixed 3x, [2,5], c=-1) (p=0.75)","centrality, n=3, r in [2,5], c=-1, p=0.75",150,60.0,72.67,81.33,82.67,54.67,66.0,75.33,80.67,57.56,69.56,78.44,81.67,6.93,4.17,3.16,2.01,0.3172,64.36,68.35,88.49,0.105,0.09,45.6,12.47,38.09,3.0
financebench_doc_level,Edge-RAG,v6a,v6a_n4_r2-5_c-1,0.75,"Schema 6a (Centrality Fixed 4x, [2,5], c=-1) (p=0.75)","centrality, n=4, r in [2,5], c=-1, p=0.75",150,60.67,73.33,80.0,84.0,54.0,67.33,74.67,81.33,57.56,70.56,77.44,82.67,7.0,4.27,3.13,2.05,0.3354,65.11,70.58,94.3,0.105,0.09,45.6,12.47,38.09,4.0
financebench_doc_level,Edge-RAG,v6b,v6b_r2-4_c-1,0.75,"Schema 6b (Centrality Low-Floor [2,4], c=-1) (p=0.75)","centrality, r in [2,4], c=-1, p=0.75",150,64.0,72.67,79.33,85.33,58.0,66.0,74.0,82.67,61.0,69.56,76.78,84.0,7.4,4.23,3.11,2.11,0.3437,63.45,68.31,88.67,0.105,0.09,38.4,12.47,28.72,3.34
financebench_doc_level,Edge-RAG,v6b,v6b_r3-5_c-1,0.75,"Schema 6b (Centrality High-Floor [3,5], c=-1) (p=0.75)","centrality, r in [3,5], c=-1, p=0.75",150,62.67,74.0,78.67,85.33,57.33,68.0,74.0,82.67,60.22,71.22,76.44,84.0,7.33,4.33,3.11,2.11,0.3511,64.12,68.45,89.33,0.105,0.09,47.7,12.47,41.19,4.34
financebench_doc_level,Edge-RAG,v6b,v6b_r4-5_c-1,0.75,"Schema 6b (Centrality Heavy Booster [4,5], c=-1) (p=0.75)","centrality, r in [4,5], c=-1, p=0.75",150,62.67,75.33,79.33,86.0,56.67,70.0,76.0,83.33,59.89,72.89,77.78,84.67,7.27,4.4,3.16,2.12,0.3487,64.03,68.22,88.68,0.105,0.09,50.0,12.47,44.47,4.63
financebench_doc_level,Edge-RAG,v6b,v6b_r2-5_c-1,0.75,"Schema 6b (Centrality Full Dynamic [2,5], c=-1) (p=0.75)","centrality, r in [2,5], c=-1, p=0.75",150,62.0,74.67,80.0,85.33,56.0,69.33,74.67,83.33,59.22,72.11,77.44,84.33,7.2,4.37,3.13,2.11,0.3285,63.69,68.42,88.32,0.105,0.09,45.6,12.47,38.09,4.1
financebench_doc_level,Edge-RAG,v1,v1_baseline,0.8,"Schema 1 Baseline (R=3, C_exp=2) (p=0.80)","R=3, C_exp=2, p=0.80",150,62.0,72.0,78.0,85.33,56.67,67.33,73.33,82.0,59.33,69.78,75.78,83.67,7.0,4.2,3.09,2.07,0.3357,37.28,43.43,64.19,0.105,0.09,38.6,13.81,27.63,3.0
financebench_doc_level,Edge-RAG,v5a,v5a_n3_r2-5_c-1,0.8,"Schema 5a (Fixed 3x, [2,5], c=-1) (p=0.80)","n=3, r in [2,5], c=-1, p=0.80",150,62.0,72.0,78.0,85.33,56.67,67.33,73.33,82.0,59.33,69.78,75.78,83.67,7.0,4.2,3.09,2.07,0.3357,37.59,42.37,63.32,0.105,0.09,38.6,13.81,27.63,3.0
financebench_doc_level,Edge-RAG,v5a,v5a_n4_r2-5_c-1,0.8,"Schema 5a (Fixed 4x, [2,5], c=-1) (p=0.80)","n=4, r in [2,5], c=-1, p=0.80",150,61.33,72.67,78.0,85.33,55.33,68.67,74.0,82.0,58.56,70.78,76.11,83.67,7.07,4.27,3.11,2.07,0.3401,37.11,42.37,63.25,0.105,0.09,38.6,13.81,27.63,3.0
financebench_doc_level,Edge-RAG,v5b,v5b_r2-5_c-1,0.8,"Schema 5b (Dynamic Contrast [2,5], c=-1) (p=0.80)","r in [2,5], c=-1, p=0.80",150,62.67,71.33,80.67,86.0,56.67,66.0,75.33,82.67,59.89,68.78,78.11,84.33,7.27,4.13,3.18,2.09,0.3423,38.25,42.94,65.84,0.105,0.09,48.4,13.81,40.65,3.98
financebench_doc_level,Edge-RAG,v5b,v5b_r3-5_c-1,0.8,"Schema 5b (High-Floor Safe [3,5], c=-1) (p=0.80)","r in [3,5], c=-1, p=0.80",150,63.33,72.0,78.67,85.33,58.67,68.0,74.67,82.67,61.22,70.11,76.78,84.0,7.33,4.27,3.16,2.09,0.3476,37.92,42.93,65.37,0.105,0.09,51.0,13.81,44.59,4.26
financebench_doc_level,Edge-RAG,v5b,v5b_r4-5_c-1,0.8,"Schema 5b (Heavy Booster [4,5], c=-1) (p=0.80)","r in [4,5], c=-1, p=0.80",150,63.33,73.33,79.33,86.0,57.33,67.33,76.0,82.67,60.33,70.44,77.78,84.33,7.27,4.23,3.18,2.09,0.3441,37.83,43.25,65.27,0.105,0.09,53.7,13.81,48.61,4.58
financebench_doc_level,Edge-RAG,v6a,v6a_n3_r2-5_c-1,0.8,"Schema 6a (Centrality Fixed 3x, [2,5], c=-1) (p=0.80)","centrality, n=3, r in [2,5], c=-1, p=0.80",150,59.33,74.0,80.0,84.0,54.0,66.0,74.67,82.0,56.89,70.22,77.44,83.0,6.87,4.2,3.13,2.05,0.3122,64.2,70.04,92.41,0.105,0.09,47.3,13.23,39.49,3.0
financebench_doc_level,Edge-RAG,v6a,v6a_n4_r2-5_c-1,0.8,"Schema 6a (Centrality Fixed 4x, [2,5], c=-1) (p=0.80)","centrality, n=4, r in [2,5], c=-1, p=0.80",150,60.67,72.67,80.0,84.67,54.67,65.33,76.0,82.0,57.89,69.22,78.11,83.33,7.0,4.13,3.16,2.07,0.3353,64.46,69.45,92.59,0.105,0.09,47.3,13.23,39.49,4.0
financebench_doc_level,Edge-RAG,v6b,v6b_r2-4_c-1,0.8,"Schema 6b (Centrality Low-Floor [2,4], c=-1) (p=0.80)","centrality, r in [2,4], c=-1, p=0.80",150,63.33,73.33,80.67,85.33,56.67,67.33,76.0,82.67,60.0,70.56,78.44,84.0,7.27,4.3,3.22,2.09,0.3472,64.68,69.38,90.68,0.105,0.09,40.1,13.23,29.89,3.3
financebench_doc_level,Edge-RAG,v6b,v6b_r3-5_c-1,0.8,"Schema 6b (Centrality High-Floor [3,5], c=-1) (p=0.80)","centrality, r in [3,5], c=-1, p=0.80",150,64.0,72.0,81.33,85.33,57.33,66.0,76.67,82.67,60.89,69.22,79.11,84.0,7.4,4.17,3.24,2.09,0.3523,63.9,69.13,91.38,0.105,0.09,49.7,13.23,43.13,4.3
financebench_doc_level,Edge-RAG,v6b,v6b_r4-5_c-1,0.8,"Schema 6b (Centrality Heavy Booster [4,5], c=-1) (p=0.80)","centrality, r in [4,5], c=-1, p=0.80",150,63.33,74.67,80.67,85.33,56.67,68.67,76.67,82.0,60.22,71.89,78.78,83.67,7.33,4.3,3.2,2.08,0.3469,64.21,69.31,91.29,0.105,0.09,52.3,13.23,46.81,4.6
financebench_doc_level,Edge-RAG,v6b,v6b_r2-5_c-1,0.8,"Schema 6b (Centrality Full Dynamic [2,5], c=-1) (p=0.80)","centrality, r in [2,5], c=-1, p=0.80",150,62.0,74.67,82.0,86.0,56.0,68.67,76.67,82.67,59.22,71.78,79.44,84.33,7.2,4.3,3.24,2.09,0.3385,64.51,69.26,91.4,0.105,0.09,47.3,13.23,39.49,4.03
financebench_doc_level,Edge-RAG,v1,v1_baseline,0.9,"Schema 1 Baseline (R=3, C_exp=2) (p=0.90)","R=3, C_exp=2, p=0.90",150,61.33,74.0,78.0,86.0,55.33,68.67,72.67,82.0,58.33,71.44,75.44,84.0,6.93,4.33,3.04,2.08,0.3254,38.79,45.43,68.19,0.105,0.09,42.0,15.27,30.55,3.0
financebench_doc_level,Edge-RAG,v5a,v5a_n3_r2-5_c-1,0.9,"Schema 5a (Fixed 3x, [2,5], c=-1) (p=0.90)","n=3, r in [2,5], c=-1, p=0.90",150,61.33,74.0,78.0,86.0,55.33,68.67,72.67,82.0,58.33,71.44,75.44,84.0,6.93,4.33,3.04,2.08,0.3254,38.78,44.59,69.08,0.105,0.09,42.0,15.27,30.55,3.0
financebench_doc_level,Edge-RAG,v5a,v5a_n4_r2-5_c-1,0.9,"Schema 5a (Fixed 4x, [2,5], c=-1) (p=0.90)","n=4, r in [2,5], c=-1, p=0.90",150,62.67,74.0,77.33,86.0,56.67,69.33,73.33,83.33,59.89,71.78,75.44,84.67,7.2,4.37,3.04,2.09,0.3358,39.25,44.68,68.83,0.105,0.09,42.0,15.27,30.55,3.0
financebench_doc_level,Edge-RAG,v5b,v5b_r2-5_c-1,0.9,"Schema 5b (Dynamic Contrast [2,5], c=-1) (p=0.90)","r in [2,5], c=-1, p=0.90",150,62.67,74.0,79.33,86.0,56.67,68.0,75.33,82.67,59.89,71.11,77.44,84.33,7.27,4.27,3.13,2.11,0.3365,38.82,45.33,69.53,0.105,0.09,51.1,15.27,42.59,3.84
financebench_doc_level,Edge-RAG,v5b,v5b_r3-5_c-1,0.9,"Schema 5b (High-Floor Safe [3,5], c=-1) (p=0.90)","r in [3,5], c=-1, p=0.90",150,62.67,72.67,78.67,86.0,57.33,67.33,76.0,82.67,60.22,70.11,77.44,84.33,7.27,4.23,3.16,2.11,0.3378,38.95,45.27,71.64,0.105,0.09,54.3,15.27,47.78,4.17
financebench_doc_level,Edge-RAG,v5b,v5b_r4-5_c-1,0.9,"Schema 5b (Heavy Booster [4,5], c=-1) (p=0.90)","r in [4,5], c=-1, p=0.90",150,61.33,74.67,79.33,86.0,56.67,68.67,75.33,82.67,59.0,71.78,77.44,84.33,7.13,4.33,3.13,2.09,0.3413,39.72,46.16,70.05,0.105,0.09,57.6,15.27,53.01,4.53
financebench_doc_level,Edge-RAG,v6a,v6a_n3_r2-5_c-1,0.9,"Schema 6a (Centrality Fixed 3x, [2,5], c=-1) (p=0.90)","centrality, n=3, r in [2,5], c=-1, p=0.90",150,60.0,73.33,78.0,83.33,54.0,67.33,74.67,81.33,57.0,70.44,76.44,82.33,6.8,4.2,3.09,2.03,0.317,65.96,71.66,96.24,0.105,0.09,50.3,14.81,41.69,3.0
financebench_doc_level,Edge-RAG,v6a,v6a_n4_r2-5_c-1,0.9,"Schema 6a (Centrality Fixed 4x, [2,5], c=-1) (p=0.90)","centrality, n=4, r in [2,5], c=-1, p=0.90",150,60.67,71.33,80.0,83.33,54.67,65.33,76.67,82.0,57.89,68.44,78.44,82.67,7.0,4.1,3.16,2.04,0.3299,66.35,71.77,96.07,0.105,0.09,50.3,14.81,41.69,4.0
financebench_doc_level,Edge-RAG,v6b,v6b_r2-4_c-1,0.9,"Schema 6b (Centrality Low-Floor [2,4], c=-1) (p=0.90)","centrality, r in [2,4], c=-1, p=0.90",150,62.67,73.33,78.67,84.67,56.67,66.67,75.33,82.0,59.67,70.11,77.11,83.33,7.2,4.23,3.18,2.08,0.336,66.45,71.67,97.04,0.105,0.09,43.0,14.81,31.8,3.19
financebench_doc_level,Edge-RAG,v6b,v6b_r3-5_c-1,0.9,"Schema 6b (Centrality High-Floor [3,5], c=-1) (p=0.90)","centrality, r in [3,5], c=-1, p=0.90",150,62.0,72.67,77.33,85.33,56.0,66.67,74.67,82.0,59.22,69.78,76.11,83.67,7.2,4.2,3.11,2.08,0.3369,64.98,71.49,95.59,0.105,0.09,53.3,14.81,46.61,4.19
financebench_doc_level,Edge-RAG,v6b,v6b_r4-5_c-1,0.9,"Schema 6b (Centrality Heavy Booster [4,5], c=-1) (p=0.90)","centrality, r in [4,5], c=-1, p=0.90",150,60.67,73.33,80.67,84.67,55.33,67.33,77.33,82.0,58.0,70.44,79.11,83.33,7.0,4.2,3.2,2.07,0.3411,66.16,72.89,97.18,0.105,0.09,56.6,14.81,51.55,4.54
financebench_doc_level,Edge-RAG,v6b,v6b_r2-5_c-1,0.9,"Schema 6b (Centrality Full Dynamic [2,5], c=-1) (p=0.90)","centrality, r in [2,5], c=-1, p=0.90",150,62.0,73.33,79.33,85.33,56.0,67.33,75.33,82.0,59.22,70.44,77.44,83.67,7.2,4.2,3.13,2.08,0.336,66.65,71.68,96.5,0.105,0.09,50.3,14.81,41.69,3.86
financebench_doc_level,Edge-RAG,v1,v1_baseline,1.0,"Schema 1 Baseline (R=3, C_exp=2) (p=1.00)","R=3, C_exp=2, p=1.00",150,60.0,74.0,78.0,86.0,55.33,68.67,73.33,82.67,57.67,71.44,75.78,84.33,6.87,4.33,3.07,2.09,0.3249,39.93,45.5,71.29,0.105,0.09,43.2,15.87,31.73,3.0
financebench_doc_level,Edge-RAG,v5a,v5a_n3_r2-5_c-1,1.0,"Schema 5a (Fixed 3x, [2,5], c=-1) (p=1.00)","n=3, r in [2,5], c=-1, p=1.00",150,60.0,74.0,78.0,86.0,55.33,68.67,73.33,82.67,57.67,71.44,75.78,84.33,6.87,4.33,3.07,2.09,0.3249,39.59,45.48,69.82,0.105,0.09,43.2,15.87,31.73,3.0
financebench_doc_level,Edge-RAG,v5a,v5a_n4_r2-5_c-1,1.0,"Schema 5a (Fixed 4x, [2,5], c=-1) (p=1.00)","n=4, r in [2,5], c=-1, p=1.00",150,62.0,74.0,78.0,86.0,56.0,69.33,73.33,84.0,59.22,71.78,75.78,85.0,7.13,4.37,3.07,2.11,0.3352,40.01,45.62,71.17,0.105,0.09,43.2,15.87,31.73,3.0
financebench_doc_level,Edge-RAG,v5b,v5b_r2-5_c-1,1.0,"Schema 5b (Dynamic Contrast [2,5], c=-1) (p=1.00)","r in [2,5], c=-1, p=1.00",150,62.67,74.0,79.33,85.33,56.67,68.0,76.0,82.67,59.89,71.11,77.78,84.0,7.27,4.27,3.16,2.09,0.3372,39.7,47.18,73.5,0.105,0.09,52.0,15.87,43.21,3.78
financebench_doc_level,Edge-RAG,v5b,v5b_r3-5_c-1,1.0,"Schema 5b (High-Floor Safe [3,5], c=-1) (p=1.00)","r in [3,5], c=-1, p=1.00",150,62.67,71.33,78.0,86.0,57.33,67.33,75.33,82.0,60.22,69.44,76.78,84.0,7.27,4.2,3.13,2.09,0.338,40.94,46.61,71.77,0.105,0.09,55.5,15.87,48.97,4.13
financebench_doc_level,Edge-RAG,v5b,v5b_r4-5_c-1,1.0,"Schema 5b (Heavy Booster [4,5], c=-1) (p=1.00)","r in [4,5], c=-1, p=1.00",150,61.33,74.0,79.33,85.33,56.0,68.67,76.0,82.67,58.67,71.44,77.78,84.0,7.07,4.3,3.16,2.08,0.3415,40.2,46.1,71.32,0.105,0.09,59.1,15.87,54.79,4.52
financebench_doc_level,Edge-RAG,v6a,v6a_n3_r2-5_c-1,1.0,"Schema 6a (Centrality Fixed 3x, [2,5], c=-1) (p=1.00)","centrality, n=3, r in [2,5], c=-1, p=1.00",150,59.33,74.0,78.67,84.0,53.33,67.33,75.33,80.67,56.33,70.78,77.11,82.33,6.73,4.23,3.11,2.03,0.316,66.98,73.09,98.63,0.105,0.09,51.5,15.62,42.56,3.0
financebench_doc_level,Edge-RAG,v6a,v6a_n4_r2-5_c-1,1.0,"Schema 6a (Centrality Fixed 4x, [2,5], c=-1) (p=1.00)","centrality, n=4, r in [2,5], c=-1, p=1.00",150,61.33,72.0,80.0,84.67,55.33,66.0,76.67,82.67,58.56,69.11,78.44,83.67,7.13,4.17,3.16,2.07,0.3289,67.37,72.98,99.0,0.105,0.09,51.5,15.62,42.56,4.0
financebench_doc_level,Edge-RAG,v6b,v6b_r2-4_c-1,1.0,"Schema 6b (Centrality Low-Floor [2,4], c=-1) (p=1.00)","centrality, r in [2,4], c=-1, p=1.00",150,62.0,73.33,79.33,85.33,56.0,66.67,76.0,82.0,59.0,70.11,77.78,83.67,7.13,4.23,3.2,2.09,0.3366,67.41,73.9,100.66,0.105,0.09,44.3,15.62,32.63,3.14
financebench_doc_level,Edge-RAG,v6b,v6b_r3-5_c-1,1.0,"Schema 6b (Centrality High-Floor [3,5], c=-1) (p=1.00)","centrality, r in [3,5], c=-1, p=1.00",150,62.0,71.33,78.0,86.0,56.0,66.67,75.33,82.0,59.22,69.11,76.78,84.0,7.2,4.17,3.13,2.09,0.3379,68.15,73.52,99.79,0.105,0.09,55.0,15.62,48.25,4.14
financebench_doc_level,Edge-RAG,v6b,v6b_r4-5_c-1,1.0,"Schema 6b (Centrality Heavy Booster [4,5], c=-1) (p=1.00)","centrality, r in [4,5], c=-1, p=1.00",150,60.67,74.0,79.33,85.33,55.33,68.0,75.33,82.67,58.0,71.11,77.44,84.0,7.0,4.27,3.13,2.08,0.3413,68.07,73.33,101.03,0.105,0.09,58.6,15.62,53.99,4.52
financebench_doc_level,Edge-RAG,v6b,v6b_r2-5_c-1,1.0,"Schema 6b (Centrality Full Dynamic [2,5], c=-1) (p=1.00)","centrality, r in [2,5], c=-1, p=1.00",150,62.0,74.0,79.33,85.33,56.0,67.33,75.33,82.0,59.22,70.78,77.44,83.67,7.2,4.23,3.13,2.08,0.337,68.03,73.41,100.8,0.105,0.09,51.5,15.62,42.56,3.79
bright_economics_doc_level,Baseline,BM25_Lucene,bm25_baseline,-,BM25 (Lucene Baseline),"k1=1.5, b=0.75",103,24.27,29.13,33.01,37.86,2.91,6.8,7.77,8.74,7.17,12.89,14.71,19.51,4.37,4.03,3.33,2.95,0.0926,1.8,1.9,2.97,2.264,0.0,124.9,0.0,0.0,0.0
bright_economics_doc_level,Baseline,Dense_BGE_Small,dense_bge_small,-,Dense (bge-small-en-v1.5),"dim=384, cosine",103,35.92,46.6,51.46,57.28,9.71,12.62,17.48,25.24,15.98,24.94,30.87,38.82,7.09,6.55,5.63,4.31,0.1717,71.95,72.01,73.73,14.131,1.6,124.9,0.0,0.0,0.0
bright_economics_doc_level,Baseline,Dense_BGE_Large,dense_bge_large,-,Dense (bge-large-en-v1.5),"dim=1024, cosine",103,33.98,41.75,47.57,58.25,9.71,14.56,18.45,24.27,16.71,24.63,28.69,38.43,8.16,6.36,5.4,4.35,0.2188,178.37,178.5,180.55,90.569,2.6,124.9,0.0,0.0,0.0
bright_economics_doc_level,Baseline,SPLADE_v3,splade_v3,-,SPLADE-v3 (DistilBERT),"sparse neural, distilbert",103,31.07,39.81,46.6,53.4,8.74,15.53,18.45,22.33,15.14,24.08,28.96,34.44,7.48,5.87,5.02,3.84,0.1791,45.55,46.12,51.52,156.978,4.12,124.9,0.0,0.0,0.0
bright_economics_doc_level,Edge-RAG,v1,v1_baseline,0.45,"Schema 1 Baseline (R=3, C_exp=2) (p=0.45)","R=3, C_exp=2, p=0.45",103,12.62,18.45,21.36,25.24,2.91,5.83,5.83,8.74,4.94,8.99,10.33,13.97,1.36,1.46,1.29,1.22,0.0335,54.77,56.49,81.28,2.235,0.09,66.7,25.74,51.42,3.0
bright_economics_doc_level,Edge-RAG,v5a,v5a_n3_r2-5_c-1,0.45,"Schema 5a (Fixed 3x, [2,5], c=-1) (p=0.45)","n=3, r in [2,5], c=-1, p=0.45",103,12.62,18.45,21.36,25.24,2.91,5.83,5.83,8.74,4.94,8.99,10.33,13.97,1.36,1.46,1.29,1.22,0.0335,54.76,56.55,82.53,2.235,0.09,66.7,25.74,51.42,3.0
bright_economics_doc_level,Edge-RAG,v5a,v5a_n4_r2-5_c-1,0.45,"Schema 5a (Fixed 4x, [2,5], c=-1) (p=0.45)","n=4, r in [2,5], c=-1, p=0.45",103,12.62,17.48,19.42,23.3,2.91,4.85,4.85,7.77,4.94,8.0,8.88,12.72,1.36,1.36,1.23,1.18,0.0327,54.24,56.48,82.35,2.235,0.09,66.7,25.74,51.42,3.0
bright_economics_doc_level,Edge-RAG,v5b,v5b_r2-5_c-1,0.45,"Schema 5b (Dynamic Contrast [2,5], c=-1) (p=0.45)","r in [2,5], c=-1, p=0.45",103,12.62,19.42,21.36,24.27,2.91,5.83,6.8,7.77,5.34,9.15,10.52,13.35,1.36,1.46,1.29,1.26,0.0341,57.06,57.49,85.08,2.235,0.09,87.4,25.74,83.09,4.25
bright_economics_doc_level,Edge-RAG,v5b,v5b_r3-5_c-1,0.45,"Schema 5b (High-Floor Safe [3,5], c=-1) (p=0.45)","r in [3,5], c=-1, p=0.45",103,10.68,17.48,21.36,24.27,2.91,5.83,6.8,7.77,4.83,8.54,10.54,13.38,1.17,1.36,1.33,1.28,0.031,56.01,57.62,86.09,2.235,0.09,89.2,25.74,86.04,4.38
bright_economics_doc_level,Edge-RAG,v5b,v5b_r4-5_c-1,0.45,"Schema 5b (Heavy Booster [4,5], c=-1) (p=0.45)","r in [4,5], c=-1, p=0.45",103,12.62,17.48,20.39,24.27,2.91,4.85,4.85,7.77,5.34,8.0,9.08,13.05,1.36,1.36,1.26,1.2,0.0316,57.08,57.4,84.3,2.235,0.09,99.5,25.74,102.53,4.99
bright_economics_doc_level,Edge-RAG,v6a,v6a_n3_r2-5_c-1,0.45,"Schema 6a (Centrality Fixed 3x, [2,5], c=-1) (p=0.45)","centrality, n=3, r in [2,5], c=-1, p=0.45",103,13.59,21.36,23.3,29.13,4.85,7.77,7.77,9.71,6.78,10.63,11.67,15.14,1.55,1.5,1.49,1.38,0.0258,83.38,87.37,115.87,2.235,0.09,82.8,25.04,79.64,3.0
bright_economics_doc_level,Edge-RAG,v6a,v6a_n4_r2-5_c-1,0.45,"Schema 6a (Centrality Fixed 4x, [2,5], c=-1) (p=0.45)","centrality, n=4, r in [2,5], c=-1, p=0.45",103,13.59,20.39,23.3,28.16,3.88,6.8,7.77,9.71,6.3,9.54,11.67,14.89,1.46,1.36,1.49,1.32,0.025,82.93,85.07,114.53,2.235,0.09,82.8,25.04,79.64,4.0
bright_economics_doc_level,Edge-RAG,v6b,v6b_r2-4_c-1,0.45,"Schema 6b (Centrality Low-Floor [2,4], c=-1) (p=0.45)","centrality, r in [2,4], c=-1, p=0.45",103,13.59,18.45,22.33,29.13,4.85,5.83,6.8,9.71,7.41,9.07,10.47,14.96,1.46,1.36,1.46,1.32,0.0278,84.08,84.93,114.49,2.235,0.09,69.6,25.04,58.73,3.37
bright_economics_doc_level,Edge-RAG,v6b,v6b_r3-5_c-1,0.45,"Schema 6b (Centrality High-Floor [3,5], c=-1) (p=0.45)","centrality, r in [3,5], c=-1, p=0.45",103,12.62,18.45,23.3,28.16,3.88,6.8,7.77,9.71,6.27,9.33,11.67,14.89,1.36,1.36,1.49,1.32,0.0268,82.84,85.17,114.09,2.235,0.09,85.2,25.04,83.7,4.37
bright_economics_doc_level,Edge-RAG,v6b,v6b_r4-5_c-1,0.45,"Schema 6b (Centrality Heavy Booster [4,5], c=-1) (p=0.45)","centrality, r in [4,5], c=-1, p=0.45",103,14.56,21.36,23.3,29.13,3.88,6.8,7.77,9.71,6.78,9.72,11.47,15.24,1.55,1.46,1.42,1.38,0.0275,83.68,84.99,115.68,2.235,0.09,94.0,25.04,98.28,4.93
bright_economics_doc_level,Edge-RAG,v6b,v6b_r2-5_c-1,0.45,"Schema 6b (Centrality Full Dynamic [2,5], c=-1) (p=0.45)","centrality, r in [2,5], c=-1, p=0.45",103,14.56,19.42,23.3,24.27,4.85,6.8,7.77,8.74,7.49,9.47,11.68,13.62,1.65,1.41,1.46,1.26,0.0295,82.69,84.92,116.34,2.235,0.09,82.8,25.04,79.64,4.2
bright_economics_doc_level,Edge-RAG,v1,v1_baseline,0.5,"Schema 1 Baseline (R=3, C_exp=2) (p=0.50)","R=3, C_exp=2, p=0.50",103,11.65,20.39,22.33,27.18,2.91,6.8,6.8,9.71,4.93,10.33,11.74,15.29,1.26,1.46,1.42,1.26,0.0366,56.56,59.01,87.92,2.235,0.09,72.1,28.07,56.08,3.0
bright_economics_doc_level,Edge-RAG,v5a,v5a_n3_r2-5_c-1,0.5,"Schema 5a (Fixed 3x, [2,5], c=-1) (p=0.50)","n=3, r in [2,5], c=-1, p=0.50",103,11.65,20.39,22.33,27.18,2.91,6.8,6.8,9.71,4.93,10.33,11.74,15.29,1.26,1.46,1.42,1.26,0.0366,56.21,58.68,87.59,2.235,0.09,72.1,28.07,56.08,3.0
bright_economics_doc_level,Edge-RAG,v5a,v5a_n4_r2-5_c-1,0.5,"Schema 5a (Fixed 4x, [2,5], c=-1) (p=0.50)","n=4, r in [2,5], c=-1, p=0.50",103,10.68,20.39,21.36,27.18,1.94,6.8,6.8,9.71,3.96,10.22,11.1,15.26,1.17,1.36,1.39,1.22,0.0352,56.93,61.01,91.49,2.235,0.09,72.1,28.07,56.08,3.0
bright_economics_doc_level,Edge-RAG,v5b,v5b_r2-5_c-1,0.5,"Schema 5b (Dynamic Contrast [2,5], c=-1) (p=0.50)","r in [2,5], c=-1, p=0.50",103,11.65,20.39,22.33,28.16,2.91,6.8,6.8,9.71,4.93,10.6,11.14,15.41,1.26,1.46,1.42,1.32,0.0376,57.65,59.67,89.46,2.235,0.09,93.6,28.07,89.79,4.22
bright_economics_doc_level,Edge-RAG,v5b,v5b_r3-5_c-1,0.5,"Schema 5b (High-Floor Safe [3,5], c=-1) (p=0.50)","r in [3,5], c=-1, p=0.50",103,9.71,18.45,22.33,29.13,1.94,6.8,6.8,9.71,3.93,9.81,11.42,16.0,1.07,1.41,1.46,1.42,0.0348,58.24,59.64,88.88,2.235,0.09,95.7,28.07,93.04,4.35
bright_economics_doc_level,Edge-RAG,v5b,v5b_r4-5_c-1,0.5,"Schema 5b (Heavy Booster [4,5], c=-1) (p=0.50)","r in [4,5], c=-1, p=0.50",103,10.68,20.39,22.33,27.18,1.94,6.8,6.8,10.68,3.96,10.48,11.23,15.76,1.17,1.46,1.46,1.26,0.0336,58.7,59.8,89.57,2.235,0.09,106.9,28.07,111.43,4.98
bright_economics_doc_level,Edge-RAG,v6a,v6a_n3_r2-5_c-1,0.5,"Schema 6a (Centrality Fixed 3x, [2,5], c=-1) (p=0.50)","centrality, n=3, r in [2,5], c=-1, p=0.50",103,12.62,25.24,26.21,30.1,3.88,5.83,7.77,9.71,6.03,9.37,11.42,15.24,1.26,1.75,1.62,1.4,0.0243,85.75,89.01,124.03,2.235,0.09,89.2,27.33,85.91,3.0
bright_economics_doc_level,Edge-RAG,v6a,v6a_n4_r2-5_c-1,0.5,"Schema 6a (Centrality Fixed 4x, [2,5], c=-1) (p=0.50)","centrality, n=4, r in [2,5], c=-1, p=0.50",103,13.59,24.27,26.21,28.16,3.88,6.8,7.77,9.71,6.05,9.81,11.34,14.82,1.36,1.7,1.62,1.34,0.0246,86.9,89.86,127.27,2.235,0.09,89.2,27.33,85.91,4.0
bright_economics_doc_level,Edge-RAG,v6b,v6b_r2-4_c-1,0.5,"Schema 6b (Centrality Low-Floor [2,4], c=-1) (p=0.50)","centrality, r in [2,4], c=-1, p=0.50",103,13.59,21.36,25.24,30.1,4.85,5.83,6.8,9.71,7.41,8.99,10.88,14.59,1.46,1.55,1.68,1.32,0.0288,84.47,89.61,120.55,2.235,0.09,75.0,27.33,63.32,3.35
bright_economics_doc_level,Edge-RAG,v6b,v6b_r3-5_c-1,0.5,"Schema 6b (Centrality High-Floor [3,5], c=-1) (p=0.50)","centrality, r in [3,5], c=-1, p=0.50",103,13.59,22.33,26.21,29.13,3.88,6.8,7.77,9.71,6.76,9.42,11.59,14.76,1.46,1.6,1.68,1.34,0.029,84.65,87.4,119.98,2.235,0.09,91.8,27.33,90.57,4.35
bright_economics_doc_level,Edge-RAG,v6b,v6b_r4-5_c-1,0.5,"Schema 6b (Centrality Heavy Booster [4,5], c=-1) (p=0.50)","centrality, r in [4,5], c=-1, p=0.50",103,13.59,25.24,26.21,30.1,3.88,6.8,7.77,9.71,6.76,9.87,11.32,15.45,1.46,1.65,1.59,1.46,0.0248,84.26,87.2,120.36,2.235,0.09,101.4,27.33,106.78,4.92
bright_economics_doc_level,Edge-RAG,v6b,v6b_r2-5_c-1,0.5,"Schema 6b (Centrality Full Dynamic [2,5], c=-1) (p=0.50)","centrality, r in [2,5], c=-1, p=0.50",103,12.62,22.33,26.21,28.16,3.88,6.8,7.77,9.71,6.27,9.6,11.35,14.88,1.36,1.55,1.65,1.36,0.0273,84.53,87.6,120.56,2.235,0.09,89.2,27.33,85.91,4.17
bright_economics_doc_level,Edge-RAG,v1,v1_baseline,0.55,"Schema 1 Baseline (R=3, C_exp=2) (p=0.55)","R=3, C_exp=2, p=0.55",103,11.65,21.36,22.33,30.1,2.91,6.8,6.8,9.71,4.82,10.01,10.98,15.7,1.26,1.31,1.36,1.26,0.0331,58.43,61.81,93.12,2.235,0.09,78.8,30.94,61.83,3.0
bright_economics_doc_level,Edge-RAG,v5a,v5a_n3_r2-5_c-1,0.55,"Schema 5a (Fixed 3x, [2,5], c=-1) (p=0.55)","n=3, r in [2,5], c=-1, p=0.55",103,11.65,21.36,22.33,30.1,2.91,6.8,6.8,9.71,4.82,10.01,10.98,15.7,1.26,1.31,1.36,1.26,0.0331,58.68,61.87,93.34,2.235,0.09,78.8,30.94,61.83,3.0
bright_economics_doc_level,Edge-RAG,v5a,v5a_n4_r2-5_c-1,0.55,"Schema 5a (Fixed 4x, [2,5], c=-1) (p=0.55)","n=4, r in [2,5], c=-1, p=0.55",103,10.68,19.42,22.33,29.13,2.91,6.8,6.8,9.71,4.81,9.76,10.88,15.61,1.17,1.26,1.29,1.24,0.032,59.41,61.95,93.36,2.235,0.09,78.8,30.94,61.83,3.0
bright_economics_doc_level,Edge-RAG,v5b,v5b_r2-5_c-1,0.55,"Schema 5b (Dynamic Contrast [2,5], c=-1) (p=0.55)","r in [2,5], c=-1, p=0.55",103,13.59,20.39,24.27,30.1,2.91,6.8,6.8,9.71,5.26,9.86,11.5,16.06,1.46,1.36,1.42,1.32,0.0382,60.78,64.88,99.47,2.235,0.09,101.1,30.94,97.69,4.18
bright_economics_doc_level,Edge-RAG,v5b,v5b_r3-5_c-1,0.55,"Schema 5b (High-Floor Safe [3,5], c=-1) (p=0.55)","r in [3,5], c=-1, p=0.55",103,12.62,19.42,24.27,30.1,2.91,6.8,6.8,8.74,5.16,9.49,11.45,15.47,1.36,1.41,1.36,1.34,0.0351,60.34,62.53,96.58,2.235,0.09,103.5,30.94,101.67,4.32
bright_economics_doc_level,Edge-RAG,v5b,v5b_r4-5_c-1,0.55,"Schema 5b (Heavy Booster [4,5], c=-1) (p=0.55)","r in [4,5], c=-1, p=0.55",103,12.62,21.36,23.3,31.07,2.91,6.8,6.8,9.71,5.14,10.21,10.93,15.88,1.36,1.41,1.39,1.3,0.0342,60.59,62.63,96.48,2.235,0.09,115.5,30.94,122.04,4.95
bright_economics_doc_level,Edge-RAG,v6a,v6a_n3_r2-5_c-1,0.55,"Schema 6a (Centrality Fixed 3x, [2,5], c=-1) (p=0.55)","centrality, n=3, r in [2,5], c=-1, p=0.55",103,13.59,22.33,27.18,29.13,3.88,5.83,8.74,9.71,5.81,9.25,12.37,14.68,1.36,1.8,1.75,1.36,0.0242,87.77,90.43,127.15,2.235,0.09,96.9,30.06,93.25,3.0
bright_economics_doc_level,Edge-RAG,v6a,v6a_n4_r2-5_c-1,0.55,"Schema 6a (Centrality Fixed 4x, [2,5], c=-1) (p=0.55)","centrality, n=4, r in [2,5], c=-1, p=0.55",103,13.59,22.33,25.24,28.16,3.88,5.83,6.8,9.71,5.81,9.15,10.44,14.6,1.36,1.7,1.72,1.34,0.0232,88.04,90.88,125.8,2.235,0.09,96.9,30.06,93.25,4.0
bright_economics_doc_level,Edge-RAG,v6b,v6b_r2-4_c-1,0.55,"Schema 6b (Centrality Low-Floor [2,4], c=-1) (p=0.55)","centrality, r in [2,4], c=-1, p=0.55",103,11.65,21.36,24.27,30.1,4.85,5.83,6.8,9.71,6.76,9.2,10.61,14.65,1.26,1.75,1.68,1.36,0.0266,87.68,92.76,129.11,2.235,0.09,81.6,30.06,68.82,3.32
bright_economics_doc_level,Edge-RAG,v6b,v6b_r3-5_c-1,0.55,"Schema 6b (Centrality High-Floor [3,5], c=-1) (p=0.55)","centrality, r in [3,5], c=-1, p=0.55",103,11.65,21.36,24.27,29.13,3.88,6.8,6.8,9.71,6.11,9.54,10.3,14.66,1.26,1.75,1.68,1.36,0.027,87.63,90.39,127.62,2.235,0.09,99.9,30.06,98.8,4.32
bright_economics_doc_level,Edge-RAG,v6b,v6b_r4-5_c-1,0.55,"Schema 6b (Centrality Heavy Booster [4,5], c=-1) (p=0.55)","centrality, r in [4,5], c=-1, p=0.55",103,13.59,23.3,25.24,29.13,3.88,5.83,6.8,9.71,5.71,9.23,10.4,14.92,1.36,1.65,1.68,1.44,0.023,89.05,91.44,128.57,2.235,0.09,110.4,30.06,116.69,4.9
bright_economics_doc_level,Edge-RAG,v6b,v6b_r2-5_c-1,0.55,"Schema 6b (Centrality Full Dynamic [2,5], c=-1) (p=0.55)","centrality, r in [2,5], c=-1, p=0.55",103,13.59,21.36,22.33,28.16,3.88,6.8,6.8,9.71,6.31,9.64,10.11,14.73,1.46,1.7,1.52,1.4,0.0291,87.78,90.24,125.14,2.235,0.09,96.9,30.06,93.25,4.13
bright_economics_doc_level,Edge-RAG,v1,v1_baseline,0.6,"Schema 1 Baseline (R=3, C_exp=2) (p=0.60)","R=3, C_exp=2, p=0.60",103,11.65,19.42,22.33,28.16,2.91,6.8,6.8,8.74,5.13,9.62,10.59,14.54,1.26,1.21,1.23,1.17,0.0406,62.16,64.31,97.12,2.235,0.09,84.4,33.44,66.79,3.0
bright_economics_doc_level,Edge-RAG,v5a,v5a_n3_r2-5_c-1,0.6,"Schema 5a (Fixed 3x, [2,5], c=-1) (p=0.60)","n=3, r in [2,5], c=-1, p=0.60",103,11.65,19.42,22.33,28.16,2.91,6.8,6.8,8.74,5.13,9.62,10.59,14.54,1.26,1.21,1.23,1.17,0.0406,60.62,64.4,95.78,2.235,0.09,84.4,33.44,66.79,3.0
bright_economics_doc_level,Edge-RAG,v5a,v5a_n4_r2-5_c-1,0.6,"Schema 5a (Fixed 4x, [2,5], c=-1) (p=0.60)","n=4, r in [2,5], c=-1, p=0.60",103,10.68,19.42,21.36,28.16,2.91,6.8,6.8,8.74,5.05,9.62,10.31,14.41,1.17,1.21,1.13,1.11,0.0395,61.85,66.9,103.33,2.235,0.09,84.4,33.44,66.79,3.0
bright_economics_doc_level,Edge-RAG,v5b,v5b_r2-5_c-1,0.6,"Schema 5b (Dynamic Contrast [2,5], c=-1) (p=0.60)","r in [2,5], c=-1, p=0.60",103,10.68,19.42,23.3,29.13,2.91,6.8,6.8,8.74,5.03,9.56,10.87,14.91,1.17,1.21,1.23,1.26,0.043,61.96,65.43,100.49,2.235,0.09,106.9,33.44,103.93,4.13
bright_economics_doc_level,Edge-RAG,v5b,v5b_r3-5_c-1,0.6,"Schema 5b (High-Floor Safe [3,5], c=-1) (p=0.60)","r in [3,5], c=-1, p=0.60",103,12.62,18.45,22.33,28.16,2.91,6.8,6.8,8.74,5.1,9.19,10.77,14.81,1.36,1.31,1.23,1.24,0.0428,62.36,65.37,100.22,2.235,0.09,110.0,33.44,109.12,4.3
bright_economics_doc_level,Edge-RAG,v5b,v5b_r4-5_c-1,0.6,"Schema 5b (Heavy Booster [4,5], c=-1) (p=0.60)","r in [4,5], c=-1, p=0.60",103,10.68,20.39,23.3,27.18,2.91,6.8,6.8,8.74,5.03,9.83,10.81,14.15,1.17,1.31,1.29,1.09,0.0396,62.51,65.22,102.37,2.235,0.09,122.3,33.44,130.51,4.92
bright_economics_doc_level,Edge-RAG,v6a,v6a_n3_r2-5_c-1,0.6,"Schema 6a (Centrality Fixed 3x, [2,5], c=-1) (p=0.60)","centrality, n=3, r in [2,5], c=-1, p=0.60",103,12.62,20.39,27.18,30.1,3.88,4.85,8.74,9.71,5.35,8.33,12.37,14.47,1.36,1.7,1.81,1.34,0.0378,89.69,93.41,133.81,2.235,0.09,103.4,32.49,99.41,3.0
bright_economics_doc_level,Edge-RAG,v6a,v6a_n4_r2-5_c-1,0.6,"Schema 6a (Centrality Fixed 4x, [2,5], c=-1) (p=0.60)","centrality, n=4, r in [2,5], c=-1, p=0.60",103,12.62,20.39,26.21,29.13,3.88,5.83,7.77,9.71,5.35,8.75,11.36,14.41,1.36,1.75,1.75,1.34,0.0394,91.34,95.46,135.93,2.235,0.09,103.4,32.49,99.41,4.0
bright_economics_doc_level,Edge-RAG,v6b,v6b_r2-4_c-1,0.6,"Schema 6b (Centrality Low-Floor [2,4], c=-1) (p=0.60)","centrality, r in [2,4], c=-1, p=0.60",103,11.65,22.33,23.3,31.07,3.88,4.85,7.77,9.71,5.65,8.85,11.4,15.25,1.26,1.7,1.65,1.46,0.043,90.62,93.19,135.2,2.235,0.09,87.5,32.49,73.68,3.29
bright_economics_doc_level,Edge-RAG,v6b,v6b_r3-5_c-1,0.6,"Schema 6b (Centrality High-Floor [3,5], c=-1) (p=0.60)","centrality, r in [3,5], c=-1, p=0.60",103,12.62,21.36,25.24,30.1,4.85,4.85,7.77,9.71,6.62,8.74,11.21,15.03,1.36,1.7,1.72,1.42,0.0449,90.9,92.98,133.73,2.235,0.09,107.0,32.49,106.08,4.29
bright_economics_doc_level,Edge-RAG,v6b,v6b_r4-5_c-1,0.6,"Schema 6b (Centrality Heavy Booster [4,5], c=-1) (p=0.60)","centrality, r in [4,5], c=-1, p=0.60",103,14.56,20.39,25.24,30.1,3.88,5.83,6.8,9.71,5.76,8.79,10.33,14.64,1.55,1.6,1.65,1.42,0.0393,90.33,93.0,135.31,2.235,0.09,118.0,32.49,125.21,4.87
bright_economics_doc_level,Edge-RAG,v6b,v6b_r2-5_c-1,0.6,"Schema 6b (Centrality Full Dynamic [2,5], c=-1) (p=0.60)","centrality, r in [2,5], c=-1, p=0.60",103,12.62,19.42,25.24,29.13,2.91,5.83,8.74,9.71,4.91,8.71,12.08,14.53,1.46,1.55,1.62,1.4,0.0386,89.64,93.2,133.47,2.235,0.09,103.4,32.49,99.41,4.08
bright_economics_doc_level,Edge-RAG,v1,v1_baseline,0.65,"Schema 1 Baseline (R=3, C_exp=2) (p=0.65)","R=3, C_exp=2, p=0.65",103,15.53,19.42,21.36,28.16,3.88,6.8,6.8,8.74,6.72,9.77,10.49,13.85,1.75,1.5,1.49,1.34,0.0571,63.87,67.27,101.61,2.235,0.09,90.2,36.1,72.08,3.0
bright_economics_doc_level,Edge-RAG,v5a,v5a_n3_r2-5_c-1,0.65,"Schema 5a (Fixed 3x, [2,5], c=-1) (p=0.65)","n=3, r in [2,5], c=-1, p=0.65",103,15.53,19.42,21.36,28.16,3.88,6.8,6.8,8.74,6.72,9.77,10.49,13.85,1.75,1.5,1.49,1.34,0.0571,64.82,69.79,106.66,2.235,0.09,90.2,36.1,72.08,3.0
bright_economics_doc_level,Edge-RAG,v5a,v5a_n4_r2-5_c-1,0.65,"Schema 5a (Fixed 4x, [2,5], c=-1) (p=0.65)","n=4, r in [2,5], c=-1, p=0.65",103,15.53,18.45,21.36,25.24,3.88,6.8,6.8,8.74,6.73,9.75,10.21,13.08,1.84,1.46,1.39,1.22,0.0554,65.22,67.18,104.1,2.235,0.09,90.2,36.1,72.08,3.0
bright_economics_doc_level,Edge-RAG,v5b,v5b_r2-5_c-1,0.65,"Schema 5b (Dynamic Contrast [2,5], c=-1) (p=0.65)","r in [2,5], c=-1, p=0.65",103,15.53,19.42,22.33,29.13,3.88,6.8,6.8,9.71,6.73,9.75,10.94,15.24,1.84,1.5,1.46,1.42,0.0534,65.53,68.2,105.1,2.235,0.09,112.8,36.1,110.02,4.07
bright_economics_doc_level,Edge-RAG,v5b,v5b_r3-5_c-1,0.65,"Schema 5b (High-Floor Safe [3,5], c=-1) (p=0.65)","r in [3,5], c=-1, p=0.65",103,15.53,19.42,23.3,28.16,3.88,6.8,7.77,9.71,6.67,9.79,11.91,15.21,1.84,1.55,1.49,1.46,0.0503,65.77,68.24,107.25,2.235,0.09,117.0,36.1,117.05,4.27
bright_economics_doc_level,Edge-RAG,v5b,v5b_r4-5_c-1,0.65,"Schema 5b (Heavy Booster [4,5], c=-1) (p=0.65)","r in [4,5], c=-1, p=0.65",103,15.53,19.42,21.36,28.16,3.88,6.8,6.8,8.74,6.73,9.87,10.57,14.44,1.84,1.6,1.49,1.34,0.0576,65.9,70.34,110.37,2.235,0.09,129.4,36.1,139.03,4.87
bright_economics_doc_level,Edge-RAG,v6a,v6a_n3_r2-5_c-1,0.65,"Schema 6a (Centrality Fixed 3x, [2,5], c=-1) (p=0.65)","centrality, n=3, r in [2,5], c=-1, p=0.65",103,12.62,20.39,25.24,29.13,3.88,4.85,8.74,9.71,5.48,8.36,12.29,14.53,1.36,1.46,1.55,1.42,0.0422,92.75,96.04,137.36,2.235,0.09,110.4,35.1,105.88,3.0
bright_economics_doc_level,Edge-RAG,v6a,v6a_n4_r2-5_c-1,0.65,"Schema 6a (Centrality Fixed 4x, [2,5], c=-1) (p=0.65)","centrality, n=4, r in [2,5], c=-1, p=0.65",103,12.62,20.39,25.24,29.13,3.88,4.85,8.74,9.71,5.48,8.16,12.25,14.51,1.36,1.5,1.52,1.4,0.0415,93.63,96.2,135.72,2.235,0.09,110.4,35.1,105.88,4.0
bright_economics_doc_level,Edge-RAG,v6b,v6b_r2-4_c-1,0.65,"Schema 6b (Centrality Low-Floor [2,4], c=-1) (p=0.65)","centrality, r in [2,4], c=-1, p=0.65",103,10.68,19.42,23.3,29.13,3.88,4.85,6.8,9.71,5.65,8.08,10.77,15.23,1.26,1.36,1.52,1.46,0.0406,91.25,96.49,140.85,2.235,0.09,93.9,35.1,78.9,3.27
bright_economics_doc_level,Edge-RAG,v6b,v6b_r3-5_c-1,0.65,"Schema 6b (Centrality High-Floor [3,5], c=-1) (p=0.65)","centrality, r in [3,5], c=-1, p=0.65",103,13.59,18.45,26.21,28.16,4.85,5.83,9.71,9.71,6.69,8.36,13.26,14.74,1.55,1.41,1.62,1.46,0.0439,92.88,96.18,136.52,2.235,0.09,114.7,35.1,113.9,4.27
bright_economics_doc_level,Edge-RAG,v6b,v6b_r4-5_c-1,0.65,"Schema 6b (Centrality Heavy Booster [4,5], c=-1) (p=0.65)","centrality, r in [4,5], c=-1, p=0.65",103,14.56,20.39,25.24,28.16,3.88,5.83,8.74,9.71,5.88,8.74,12.33,14.54,1.55,1.5,1.55,1.46,0.0437,93.25,98.21,137.66,2.235,0.09,126.2,35.1,134.13,4.84
bright_economics_doc_level,Edge-RAG,v6b,v6b_r2-5_c-1,0.65,"Schema 6b (Centrality Full Dynamic [2,5], c=-1) (p=0.65)","centrality, r in [2,5], c=-1, p=0.65",103,13.59,19.42,25.24,27.18,2.91,5.83,8.74,9.71,5.15,8.79,12.61,14.52,1.55,1.41,1.49,1.44,0.0433,91.94,95.84,136.6,2.235,0.09,110.4,35.1,105.88,4.04
bright_economics_doc_level,Edge-RAG,v1,v1_baseline,0.7,"Schema 1 Baseline (R=3, C_exp=2) (p=0.70)","R=3, C_exp=2, p=0.70",103,13.59,22.33,26.21,31.07,3.88,5.83,6.8,8.74,6.11,9.68,11.55,14.87,1.36,1.41,1.46,1.34,0.0535,67.52,69.95,112.59,2.235,0.09,96.1,38.66,77.18,3.0
bright_economics_doc_level,Edge-RAG,v5a,v5a_n3_r2-5_c-1,0.7,"Schema 5a (Fixed 3x, [2,5], c=-1) (p=0.70)","n=3, r in [2,5], c=-1, p=0.70",103,13.59,22.33,26.21,31.07,3.88,5.83,6.8,8.74,6.11,9.68,11.55,14.87,1.36,1.41,1.46,1.34,0.0535,67.05,70.04,108.35,2.235,0.09,96.1,38.66,77.18,3.0
bright_economics_doc_level,Edge-RAG,v5a,v5a_n4_r2-5_c-1,0.7,"Schema 5a (Fixed 4x, [2,5], c=-1) (p=0.70)","n=4, r in [2,5], c=-1, p=0.70",103,13.59,20.39,26.21,30.1,3.88,5.83,6.8,8.74,6.19,9.42,11.37,14.82,1.46,1.31,1.39,1.32,0.0533,66.73,70.04,109.99,2.235,0.09,96.1,38.66,77.18,3.0
bright_economics_doc_level,Edge-RAG,v5b,v5b_r2-5_c-1,0.7,"Schema 5b (Dynamic Contrast [2,5], c=-1) (p=0.70)","r in [2,5], c=-1, p=0.70",103,15.53,21.36,25.24,31.07,2.91,5.83,6.8,9.71,5.71,9.42,11.64,15.19,1.75,1.5,1.46,1.4,0.0494,68.71,73.35,116.94,2.235,0.09,118.6,38.66,115.52,4.02
bright_economics_doc_level,Edge-RAG,v5b,v5b_r3-5_c-1,0.7,"Schema 5b (High-Floor Safe [3,5], c=-1) (p=0.70)","r in [3,5], c=-1, p=0.70",103,15.53,19.42,27.18,31.07,3.88,5.83,7.77,9.71,6.65,9.15,12.81,15.8,1.75,1.36,1.62,1.5,0.0482,68.14,71.17,111.41,2.235,0.09,124.1,38.66,124.7,4.26
bright_economics_doc_level,Edge-RAG,v5b,v5b_r4-5_c-1,0.7,"Schema 5b (Heavy Booster [4,5], c=-1) (p=0.70)","r in [4,5], c=-1, p=0.70",103,16.5,20.39,25.24,31.07,3.88,5.83,6.8,8.74,6.53,9.4,11.51,14.62,1.75,1.55,1.52,1.32,0.0552,68.51,71.08,112.74,2.235,0.09,136.4,38.66,146.98,4.83
bright_economics_doc_level,Edge-RAG,v6a,v6a_n3_r2-5_c-1,0.7,"Schema 6a (Centrality Fixed 3x, [2,5], c=-1) (p=0.70)","centrality, n=3, r in [2,5], c=-1, p=0.70",103,14.56,23.3,27.18,28.16,2.91,6.8,7.77,9.71,4.85,10.06,12.71,15.25,1.75,1.94,1.88,1.59,0.047,94.72,99.22,143.61,2.235,0.09,116.4,37.57,111.52,3.0
bright_economics_doc_level,Edge-RAG,v6a,v6a_n4_r2-5_c-1,0.7,"Schema 6a (Centrality Fixed 4x, [2,5], c=-1) (p=0.70)","centrality, n=4, r in [2,5], c=-1, p=0.70",103,14.56,21.36,28.16,28.16,2.91,4.85,7.77,9.71,4.85,8.09,12.95,14.98,1.75,1.84,1.88,1.53,0.0461,95.25,101.07,146.69,2.235,0.09,116.4,37.57,111.52,4.0
bright_economics_doc_level,Edge-RAG,v6b,v6b_r2-4_c-1,0.7,"Schema 6b (Centrality Low-Floor [2,4], c=-1) (p=0.70)","centrality, r in [2,4], c=-1, p=0.70",103,14.56,20.39,25.24,29.13,3.88,4.85,7.77,9.71,6.12,8.34,11.84,15.86,1.84,1.65,1.75,1.63,0.0465,95.31,99.03,146.36,2.235,0.09,99.7,37.57,83.83,3.26
bright_economics_doc_level,Edge-RAG,v6b,v6b_r3-5_c-1,0.7,"Schema 6b (Centrality High-Floor [3,5], c=-1) (p=0.70)","centrality, r in [3,5], c=-1, p=0.70",103,16.5,22.33,28.16,29.13,3.88,4.85,8.74,9.71,6.35,8.49,13.36,15.83,2.14,1.8,1.84,1.63,0.0491,94.5,98.96,145.4,2.235,0.09,121.9,37.57,121.29,4.26
bright_economics_doc_level,Edge-RAG,v6b,v6b_r4-5_c-1,0.7,"Schema 6b (Centrality Heavy Booster [4,5], c=-1) (p=0.70)","centrality, r in [4,5], c=-1, p=0.70",103,14.56,19.42,28.16,30.1,2.91,4.85,7.77,9.71,5.21,8.02,12.91,15.72,1.84,1.7,1.78,1.51,0.0471,96.13,99.31,142.09,2.235,0.09,133.6,37.57,142.13,4.8
bright_economics_doc_level,Edge-RAG,v6b,v6b_r2-5_c-1,0.7,"Schema 6b (Centrality Full Dynamic [2,5], c=-1) (p=0.70)","centrality, r in [2,5], c=-1, p=0.70",103,15.53,20.39,26.21,30.1,2.91,4.85,8.74,10.68,5.46,8.38,13.39,16.45,1.94,1.65,1.68,1.61,0.0477,95.76,101.52,144.74,2.235,0.09,116.4,37.57,111.52,3.99
bright_economics_doc_level,Edge-RAG,v1,v1_baseline,0.75,"Schema 1 Baseline (R=3, C_exp=2) (p=0.75)","R=3, C_exp=2, p=0.75",103,16.5,21.36,26.21,33.98,3.88,5.83,6.8,9.71,6.7,9.98,12.02,16.87,1.94,1.75,1.62,1.5,0.0632,70.22,72.6,116.4,2.235,0.09,101.7,41.17,82.21,3.0
bright_economics_doc_level,Edge-RAG,v5a,v5a_n3_r2-5_c-1,0.75,"Schema 5a (Fixed 3x, [2,5], c=-1) (p=0.75)","n=3, r in [2,5], c=-1, p=0.75",103,16.5,21.36,26.21,33.98,3.88,5.83,6.8,9.71,6.7,9.98,12.02,16.87,1.94,1.75,1.62,1.5,0.0632,69.67,72.52,114.28,2.235,0.09,101.7,41.17,82.21,3.0
bright_economics_doc_level,Edge-RAG,v5a,v5a_n4_r2-5_c-1,0.75,"Schema 5a (Fixed 4x, [2,5], c=-1) (p=0.75)","n=4, r in [2,5], c=-1, p=0.75",103,16.5,20.39,24.27,34.95,3.88,5.83,6.8,10.68,6.7,9.6,12.05,17.58,1.94,1.7,1.55,1.48,0.0631,69.93,72.67,115.03,2.235,0.09,101.7,41.17,82.21,3.0
bright_economics_doc_level,Edge-RAG,v5b,v5b_r2-5_c-1,0.75,"Schema 5b (Dynamic Contrast [2,5], c=-1) (p=0.75)","r in [2,5], c=-1, p=0.75",103,15.53,23.3,27.18,33.01,3.88,5.83,6.8,11.65,6.84,10.07,12.38,17.9,1.94,1.84,1.75,1.53,0.0597,71.05,73.81,118.65,2.235,0.09,124.0,41.17,120.79,3.97
bright_economics_doc_level,Edge-RAG,v5b,v5b_r3-5_c-1,0.75,"Schema 5b (High-Floor Safe [3,5], c=-1) (p=0.75)","r in [3,5], c=-1, p=0.75",103,16.5,21.36,27.18,33.98,3.88,5.83,6.8,10.68,6.94,9.85,12.57,17.19,2.04,1.55,1.72,1.55,0.0552,70.64,75.77,123.91,2.235,0.09,130.8,41.17,132.24,4.24
bright_economics_doc_level,Edge-RAG,v5b,v5b_r4-5_c-1,0.75,"Schema 5b (Heavy Booster [4,5], c=-1) (p=0.75)","r in [4,5], c=-1, p=0.75",103,17.48,22.33,27.18,33.01,3.88,5.83,6.8,9.71,6.75,9.78,12.1,16.6,2.14,1.8,1.68,1.48,0.0604,71.0,73.63,120.45,2.235,0.09,143.0,41.17,154.76,4.78
bright_economics_doc_level,Edge-RAG,v6a,v6a_n3_r2-5_c-1,0.75,"Schema 6a (Centrality Fixed 3x, [2,5], c=-1) (p=0.75)","centrality, n=3, r in [2,5], c=-1, p=0.75",103,15.53,22.33,25.24,30.1,3.88,6.8,7.77,8.74,5.88,9.9,11.85,15.08,2.14,1.84,1.78,1.63,0.0555,98.32,102.01,150.4,2.235,0.09,122.1,39.99,116.79,3.0
bright_economics_doc_level,Edge-RAG,v6a,v6a_n4_r2-5_c-1,0.75,"Schema 6a (Centrality Fixed 4x, [2,5], c=-1) (p=0.75)","centrality, n=4, r in [2,5], c=-1, p=0.75",103,15.53,20.39,26.21,29.13,3.88,4.85,7.77,8.74,5.88,7.95,12.32,14.77,2.14,1.75,1.81,1.59,0.0548,97.27,101.58,151.01,2.235,0.09,122.1,39.99,116.79,4.0
bright_economics_doc_level,Edge-RAG,v6b,v6b_r2-4_c-1,0.75,"Schema 6b (Centrality Low-Floor [2,4], c=-1) (p=0.75)","centrality, r in [2,4], c=-1, p=0.75",103,15.53,19.42,26.21,31.07,3.88,4.85,7.77,9.71,6.29,7.89,12.56,16.21,1.94,1.65,1.84,1.63,0.0506,97.83,104.14,151.74,2.235,0.09,105.3,39.99,88.66,3.24
bright_economics_doc_level,Edge-RAG,v6b,v6b_r3-5_c-1,0.75,"Schema 6b (Centrality High-Floor [3,5], c=-1) (p=0.75)","centrality, r in [3,5], c=-1, p=0.75",103,17.48,19.42,27.18,30.1,4.85,4.85,6.8,9.71,7.31,7.89,12.31,15.85,2.23,1.65,1.84,1.65,0.0523,98.87,102.21,149.06,2.235,0.09,128.9,39.99,128.52,4.24
bright_economics_doc_level,Edge-RAG,v6b,v6b_r4-5_c-1,0.75,"Schema 6b (Centrality Heavy Booster [4,5], c=-1) (p=0.75)","centrality, r in [4,5], c=-1, p=0.75",103,14.56,19.42,27.18,29.13,2.91,5.83,7.77,8.74,5.26,8.84,12.44,14.76,2.14,1.7,1.78,1.59,0.056,99.14,101.84,152.85,2.235,0.09,140.6,39.99,149.75,4.77
bright_economics_doc_level,Edge-RAG,v6b,v6b_r2-5_c-1,0.75,"Schema 6b (Centrality Full Dynamic [2,5], c=-1) (p=0.75)","centrality, r in [2,5], c=-1, p=0.75",103,15.53,19.42,26.21,30.1,2.91,5.83,7.77,10.68,5.5,8.83,13.29,16.47,2.14,1.7,1.84,1.61,0.0527,97.01,101.78,151.26,2.235,0.09,122.1,39.99,116.79,3.95
bright_economics_doc_level,Edge-RAG,v1,v1_baseline,0.8,"Schema 1 Baseline (R=3, C_exp=2) (p=0.80)","R=3, C_exp=2, p=0.80",103,18.45,23.3,29.13,32.04,3.88,5.83,8.74,10.68,6.97,10.46,14.63,17.25,2.04,2.04,2.04,1.67,0.0598,72.18,77.94,127.63,2.235,0.09,107.4,43.77,87.4,3.0
bright_economics_doc_level,Edge-RAG,v5a,v5a_n3_r2-5_c-1,0.8,"Schema 5a (Fixed 3x, [2,5], c=-1) (p=0.80)","n=3, r in [2,5], c=-1, p=0.80",103,18.45,23.3,29.13,32.04,3.88,5.83,8.74,10.68,6.97,10.46,14.63,17.25,2.04,2.04,2.04,1.67,0.0598,71.66,75.48,121.88,2.235,0.09,107.4,43.77,87.4,3.0
bright_economics_doc_level,Edge-RAG,v5a,v5a_n4_r2-5_c-1,0.8,"Schema 5a (Fixed 4x, [2,5], c=-1) (p=0.80)","n=4, r in [2,5], c=-1, p=0.80",103,18.45,21.36,28.16,32.04,3.88,4.85,8.74,10.68,6.97,9.43,14.55,17.23,2.04,1.94,2.01,1.65,0.0584,71.51,75.29,122.01,2.235,0.09,107.4,43.77,87.4,3.0
bright_economics_doc_level,Edge-RAG,v5b,v5b_r2-5_c-1,0.8,"Schema 5b (Dynamic Contrast [2,5], c=-1) (p=0.80)","r in [2,5], c=-1, p=0.80",103,18.45,23.3,28.16,33.01,3.88,5.83,7.77,11.65,7.06,10.2,13.5,17.92,2.23,2.09,1.88,1.79,0.0506,72.48,78.88,129.24,2.235,0.09,129.6,43.77,126.07,3.91
bright_economics_doc_level,Edge-RAG,v5b,v5b_r3-5_c-1,0.8,"Schema 5b (High-Floor Safe [3,5], c=-1) (p=0.80)","r in [3,5], c=-1, p=0.80",103,19.42,22.33,27.18,33.98,4.85,4.85,6.8,10.68,8.07,9.65,13.36,17.52,2.23,2.14,2.01,1.71,0.0533,71.68,76.41,127.63,2.235,0.09,137.7,43.77,140.01,4.23
bright_economics_doc_level,Edge-RAG,v5b,v5b_r4-5_c-1,0.8,"Schema 5b (Heavy Booster [4,5], c=-1) (p=0.80)","r in [4,5], c=-1, p=0.80",103,18.45,23.3,29.13,34.95,3.88,5.83,8.74,10.68,6.97,10.2,14.93,17.61,2.04,2.09,2.04,1.75,0.0576,73.24,76.54,125.87,2.235,0.09,149.7,43.77,162.63,4.74
bright_economics_doc_level,Edge-RAG,v6a,v6a_n3_r2-5_c-1,0.8,"Schema 6a (Centrality Fixed 3x, [2,5], c=-1) (p=0.80)","centrality, n=3, r in [2,5], c=-1, p=0.80",103,14.56,20.39,25.24,34.95,3.88,6.8,7.77,12.62,5.79,9.71,11.79,19.24,2.23,1.94,1.88,1.83,0.0605,101.62,105.21,162.13,2.235,0.09,128.3,42.49,121.97,3.0
bright_economics_doc_level,Edge-RAG,v6a,v6a_n4_r2-5_c-1,0.8,"Schema 6a (Centrality Fixed 4x, [2,5], c=-1) (p=0.80)","centrality, n=4, r in [2,5], c=-1, p=0.80",103,14.56,20.39,26.21,33.98,3.88,6.8,7.77,11.65,5.79,9.68,12.32,18.6,2.23,1.89,1.91,1.77,0.0588,101.52,107.09,160.93,2.235,0.09,128.3,42.49,121.97,4.0
bright_economics_doc_level,Edge-RAG,v6b,v6b_r2-4_c-1,0.8,"Schema 6b (Centrality Low-Floor [2,4], c=-1) (p=0.80)","centrality, r in [2,4], c=-1, p=0.80",103,15.53,19.42,25.24,33.01,2.91,5.83,7.77,11.65,5.9,8.71,11.92,18.72,2.33,1.84,1.84,1.73,0.0497,100.84,104.57,154.95,2.235,0.09,111.5,42.49,93.64,3.23
bright_economics_doc_level,Edge-RAG,v6b,v6b_r3-5_c-1,0.8,"Schema 6b (Centrality High-Floor [3,5], c=-1) (p=0.80)","centrality, r in [3,5], c=-1, p=0.80",103,15.53,20.39,26.21,33.98,3.88,6.8,7.77,12.62,6.3,9.68,12.28,19.73,2.43,1.89,1.91,1.88,0.0506,99.84,104.17,156.97,2.235,0.09,136.4,42.49,135.99,4.23
bright_economics_doc_level,Edge-RAG,v6b,v6b_r4-5_c-1,0.8,"Schema 6b (Centrality Heavy Booster [4,5], c=-1) (p=0.80)","centrality, r in [4,5], c=-1, p=0.80",103,14.56,20.39,27.18,32.04,2.91,7.77,9.71,10.68,5.17,10.8,13.94,17.09,2.14,1.94,1.94,1.79,0.0548,100.02,104.46,158.32,2.235,0.09,148.1,42.49,157.41,4.73
bright_economics_doc_level,Edge-RAG,v6b,v6b_r2-5_c-1,0.8,"Schema 6b (Centrality Full Dynamic [2,5], c=-1) (p=0.80)","centrality, r in [2,5], c=-1, p=0.80",103,16.5,20.39,26.21,30.1,2.91,6.8,8.74,10.68,5.89,9.77,13.37,16.42,2.23,1.89,1.94,1.73,0.059,99.54,106.73,156.38,2.235,0.09,128.3,42.49,121.97,3.9
bright_economics_doc_level,Edge-RAG,v1,v1_baseline,0.9,"Schema 1 Baseline (R=3, C_exp=2) (p=0.90)","R=3, C_exp=2, p=0.90",103,19.42,24.27,29.13,33.01,3.88,6.8,9.71,10.68,7.73,11.51,15.03,17.76,2.82,2.43,2.39,2.0,0.0804,76.31,80.89,135.03,2.235,0.09,118.5,48.83,97.53,3.0
bright_economics_doc_level,Edge-RAG,v5a,v5a_n3_r2-5_c-1,0.9,"Schema 5a (Fixed 3x, [2,5], c=-1) (p=0.90)","n=3, r in [2,5], c=-1, p=0.90",103,19.42,24.27,29.13,33.01,3.88,6.8,9.71,10.68,7.73,11.51,15.03,17.76,2.82,2.43,2.39,2.0,0.0804,77.34,81.0,137.39,2.235,0.09,118.5,48.83,97.53,3.0
bright_economics_doc_level,Edge-RAG,v5a,v5a_n4_r2-5_c-1,0.9,"Schema 5a (Fixed 4x, [2,5], c=-1) (p=0.90)","n=4, r in [2,5], c=-1, p=0.90",103,20.39,23.3,28.16,33.98,3.88,5.83,10.68,10.68,8.06,10.36,15.53,18.12,2.91,2.28,2.33,2.04,0.083,77.75,82.95,140.4,2.235,0.09,118.5,48.83,97.53,3.0
bright_economics_doc_level,Edge-RAG,v5b,v5b_r2-5_c-1,0.9,"Schema 5b (Dynamic Contrast [2,5], c=-1) (p=0.90)","r in [2,5], c=-1, p=0.90",103,20.39,23.3,28.16,33.98,4.85,5.83,9.71,11.65,8.03,10.32,15.35,19.21,2.91,2.43,2.46,2.0,0.0626,78.61,82.02,138.28,2.235,0.09,140.1,48.83,136.1,3.82
bright_economics_doc_level,Edge-RAG,v5b,v5b_r3-5_c-1,0.9,"Schema 5b (High-Floor Safe [3,5], c=-1) (p=0.90)","r in [3,5], c=-1, p=0.90",103,19.42,24.27,29.13,32.04,4.85,5.83,10.68,10.68,8.2,10.27,16.58,17.73,2.82,2.33,2.49,2.04,0.0775,77.84,82.21,140.15,2.235,0.09,150.2,48.83,154.72,4.19
bright_economics_doc_level,Edge-RAG,v5b,v5b_r4-5_c-1,0.9,"Schema 5b (Heavy Booster [4,5], c=-1) (p=0.90)","r in [4,5], c=-1, p=0.90",103,21.36,24.27,28.16,34.95,3.88,5.83,10.68,11.65,7.9,10.66,15.7,19.6,3.11,2.52,2.39,2.06,0.0711,79.21,84.67,143.15,2.235,0.09,162.0,48.83,177.88,4.67
bright_economics_doc_level,Edge-RAG,v6a,v6a_n3_r2-5_c-1,0.9,"Schema 6a (Centrality Fixed 3x, [2,5], c=-1) (p=0.90)","centrality, n=3, r in [2,5], c=-1, p=0.90",103,19.42,24.27,26.21,34.95,2.91,6.8,8.74,10.68,6.45,11.41,13.61,17.94,2.91,2.43,2.23,2.0,0.0715,104.99,110.59,175.12,2.235,0.09,138.8,47.39,131.51,3.0
bright_economics_doc_level,Edge-RAG,v6a,v6a_n4_r2-5_c-1,0.9,"Schema 6a (Centrality Fixed 4x, [2,5], c=-1) (p=0.90)","centrality, n=4, r in [2,5], c=-1, p=0.90",103,19.42,24.27,26.21,33.01,2.91,6.8,8.74,9.71,6.45,11.41,13.61,16.7,2.91,2.43,2.27,1.92,0.0709,105.58,110.78,172.45,2.235,0.09,138.8,47.39,131.51,4.0
bright_economics_doc_level,Edge-RAG,v6b,v6b_r2-4_c-1,0.9,"Schema 6b (Centrality Low-Floor [2,4], c=-1) (p=0.90)","centrality, r in [2,4], c=-1, p=0.90",103,17.48,24.27,27.18,32.04,3.88,6.8,7.77,10.68,6.79,11.08,12.87,17.54,2.72,2.33,2.14,1.9,0.0584,105.33,112.75,174.32,2.235,0.09,121.9,47.39,102.36,3.18
bright_economics_doc_level,Edge-RAG,v6b,v6b_r3-5_c-1,0.9,"Schema 6b (Centrality High-Floor [3,5], c=-1) (p=0.90)","centrality, r in [3,5], c=-1, p=0.90",103,18.45,24.27,26.21,32.04,3.88,6.8,8.74,10.68,6.82,11.41,13.55,17.12,2.82,2.43,2.2,1.94,0.0601,105.21,110.36,172.34,2.235,0.09,148.9,47.39,149.6,4.18
bright_economics_doc_level,Edge-RAG,v6b,v6b_r4-5_c-1,0.9,"Schema 6b (Centrality Heavy Booster [4,5], c=-1) (p=0.90)","centrality, r in [4,5], c=-1, p=0.90",103,17.48,23.3,26.21,33.01,2.91,5.83,8.74,10.68,6.13,10.24,13.65,17.54,2.43,2.43,2.23,1.96,0.0687,105.98,110.94,173.42,2.235,0.09,160.7,47.39,172.13,4.66
bright_economics_doc_level,Edge-RAG,v6b,v6b_r2-5_c-1,0.9,"Schema 6b (Centrality Full Dynamic [2,5], c=-1) (p=0.90)","centrality, r in [2,5], c=-1, p=0.90",103,17.48,23.3,27.18,33.01,3.88,6.8,8.74,11.65,7.06,10.92,13.57,18.3,2.72,2.48,2.33,1.92,0.0615,106.86,113.92,181.51,2.235,0.09,138.8,47.39,131.51,3.8
bright_economics_doc_level,Edge-RAG,v1,v1_baseline,1.0,"Schema 1 Baseline (R=3, C_exp=2) (p=1.00)","R=3, C_exp=2, p=1.00",103,20.39,27.18,31.07,34.95,3.88,6.8,9.71,10.68,8.11,12.27,16.38,18.66,3.4,2.91,2.78,2.17,0.0868,79.81,85.11,151.93,2.235,0.09,124.6,52.17,104.19,3.0
bright_economics_doc_level,Edge-RAG,v5a,v5a_n3_r2-5_c-1,1.0,"Schema 5a (Fixed 3x, [2,5], c=-1) (p=1.00)","n=3, r in [2,5], c=-1, p=1.00",103,20.39,27.18,31.07,34.95,3.88,6.8,9.71,10.68,8.11,12.27,16.38,18.66,3.4,2.91,2.78,2.17,0.0868,80.31,84.85,151.22,2.235,0.09,124.6,52.17,104.19,3.0
bright_economics_doc_level,Edge-RAG,v5a,v5a_n4_r2-5_c-1,1.0,"Schema 5a (Fixed 4x, [2,5], c=-1) (p=1.00)","n=4, r in [2,5], c=-1, p=1.00",103,20.39,27.18,31.07,34.95,3.88,6.8,9.71,10.68,8.09,12.28,16.39,18.64,3.3,2.96,2.82,2.16,0.0882,82.65,87.32,153.82,2.235,0.09,124.6,52.17,104.19,3.0
bright_economics_doc_level,Edge-RAG,v5b,v5b_r2-5_c-1,1.0,"Schema 5b (Dynamic Contrast [2,5], c=-1) (p=1.00)","r in [2,5], c=-1, p=1.00",103,21.36,26.21,29.13,33.01,3.88,6.8,10.68,10.68,7.66,11.65,16.5,18.06,3.11,2.72,2.59,2.12,0.0737,81.98,86.75,154.27,2.235,0.09,145.5,52.17,141.72,3.75
bright_economics_doc_level,Edge-RAG,v5b,v5b_r3-5_c-1,1.0,"Schema 5b (High-Floor Safe [3,5], c=-1) (p=1.00)","r in [3,5], c=-1, p=1.00",103,21.36,27.18,30.1,33.98,3.88,7.77,10.68,10.68,8.07,12.48,16.69,18.6,3.2,2.96,2.82,2.16,0.0893,83.55,89.77,157.21,2.235,0.09,156.0,52.17,162.56,4.14
bright_economics_doc_level,Edge-RAG,v5b,v5b_r4-5_c-1,1.0,"Schema 5b (Heavy Booster [4,5], c=-1) (p=1.00)","r in [4,5], c=-1, p=1.00",103,22.33,27.18,28.16,34.95,3.88,6.8,10.68,10.68,8.21,12.58,16.11,18.85,3.4,2.96,2.62,2.21,0.0818,82.32,86.37,155.55,2.235,0.09,168.5,52.17,187.87,4.63
bright_economics_doc_level,Edge-RAG,v6a,v6a_n3_r2-5_c-1,1.0,"Schema 6a (Centrality Fixed 3x, [2,5], c=-1) (p=1.00)","centrality, n=3, r in [2,5], c=-1, p=1.00",103,18.45,24.27,27.18,33.98,2.91,6.8,8.74,10.68,6.6,11.46,14.21,17.86,3.3,2.57,2.49,1.96,0.0732,102.56,107.55,172.28,2.235,0.09,141.6,49.18,134.21,3.0
bright_economics_doc_level,Edge-RAG,v6a,v6a_n4_r2-5_c-1,1.0,"Schema 6a (Centrality Fixed 4x, [2,5], c=-1) (p=1.00)","centrality, n=4, r in [2,5], c=-1, p=1.00",103,18.45,25.24,26.21,34.95,2.91,6.8,8.74,9.71,6.46,11.48,13.93,17.77,3.2,2.57,2.39,2.0,0.0722,108.62,114.93,185.18,2.235,0.09,141.6,49.18,134.21,4.0
bright_economics_doc_level,Edge-RAG,v6b,v6b_r2-4_c-1,1.0,"Schema 6b (Centrality Low-Floor [2,4], c=-1) (p=1.00)","centrality, r in [2,4], c=-1, p=1.00",103,16.5,24.27,27.18,32.04,3.88,6.8,7.77,10.68,6.52,11.41,13.05,17.23,2.82,2.43,2.27,1.88,0.0586,108.84,112.85,184.36,2.235,0.09,124.6,49.18,104.49,3.14
bright_economics_doc_level,Edge-RAG,v6b,v6b_r3-5_c-1,1.0,"Schema 6b (Centrality High-Floor [3,5], c=-1) (p=1.00)","centrality, r in [3,5], c=-1, p=1.00",103,18.45,25.24,26.21,33.98,3.88,6.8,8.74,10.68,6.87,11.48,13.85,18.06,3.01,2.52,2.33,1.94,0.0635,107.04,114.82,184.49,2.235,0.09,151.9,49.18,153.52,4.14
bright_economics_doc_level,Edge-RAG,v6b,v6b_r4-5_c-1,1.0,"Schema 6b (Centrality Heavy Booster [4,5], c=-1) (p=1.00)","centrality, r in [4,5], c=-1, p=1.00",103,16.5,23.3,27.18,34.95,2.91,5.83,8.74,10.68,6.1,10.63,13.98,18.28,2.62,2.62,2.36,2.02,0.0688,108.9,112.78,185.69,2.235,0.09,164.1,49.18,177.51,4.63
bright_economics_doc_level,Edge-RAG,v6b,v6b_r2-5_c-1,1.0,"Schema 6b (Centrality Full Dynamic [2,5], c=-1) (p=1.00)","centrality, r in [2,5], c=-1, p=1.00",103,17.48,23.3,27.18,32.04,3.88,6.8,8.74,10.68,7.07,10.95,13.74,17.73,2.82,2.52,2.39,1.98,0.0627,109.12,112.81,183.09,2.235,0.09,141.6,49.18,134.21,3.75
bright_stackoverflow_doc_level,Baseline,BM25_Lucene,bm25_baseline,-,BM25 (Lucene Baseline),"k1=1.5, b=0.75",117,21.37,25.64,29.91,36.75,5.13,5.98,8.55,11.97,10.73,13.36,16.68,21.01,3.85,2.44,1.97,1.5,0.1139,4.28,4.53,6.42,9.514,0.0,171.3,0.0,0.0,0.0
bright_stackoverflow_doc_level,Baseline,Dense_BGE_Small,dense_bge_small,-,Dense (bge-small-en-v1.5),"dim=384, cosine",117,26.5,37.61,42.74,47.86,5.98,16.24,19.66,22.22,12.63,23.25,28.4,32.83,4.1,3.68,3.05,2.32,0.1023,140.86,141.96,147.27,75.871,1.6,171.3,0.0,0.0,0.0
bright_stackoverflow_doc_level,Baseline,Dense_BGE_Large,dense_bge_large,-,Dense (bge-large-en-v1.5),"dim=1024, cosine",117,31.62,46.15,51.28,60.68,8.55,17.09,23.08,26.5,16.08,26.91,34.25,41.29,4.44,3.72,3.3,2.7,0.1271,357.96,359.12,363.26,515.378,2.6,171.3,0.0,0.0,0.0
bright_stackoverflow_doc_level,Baseline,SPLADE_v3,splade_v3,-,SPLADE-v3 (DistilBERT),"sparse neural, distilbert",117,33.33,42.74,47.01,50.43,8.55,11.11,13.68,16.24,17.0,23.21,27.82,31.37,5.3,3.97,3.39,2.58,0.1351,129.89,130.28,141.67,633.515,4.12,171.3,0.0,0.0,0.0
bright_stackoverflow_doc_level,Edge-RAG,v1,v1_baseline,0.45,"Schema 1 Baseline (R=3, C_exp=2) (p=0.45)","R=3, C_exp=2, p=0.45",117,17.09,23.08,25.64,31.62,5.98,6.84,7.69,14.53,10.26,13.69,15.63,21.75,2.65,2.09,1.62,1.3,0.0759,74.75,81.59,133.45,8.928,0.09,83.8,35.22,70.41,3.0
bright_stackoverflow_doc_level,Edge-RAG,v5a,v5a_n3_r2-5_c-1,0.45,"Schema 5a (Fixed 3x, [2,5], c=-1) (p=0.45)","n=3, r in [2,5], c=-1, p=0.45",117,17.09,23.08,25.64,31.62,5.98,6.84,7.69,14.53,10.26,13.69,15.63,21.75,2.65,2.09,1.62,1.3,0.0759,74.04,81.15,133.35,8.928,0.09,83.8,35.22,70.41,3.0
bright_stackoverflow_doc_level,Edge-RAG,v5a,v5a_n4_r2-5_c-1,0.45,"Schema 5a (Fixed 4x, [2,5], c=-1) (p=0.45)","n=4, r in [2,5], c=-1, p=0.45",117,17.09,22.22,25.64,30.77,5.98,6.84,7.69,13.68,10.21,13.33,15.68,20.86,2.74,2.01,1.65,1.28,0.077,73.66,81.29,133.33,8.928,0.09,83.8,35.22,70.41,3.0
bright_stackoverflow_doc_level,Edge-RAG,v5b,v5b_r2-5_c-1,0.45,"Schema 5b (Dynamic Contrast [2,5], c=-1) (p=0.45)","r in [2,5], c=-1, p=0.45",117,17.09,23.08,26.5,30.77,6.84,7.69,8.55,13.68,10.7,13.97,15.85,20.83,2.82,2.18,1.71,1.3,0.0797,74.94,86.61,137.38,8.928,0.09,106.2,35.22,113.65,4.21
bright_stackoverflow_doc_level,Edge-RAG,v5b,v5b_r3-5_c-1,0.45,"Schema 5b (High-Floor Safe [3,5], c=-1) (p=0.45)","r in [3,5], c=-1, p=0.45",117,17.95,23.08,25.64,31.62,6.84,7.69,8.55,13.68,11.2,13.76,15.63,21.21,2.99,2.09,1.71,1.28,0.0766,74.96,82.53,136.02,8.928,0.09,108.9,35.22,118.43,4.35
bright_stackoverflow_doc_level,Edge-RAG,v5b,v5b_r4-5_c-1,0.45,"Schema 5b (Heavy Booster [4,5], c=-1) (p=0.45)","r in [4,5], c=-1, p=0.45",117,18.8,23.08,25.64,29.91,6.84,6.84,9.4,12.82,10.93,13.96,15.99,20.3,2.91,2.18,1.74,1.3,0.0784,74.25,82.55,137.16,8.928,0.09,118.5,35.22,135.4,4.86
bright_stackoverflow_doc_level,Edge-RAG,v6a,v6a_n3_r2-5_c-1,0.45,"Schema 6a (Centrality Fixed 3x, [2,5], c=-1) (p=0.45)","centrality, n=3, r in [2,5], c=-1, p=0.45",117,21.37,25.64,32.48,35.04,5.13,5.98,9.4,13.68,10.64,13.59,19.64,24.0,3.42,2.35,2.22,1.69,0.1042,103.62,111.45,171.34,8.928,0.09,101.4,33.63,107.81,3.0
bright_stackoverflow_doc_level,Edge-RAG,v6a,v6a_n4_r2-5_c-1,0.45,"Schema 6a (Centrality Fixed 4x, [2,5], c=-1) (p=0.45)","centrality, n=4, r in [2,5], c=-1, p=0.45",117,20.51,24.79,32.48,34.19,5.13,5.98,10.26,13.68,10.39,13.45,19.78,23.42,3.42,2.31,2.17,1.68,0.0887,104.4,115.67,176.03,8.928,0.09,101.4,33.63,107.81,4.0
bright_stackoverflow_doc_level,Edge-RAG,v6b,v6b_r2-4_c-1,0.45,"Schema 6b (Centrality Low-Floor [2,4], c=-1) (p=0.45)","centrality, r in [2,4], c=-1, p=0.45",117,20.51,24.79,31.62,35.04,5.13,8.55,11.11,14.53,10.56,15.08,19.78,23.99,3.5,2.44,2.17,1.62,0.0996,104.99,111.41,168.67,8.928,0.09,86.8,33.63,79.97,3.36
bright_stackoverflow_doc_level,Edge-RAG,v6b,v6b_r3-5_c-1,0.45,"Schema 6b (Centrality High-Floor [3,5], c=-1) (p=0.45)","centrality, r in [3,5], c=-1, p=0.45",117,20.51,23.93,31.62,35.04,5.13,7.69,11.11,14.53,10.56,14.27,19.11,24.91,3.5,2.44,2.08,1.73,0.091,105.16,111.56,169.0,8.928,0.09,104.6,33.63,113.58,4.36
bright_stackoverflow_doc_level,Edge-RAG,v6b,v6b_r4-5_c-1,0.45,"Schema 6b (Centrality Heavy Booster [4,5], c=-1) (p=0.45)","centrality, r in [4,5], c=-1, p=0.45",117,20.51,24.79,28.21,33.33,5.13,5.98,8.55,14.53,10.39,13.47,16.47,23.62,3.42,2.31,1.88,1.71,0.0873,104.11,111.19,165.19,8.928,0.09,113.0,33.63,128.28,4.83
bright_stackoverflow_doc_level,Edge-RAG,v6b,v6b_r2-5_c-1,0.45,"Schema 6b (Centrality Full Dynamic [2,5], c=-1) (p=0.45)","centrality, r in [2,5], c=-1, p=0.45",117,20.51,23.93,29.06,34.19,5.13,7.69,11.11,13.68,10.56,14.24,18.32,23.09,3.5,2.44,1.97,1.62,0.094,103.9,115.08,169.56,8.928,0.09,101.4,33.63,107.81,4.18
bright_stackoverflow_doc_level,Edge-RAG,v1,v1_baseline,0.5,"Schema 1 Baseline (R=3, C_exp=2) (p=0.50)","R=3, C_exp=2, p=0.50",117,21.37,23.08,27.35,35.04,5.98,6.84,9.4,14.53,11.16,14.24,17.56,22.71,3.5,2.52,2.02,1.52,0.083,78.47,85.68,143.69,8.928,0.09,90.5,38.26,76.48,3.0
bright_stackoverflow_doc_level,Edge-RAG,v5a,v5a_n3_r2-5_c-1,0.5,"Schema 5a (Fixed 3x, [2,5], c=-1) (p=0.50)","n=3, r in [2,5], c=-1, p=0.50",117,21.37,23.08,27.35,35.04,5.98,6.84,9.4,14.53,11.16,14.24,17.56,22.71,3.5,2.52,2.02,1.52,0.083,78.27,85.65,143.63,8.928,0.09,90.5,38.26,76.48,3.0
bright_stackoverflow_doc_level,Edge-RAG,v5a,v5a_n4_r2-5_c-1,0.5,"Schema 5a (Fixed 4x, [2,5], c=-1) (p=0.50)","n=4, r in [2,5], c=-1, p=0.50",117,20.51,23.08,27.35,32.48,5.98,6.84,9.4,14.53,11.31,14.24,17.56,22.1,3.5,2.52,2.02,1.47,0.0834,77.69,90.25,141.51,8.928,0.09,90.5,38.26,76.48,3.0
bright_stackoverflow_doc_level,Edge-RAG,v5b,v5b_r2-5_c-1,0.5,"Schema 5b (Dynamic Contrast [2,5], c=-1) (p=0.50)","r in [2,5], c=-1, p=0.50",117,20.51,23.93,27.35,32.48,6.84,7.69,9.4,13.68,11.6,15.08,17.14,22.0,3.42,2.56,2.11,1.47,0.0836,77.87,86.88,147.41,8.928,0.09,113.0,38.26,120.97,4.14
bright_stackoverflow_doc_level,Edge-RAG,v5b,v5b_r3-5_c-1,0.5,"Schema 5b (High-Floor Safe [3,5], c=-1) (p=0.50)","r in [3,5], c=-1, p=0.50",117,19.66,23.93,28.21,33.33,6.84,8.55,10.26,13.68,11.31,15.22,18.32,22.39,3.5,2.61,2.14,1.5,0.0898,78.79,87.06,146.45,8.928,0.09,116.7,38.26,127.53,4.33
bright_stackoverflow_doc_level,Edge-RAG,v5b,v5b_r4-5_c-1,0.5,"Schema 5b (Heavy Booster [4,5], c=-1) (p=0.50)","r in [4,5], c=-1, p=0.50",117,20.51,23.93,28.21,33.33,6.84,7.69,9.4,14.53,11.53,14.91,17.19,21.92,3.5,2.56,2.05,1.5,0.082,78.27,86.7,146.93,8.928,0.09,126.4,38.26,145.19,4.82
bright_stackoverflow_doc_level,Edge-RAG,v6a,v6a_n3_r2-5_c-1,0.5,"Schema 6a (Centrality Fixed 3x, [2,5], c=-1) (p=0.50)","centrality, n=3, r in [2,5], c=-1, p=0.50",117,22.22,27.35,33.33,36.75,5.98,7.69,10.26,14.53,11.99,16.19,21.58,25.26,3.85,2.78,2.42,1.74,0.1071,107.44,119.52,175.45,8.928,0.09,108.6,36.53,114.97,3.0
bright_stackoverflow_doc_level,Edge-RAG,v6a,v6a_n4_r2-5_c-1,0.5,"Schema 6a (Centrality Fixed 4x, [2,5], c=-1) (p=0.50)","centrality, n=4, r in [2,5], c=-1, p=0.50",117,20.51,27.35,33.33,37.61,5.98,7.69,11.11,14.53,11.19,16.01,21.6,25.14,3.76,2.69,2.36,1.74,0.0996,107.36,115.26,178.63,8.928,0.09,108.6,36.53,114.97,4.0
bright_stackoverflow_doc_level,Edge-RAG,v6b,v6b_r2-4_c-1,0.5,"Schema 6b (Centrality Low-Floor [2,4], c=-1) (p=0.50)","centrality, r in [2,4], c=-1, p=0.50",117,22.22,29.06,30.77,37.61,5.98,10.26,12.82,14.53,11.82,18.46,20.79,25.53,3.76,2.86,2.25,1.71,0.1092,107.07,115.48,176.0,8.928,0.09,93.4,36.53,85.76,3.34
bright_stackoverflow_doc_level,Edge-RAG,v6b,v6b_r3-5_c-1,0.5,"Schema 6b (Centrality High-Floor [3,5], c=-1) (p=0.50)","centrality, r in [3,5], c=-1, p=0.50",117,22.22,28.21,30.77,37.61,5.98,9.4,12.82,15.38,11.82,17.27,20.76,26.17,3.76,2.78,2.25,1.74,0.1054,108.05,119.44,175.87,8.928,0.09,112.5,36.53,122.27,4.34
bright_stackoverflow_doc_level,Edge-RAG,v6b,v6b_r4-5_c-1,0.5,"Schema 6b (Centrality Heavy Booster [4,5], c=-1) (p=0.50)","centrality, r in [4,5], c=-1, p=0.50",117,20.51,26.5,30.77,36.75,5.98,7.69,11.11,15.38,11.14,15.57,20.06,25.15,3.68,2.52,2.14,1.76,0.0967,107.0,115.48,175.44,8.928,0.09,121.4,36.53,137.87,4.79
bright_stackoverflow_doc_level,Edge-RAG,v6b,v6b_r2-5_c-1,0.5,"Schema 6b (Centrality Full Dynamic [2,5], c=-1) (p=0.50)","centrality, r in [2,5], c=-1, p=0.50",117,22.22,25.64,30.77,36.75,5.98,8.55,12.82,15.38,11.82,15.71,20.2,25.85,3.76,2.65,2.14,1.71,0.1045,107.32,115.76,178.05,8.928,0.09,108.6,36.53,114.97,4.12
bright_stackoverflow_doc_level,Edge-RAG,v1,v1_baseline,0.55,"Schema 1 Baseline (R=3, C_exp=2) (p=0.55)","R=3, C_exp=2, p=0.55",117,21.37,24.79,28.21,35.04,5.98,6.84,8.55,12.82,12.06,15.0,17.55,22.21,3.59,2.56,2.08,1.57,0.0863,84.56,95.1,157.04,8.928,0.09,98.2,41.77,83.5,3.0
bright_stackoverflow_doc_level,Edge-RAG,v5a,v5a_n3_r2-5_c-1,0.55,"Schema 5a (Fixed 3x, [2,5], c=-1) (p=0.55)","n=3, r in [2,5], c=-1, p=0.55",117,21.37,24.79,28.21,35.04,5.98,6.84,8.55,12.82,12.06,15.0,17.55,22.21,3.59,2.56,2.08,1.57,0.0863,82.45,90.61,155.36,8.928,0.09,98.2,41.77,83.5,3.0
bright_stackoverflow_doc_level,Edge-RAG,v5a,v5a_n4_r2-5_c-1,0.55,"Schema 5a (Fixed 4x, [2,5], c=-1) (p=0.55)","n=4, r in [2,5], c=-1, p=0.55",117,21.37,23.93,28.21,35.04,5.98,6.84,8.55,12.82,12.5,14.68,17.61,22.27,3.85,2.48,2.11,1.59,0.0874,81.5,90.72,152.34,8.928,0.09,98.2,41.77,83.5,3.0
bright_stackoverflow_doc_level,Edge-RAG,v5b,v5b_r2-5_c-1,0.55,"Schema 5b (Dynamic Contrast [2,5], c=-1) (p=0.55)","r in [2,5], c=-1, p=0.55",117,20.51,23.93,26.5,35.9,6.84,6.84,8.55,15.38,12.59,14.83,16.31,23.51,3.85,2.56,2.05,1.62,0.0825,82.31,95.68,159.01,8.928,0.09,120.6,41.77,129.03,4.07
bright_stackoverflow_doc_level,Edge-RAG,v5b,v5b_r3-5_c-1,0.55,"Schema 5b (High-Floor Safe [3,5], c=-1) (p=0.55)","r in [3,5], c=-1, p=0.55",117,21.37,24.79,28.21,35.9,6.84,7.69,8.55,15.38,12.65,15.14,17.19,23.33,3.93,2.65,2.17,1.61,0.0967,82.13,91.68,155.77,8.928,0.09,125.6,41.77,138.07,4.3
bright_stackoverflow_doc_level,Edge-RAG,v5b,v5b_r4-5_c-1,0.55,"Schema 5b (Heavy Booster [4,5], c=-1) (p=0.55)","r in [4,5], c=-1, p=0.55",117,19.66,23.93,29.91,34.19,6.84,7.69,8.55,12.82,12.1,14.96,17.27,21.52,3.76,2.56,2.14,1.56,0.0833,81.85,91.26,155.83,8.928,0.09,135.4,41.77,156.21,4.76
bright_stackoverflow_doc_level,Edge-RAG,v6a,v6a_n3_r2-5_c-1,0.55,"Schema 6a (Centrality Fixed 3x, [2,5], c=-1) (p=0.55)","centrality, n=3, r in [2,5], c=-1, p=0.55",117,21.37,28.21,32.48,39.32,5.98,8.55,11.11,15.38,11.9,17.45,21.33,27.26,4.27,3.12,2.51,1.93,0.1259,110.44,124.17,194.01,8.928,0.09,116.5,39.85,122.7,3.0
bright_stackoverflow_doc_level,Edge-RAG,v6a,v6a_n4_r2-5_c-1,0.55,"Schema 6a (Centrality Fixed 4x, [2,5], c=-1) (p=0.55)","centrality, n=4, r in [2,5], c=-1, p=0.55",117,22.22,28.21,31.62,39.32,6.84,7.69,11.11,16.24,12.81,17.09,21.13,27.7,4.44,3.03,2.54,1.97,0.1128,111.3,119.53,186.28,8.928,0.09,116.5,39.85,122.7,4.0
bright_stackoverflow_doc_level,Edge-RAG,v6b,v6b_r2-4_c-1,0.55,"Schema 6b (Centrality Low-Floor [2,4], c=-1) (p=0.55)","centrality, r in [2,4], c=-1, p=0.55",117,23.08,29.06,31.62,38.46,5.98,8.55,12.82,16.24,12.58,17.7,22.05,27.34,4.36,3.03,2.54,1.93,0.1256,111.73,120.03,185.27,8.928,0.09,100.9,39.85,92.42,3.31
bright_stackoverflow_doc_level,Edge-RAG,v6b,v6b_r3-5_c-1,0.55,"Schema 6b (Centrality High-Floor [3,5], c=-1) (p=0.55)","centrality, r in [3,5], c=-1, p=0.55",117,23.08,29.06,31.62,39.32,5.98,10.26,11.97,17.09,12.58,18.29,21.83,27.87,4.36,3.08,2.56,1.98,0.123,111.94,123.73,192.18,8.928,0.09,121.6,39.85,132.26,4.31
bright_stackoverflow_doc_level,Edge-RAG,v6b,v6b_r4-5_c-1,0.55,"Schema 6b (Centrality Heavy Booster [4,5], c=-1) (p=0.55)","centrality, r in [4,5], c=-1, p=0.55",117,22.22,27.35,31.62,36.75,5.13,8.55,11.11,16.24,11.79,16.89,20.64,26.86,4.1,2.91,2.48,1.91,0.1059,110.56,119.8,188.57,8.928,0.09,130.7,39.85,148.65,4.74
bright_stackoverflow_doc_level,Edge-RAG,v6b,v6b_r2-5_c-1,0.55,"Schema 6b (Centrality Full Dynamic [2,5], c=-1) (p=0.55)","centrality, r in [2,5], c=-1, p=0.55",117,22.22,27.35,31.62,37.61,5.98,8.55,12.82,17.09,11.87,16.9,21.93,27.5,4.02,2.86,2.54,1.85,0.113,110.89,119.75,189.8,8.928,0.09,116.5,39.85,122.7,4.06
bright_stackoverflow_doc_level,Edge-RAG,v1,v1_baseline,0.6,"Schema 1 Baseline (R=3, C_exp=2) (p=0.60)","R=3, C_exp=2, p=0.60",117,23.08,24.79,28.21,35.04,5.98,6.84,8.55,11.97,12.59,14.68,17.11,21.69,4.02,2.61,1.99,1.59,0.1072,84.14,98.63,170.17,8.928,0.09,105.0,44.97,89.91,3.0
bright_stackoverflow_doc_level,Edge-RAG,v5a,v5a_n3_r2-5_c-1,0.6,"Schema 5a (Fixed 3x, [2,5], c=-1) (p=0.60)","n=3, r in [2,5], c=-1, p=0.60",117,23.08,24.79,28.21,35.04,5.98,6.84,8.55,11.97,12.59,14.68,17.11,21.69,4.02,2.61,1.99,1.59,0.1072,84.79,95.11,163.76,8.928,0.09,105.0,44.97,89.91,3.0
bright_stackoverflow_doc_level,Edge-RAG,v5a,v5a_n4_r2-5_c-1,0.6,"Schema 5a (Fixed 4x, [2,5], c=-1) (p=0.60)","n=4, r in [2,5], c=-1, p=0.60",117,22.22,25.64,29.06,35.04,5.98,7.69,8.55,11.97,12.13,15.53,17.09,22.12,3.93,2.65,2.08,1.61,0.112,85.07,94.98,165.74,8.928,0.09,105.0,44.97,89.91,3.0
bright_stackoverflow_doc_level,Edge-RAG,v5b,v5b_r2-5_c-1,0.6,"Schema 5b (Dynamic Contrast [2,5], c=-1) (p=0.60)","r in [2,5], c=-1, p=0.60",117,22.22,24.79,26.5,36.75,6.84,6.84,9.4,15.38,12.87,14.89,17.07,23.94,4.1,2.56,2.11,1.66,0.0945,85.2,99.9,168.28,8.928,0.09,127.2,44.97,135.91,4.0
bright_stackoverflow_doc_level,Edge-RAG,v5b,v5b_r3-5_c-1,0.6,"Schema 5b (High-Floor Safe [3,5], c=-1) (p=0.60)","r in [3,5], c=-1, p=0.60",117,22.22,25.64,29.06,34.19,5.98,8.55,8.55,13.68,12.3,16.06,17.51,22.46,4.02,2.74,2.14,1.64,0.1131,86.13,96.95,174.38,8.928,0.09,133.5,44.97,147.68,4.28
bright_stackoverflow_doc_level,Edge-RAG,v5b,v5b_r4-5_c-1,0.6,"Schema 5b (Heavy Booster [4,5], c=-1) (p=0.60)","r in [4,5], c=-1, p=0.60",117,22.22,23.93,29.06,35.04,5.98,7.69,8.55,12.82,12.55,14.68,17.23,22.13,3.93,2.56,2.08,1.61,0.0999,84.21,96.26,171.66,8.928,0.09,143.2,44.97,166.05,4.71
bright_stackoverflow_doc_level,Edge-RAG,v6a,v6a_n3_r2-5_c-1,0.6,"Schema 6a (Centrality Fixed 3x, [2,5], c=-1) (p=0.60)","centrality, n=3, r in [2,5], c=-1, p=0.60",117,23.93,29.06,33.33,42.74,6.84,8.55,13.68,17.95,13.38,18.26,23.15,30.09,4.53,3.21,2.59,2.05,0.1272,114.48,127.67,204.49,8.928,0.09,123.7,42.87,129.4,3.0
bright_stackoverflow_doc_level,Edge-RAG,v6a,v6a_n4_r2-5_c-1,0.6,"Schema 6a (Centrality Fixed 4x, [2,5], c=-1) (p=0.60)","centrality, n=4, r in [2,5], c=-1, p=0.60",117,23.93,29.06,32.48,42.74,6.84,8.55,13.68,17.95,13.38,17.95,22.95,30.09,4.53,3.12,2.54,2.05,0.1247,116.01,124.27,198.25,8.928,0.09,123.7,42.87,129.4,4.0
bright_stackoverflow_doc_level,Edge-RAG,v6b,v6b_r2-4_c-1,0.6,"Schema 6b (Centrality Low-Floor [2,4], c=-1) (p=0.60)","centrality, r in [2,4], c=-1, p=0.60",117,25.64,30.77,33.33,40.17,6.84,11.11,13.68,18.8,14.36,20.0,23.24,29.58,4.96,3.25,2.54,2.0,0.1304,115.77,128.31,204.03,8.928,0.09,108.0,42.87,98.44,3.29
bright_stackoverflow_doc_level,Edge-RAG,v6b,v6b_r3-5_c-1,0.6,"Schema 6b (Centrality High-Floor [3,5], c=-1) (p=0.60)","centrality, r in [3,5], c=-1, p=0.60",117,25.64,29.91,33.33,41.03,6.84,10.26,13.68,19.66,14.29,19.19,23.16,30.27,4.79,3.25,2.59,2.0,0.1262,115.97,123.81,196.83,8.928,0.09,130.0,42.87,141.28,4.29
bright_stackoverflow_doc_level,Edge-RAG,v6b,v6b_r4-5_c-1,0.6,"Schema 6b (Centrality Heavy Booster [4,5], c=-1) (p=0.60)","centrality, r in [4,5], c=-1, p=0.60",117,22.22,28.21,31.62,40.17,5.98,7.69,12.82,17.95,12.15,16.89,21.7,28.33,4.1,2.99,2.42,1.98,0.1179,116.18,123.93,195.16,8.928,0.09,139.2,42.87,158.19,4.71
bright_stackoverflow_doc_level,Edge-RAG,v6b,v6b_r2-5_c-1,0.6,"Schema 6b (Centrality Full Dynamic [2,5], c=-1) (p=0.60)","centrality, r in [2,5], c=-1, p=0.60",117,23.08,29.06,32.48,40.17,6.84,9.4,12.82,18.8,12.71,18.17,21.87,29.07,4.19,3.08,2.45,1.9,0.1178,114.91,127.86,203.36,8.928,0.09,123.7,42.87,129.4,4.0
bright_stackoverflow_doc_level,Edge-RAG,v1,v1_baseline,0.65,"Schema 1 Baseline (R=3, C_exp=2) (p=0.65)","R=3, C_exp=2, p=0.65",117,23.93,26.5,29.91,34.19,5.98,8.55,11.11,12.82,12.26,16.33,18.58,22.44,4.1,2.69,2.02,1.59,0.119,88.16,99.42,174.67,8.928,0.09,112.8,48.31,96.57,3.0
bright_stackoverflow_doc_level,Edge-RAG,v5a,v5a_n3_r2-5_c-1,0.65,"Schema 5a (Fixed 3x, [2,5], c=-1) (p=0.65)","n=3, r in [2,5], c=-1, p=0.65",117,23.93,26.5,29.91,34.19,5.98,8.55,11.11,12.82,12.26,16.33,18.58,22.44,4.1,2.69,2.02,1.59,0.119,87.14,103.86,184.75,8.928,0.09,112.8,48.31,96.57,3.0
bright_stackoverflow_doc_level,Edge-RAG,v5a,v5a_n4_r2-5_c-1,0.65,"Schema 5a (Fixed 4x, [2,5], c=-1) (p=0.65)","n=4, r in [2,5], c=-1, p=0.65",117,23.93,26.5,29.91,34.19,5.98,8.55,11.11,13.68,12.32,16.17,18.47,22.46,4.19,2.69,2.02,1.61,0.1196,86.77,99.19,177.25,8.928,0.09,112.8,48.31,96.57,3.0
bright_stackoverflow_doc_level,Edge-RAG,v5b,v5b_r2-5_c-1,0.65,"Schema 5b (Dynamic Contrast [2,5], c=-1) (p=0.65)","r in [2,5], c=-1, p=0.65",117,22.22,27.35,29.91,34.19,6.84,8.55,9.4,15.38,12.96,16.76,17.34,23.61,4.19,2.82,2.08,1.66,0.1139,88.99,100.89,180.74,8.928,0.09,134.5,48.31,142.72,3.93
bright_stackoverflow_doc_level,Edge-RAG,v5b,v5b_r3-5_c-1,0.65,"Schema 5b (High-Floor Safe [3,5], c=-1) (p=0.65)","r in [3,5], c=-1, p=0.65",117,23.93,27.35,30.77,34.19,6.84,9.4,11.11,13.68,12.9,17.09,19.08,22.46,4.36,2.86,2.17,1.62,0.1154,89.08,104.76,186.48,8.928,0.09,142.6,48.31,157.64,4.26
bright_stackoverflow_doc_level,Edge-RAG,v5b,v5b_r4-5_c-1,0.65,"Schema 5b (Heavy Booster [4,5], c=-1) (p=0.65)","r in [4,5], c=-1, p=0.65",117,22.22,25.64,29.91,33.33,5.98,7.69,10.26,14.53,12.14,15.15,17.75,22.49,4.02,2.65,2.05,1.61,0.1126,89.07,101.05,178.71,8.928,0.09,152.2,48.31,176.11,4.67
bright_stackoverflow_doc_level,Edge-RAG,v6a,v6a_n3_r2-5_c-1,0.65,"Schema 6a (Centrality Fixed 3x, [2,5], c=-1) (p=0.65)","centrality, n=3, r in [2,5], c=-1, p=0.65",117,24.79,26.5,31.62,39.32,7.69,8.55,12.82,17.95,14.19,16.81,21.83,27.93,4.62,3.25,2.56,1.97,0.1184,119.26,132.92,215.72,8.928,0.09,130.9,46.04,136.06,3.0
bright_stackoverflow_doc_level,Edge-RAG,v6a,v6a_n4_r2-5_c-1,0.65,"Schema 6a (Centrality Fixed 4x, [2,5], c=-1) (p=0.65)","centrality, n=4, r in [2,5], c=-1, p=0.65",117,23.93,27.35,31.62,38.46,6.84,8.55,12.82,17.95,13.35,17.19,22.06,27.87,4.62,3.25,2.56,1.95,0.1179,118.22,129.02,208.7,8.928,0.09,130.9,46.04,136.06,4.0
bright_stackoverflow_doc_level,Edge-RAG,v6b,v6b_r2-4_c-1,0.65,"Schema 6b (Centrality Low-Floor [2,4], c=-1) (p=0.65)","centrality, r in [2,4], c=-1, p=0.65",117,24.79,29.91,32.48,40.17,6.84,9.4,12.82,19.66,13.44,19.16,22.72,29.13,4.53,3.46,2.71,1.95,0.1311,119.57,133.04,212.67,8.928,0.09,115.3,46.04,104.78,3.27
bright_stackoverflow_doc_level,Edge-RAG,v6b,v6b_r3-5_c-1,0.65,"Schema 6b (Centrality High-Floor [3,5], c=-1) (p=0.65)","centrality, r in [3,5], c=-1, p=0.65",117,23.08,29.06,31.62,39.32,6.84,9.4,13.68,19.66,12.76,18.59,22.22,28.86,4.44,3.38,2.68,1.97,0.1193,118.7,128.53,208.71,8.928,0.09,138.7,46.04,150.79,4.27
bright_stackoverflow_doc_level,Edge-RAG,v6b,v6b_r4-5_c-1,0.65,"Schema 6b (Centrality Heavy Booster [4,5], c=-1) (p=0.65)","centrality, r in [4,5], c=-1, p=0.65",117,22.22,28.21,31.62,38.46,5.98,8.55,12.82,17.09,12.2,17.22,21.88,26.94,4.27,3.08,2.59,1.91,0.1224,117.59,128.69,208.3,8.928,0.09,147.9,46.04,167.91,4.66
bright_stackoverflow_doc_level,Edge-RAG,v6b,v6b_r2-5_c-1,0.65,"Schema 6b (Centrality Full Dynamic [2,5], c=-1) (p=0.65)","centrality, r in [2,5], c=-1, p=0.65",117,23.93,29.91,30.77,38.46,6.84,10.26,11.11,18.8,12.99,18.93,20.93,27.5,4.36,3.16,2.51,1.91,0.1256,118.98,134.01,214.37,8.928,0.09,130.9,46.04,136.06,3.93
bright_stackoverflow_doc_level,Edge-RAG,v1,v1_baseline,0.7,"Schema 1 Baseline (R=3, C_exp=2) (p=0.70)","R=3, C_exp=2, p=0.70",117,23.08,26.5,27.35,37.61,5.98,6.84,10.26,15.38,12.57,15.51,17.82,25.7,4.44,2.91,2.17,1.76,0.1243,90.83,104.33,185.69,8.928,0.09,119.8,51.5,102.95,3.0
bright_stackoverflow_doc_level,Edge-RAG,v5a,v5a_n3_r2-5_c-1,0.7,"Schema 5a (Fixed 3x, [2,5], c=-1) (p=0.70)","n=3, r in [2,5], c=-1, p=0.70",117,23.08,26.5,27.35,37.61,5.98,6.84,10.26,15.38,12.57,15.51,17.82,25.7,4.44,2.91,2.17,1.76,0.1243,91.35,108.78,186.04,8.928,0.09,119.8,51.5,102.95,3.0
bright_stackoverflow_doc_level,Edge-RAG,v5a,v5a_n4_r2-5_c-1,0.7,"Schema 5a (Fixed 4x, [2,5], c=-1) (p=0.70)","n=4, r in [2,5], c=-1, p=0.70",117,23.08,26.5,28.21,37.61,5.98,7.69,10.26,15.38,12.4,15.79,18.03,25.98,4.36,2.95,2.17,1.78,0.1186,90.61,104.14,185.24,8.928,0.09,119.8,51.5,102.95,3.0
bright_stackoverflow_doc_level,Edge-RAG,v5b,v5b_r2-5_c-1,0.7,"Schema 5b (Dynamic Contrast [2,5], c=-1) (p=0.70)","r in [2,5], c=-1, p=0.70",117,21.37,28.21,29.91,35.9,6.84,8.55,11.97,15.38,12.77,16.67,19.45,24.65,4.27,2.91,2.28,1.78,0.1252,93.1,110.11,198.78,8.928,0.09,141.2,51.5,149.1,3.88
bright_stackoverflow_doc_level,Edge-RAG,v5b,v5b_r3-5_c-1,0.7,"Schema 5b (High-Floor Safe [3,5], c=-1) (p=0.70)","r in [3,5], c=-1, p=0.70",117,23.93,27.35,30.77,36.75,5.98,9.4,12.82,16.24,12.91,17.07,20.47,26.19,4.62,3.08,2.31,1.81,0.1245,93.11,105.52,190.54,8.928,0.09,150.8,51.5,167.15,4.24
bright_stackoverflow_doc_level,Edge-RAG,v5b,v5b_r4-5_c-1,0.7,"Schema 5b (Heavy Booster [4,5], c=-1) (p=0.70)","r in [4,5], c=-1, p=0.70",117,21.37,28.21,29.06,35.04,5.98,8.55,9.4,15.38,12.14,16.59,17.63,24.73,4.1,2.91,2.14,1.76,0.1197,93.36,109.88,194.83,8.928,0.09,160.2,51.5,185.71,4.63
bright_stackoverflow_doc_level,Edge-RAG,v6a,v6a_n3_r2-5_c-1,0.7,"Schema 6a (Centrality Fixed 3x, [2,5], c=-1) (p=0.70)","centrality, n=3, r in [2,5], c=-1, p=0.70",117,23.08,27.35,31.62,41.03,6.84,9.4,10.26,16.24,13.25,17.46,20.48,27.8,4.79,3.21,2.68,2.07,0.1299,121.93,133.61,219.0,8.928,0.09,137.9,49.15,142.48,3.0
bright_stackoverflow_doc_level,Edge-RAG,v6a,v6a_n4_r2-5_c-1,0.7,"Schema 6a (Centrality Fixed 4x, [2,5], c=-1) (p=0.70)","centrality, n=4, r in [2,5], c=-1, p=0.70",117,23.08,27.35,29.06,41.88,6.84,9.4,10.26,17.09,13.18,17.48,19.81,28.51,4.7,3.21,2.59,2.05,0.1259,121.83,133.59,215.7,8.928,0.09,137.9,49.15,142.48,4.0
bright_stackoverflow_doc_level,Edge-RAG,v6b,v6b_r2-4_c-1,0.7,"Schema 6b (Centrality Low-Floor [2,4], c=-1) (p=0.70)","centrality, r in [2,4], c=-1, p=0.70",117,23.93,29.06,35.04,41.03,6.84,10.26,12.82,18.8,13.31,19.28,23.74,28.66,4.7,3.33,2.85,2.05,0.1268,121.68,137.37,219.31,8.928,0.09,122.4,49.15,110.98,3.25
bright_stackoverflow_doc_level,Edge-RAG,v6b,v6b_r3-5_c-1,0.7,"Schema 6b (Centrality High-Floor [3,5], c=-1) (p=0.70)","centrality, r in [3,5], c=-1, p=0.70",117,23.08,28.21,34.19,41.03,6.84,9.4,12.82,18.8,12.95,18.42,22.94,28.88,4.53,3.29,2.82,2.09,0.1243,120.94,133.97,215.6,8.928,0.09,147.3,49.15,160.1,4.25
bright_stackoverflow_doc_level,Edge-RAG,v6b,v6b_r4-5_c-1,0.7,"Schema 6b (Centrality Heavy Booster [4,5], c=-1) (p=0.70)","centrality, r in [4,5], c=-1, p=0.70",117,23.08,28.21,32.48,37.61,6.84,8.55,11.11,14.53,12.87,17.8,21.25,24.67,4.44,3.21,2.68,1.91,0.1206,121.06,137.43,224.41,8.928,0.09,156.3,49.15,177.32,4.62
bright_stackoverflow_doc_level,Edge-RAG,v6b,v6b_r2-5_c-1,0.7,"Schema 6b (Centrality Full Dynamic [2,5], c=-1) (p=0.70)","centrality, r in [2,5], c=-1, p=0.70",117,23.08,29.06,34.19,39.32,6.84,9.4,11.97,17.95,12.54,18.26,22.88,27.43,4.19,3.21,2.74,1.98,0.1173,121.95,134.32,218.83,8.928,0.09,137.9,49.15,142.48,3.88
bright_stackoverflow_doc_level,Edge-RAG,v1,v1_baseline,0.75,"Schema 1 Baseline (R=3, C_exp=2) (p=0.75)","R=3, C_exp=2, p=0.75",117,23.93,28.21,29.91,39.32,7.69,11.11,11.97,14.53,13.84,17.83,20.17,26.77,4.96,3.25,2.48,1.91,0.1301,96.11,113.44,200.74,8.928,0.09,126.8,54.7,109.36,3.0
bright_stackoverflow_doc_level,Edge-RAG,v5a,v5a_n3_r2-5_c-1,0.75,"Schema 5a (Fixed 3x, [2,5], c=-1) (p=0.75)","n=3, r in [2,5], c=-1, p=0.75",117,23.93,28.21,29.91,39.32,7.69,11.11,11.97,14.53,13.84,17.83,20.17,26.77,4.96,3.25,2.48,1.91,0.1301,97.03,109.33,196.9,8.928,0.09,126.8,54.7,109.36,3.0
bright_stackoverflow_doc_level,Edge-RAG,v5a,v5a_n4_r2-5_c-1,0.75,"Schema 5a (Fixed 4x, [2,5], c=-1) (p=0.75)","n=4, r in [2,5], c=-1, p=0.75",117,24.79,26.5,29.91,37.61,7.69,10.26,11.97,14.53,13.87,17.0,20.17,26.12,4.87,3.21,2.48,1.88,0.1305,95.15,113.35,202.26,8.928,0.09,126.8,54.7,109.36,3.0
bright_stackoverflow_doc_level,Edge-RAG,v5b,v5b_r2-5_c-1,0.75,"Schema 5b (Dynamic Contrast [2,5], c=-1) (p=0.75)","r in [2,5], c=-1, p=0.75",117,24.79,29.06,33.33,35.9,7.69,10.26,12.82,16.24,14.17,17.99,21.58,26.26,4.79,3.25,2.56,1.93,0.1279,98.03,111.27,206.54,8.928,0.09,147.8,54.7,155.51,3.83
bright_stackoverflow_doc_level,Edge-RAG,v5b,v5b_r3-5_c-1,0.75,"Schema 5b (High-Floor Safe [3,5], c=-1) (p=0.75)","r in [3,5], c=-1, p=0.75",117,25.64,28.21,31.62,38.46,7.69,11.11,12.82,17.95,14.47,18.65,21.53,28.23,5.04,3.42,2.59,1.91,0.1298,99.13,115.34,208.27,8.928,0.09,158.8,54.7,176.71,4.23
bright_stackoverflow_doc_level,Edge-RAG,v5b,v5b_r4-5_c-1,0.75,"Schema 5b (Heavy Booster [4,5], c=-1) (p=0.75)","r in [4,5], c=-1, p=0.75",117,23.93,26.5,30.77,36.75,6.84,10.26,11.11,15.38,13.44,16.8,19.92,25.78,4.62,3.16,2.48,1.91,0.1258,96.52,111.63,202.63,8.928,0.09,168.1,54.7,195.33,4.59
bright_stackoverflow_doc_level,Edge-RAG,v6a,v6a_n3_r2-5_c-1,0.75,"Schema 6a (Centrality Fixed 3x, [2,5], c=-1) (p=0.75)","centrality, n=3, r in [2,5], c=-1, p=0.75",117,23.93,28.21,30.77,38.46,6.84,10.26,12.82,15.38,13.66,18.46,21.21,26.01,4.87,3.42,2.74,2.02,0.1387,125.73,142.46,231.7,8.928,0.09,144.9,52.16,148.61,3.0
bright_stackoverflow_doc_level,Edge-RAG,v6a,v6a_n4_r2-5_c-1,0.75,"Schema 6a (Centrality Fixed 4x, [2,5], c=-1) (p=0.75)","centrality, n=4, r in [2,5], c=-1, p=0.75",117,23.08,27.35,30.77,36.75,5.98,9.4,11.97,15.38,12.86,17.56,20.79,25.37,4.87,3.38,2.71,1.98,0.1325,125.08,138.05,227.77,8.928,0.09,144.9,52.16,148.61,4.0
bright_stackoverflow_doc_level,Edge-RAG,v6b,v6b_r2-4_c-1,0.75,"Schema 6b (Centrality Low-Floor [2,4], c=-1) (p=0.75)","centrality, r in [2,4], c=-1, p=0.75",117,24.79,29.06,31.62,38.46,6.84,10.26,13.68,17.95,13.99,19.34,22.79,27.61,4.96,3.55,2.76,2.0,0.1359,126.28,142.21,231.86,8.928,0.09,129.5,52.16,116.97,3.23
bright_stackoverflow_doc_level,Edge-RAG,v6b,v6b_r3-5_c-1,0.75,"Schema 6b (Centrality High-Floor [3,5], c=-1) (p=0.75)","centrality, r in [3,5], c=-1, p=0.75",117,24.79,29.06,31.62,38.46,6.84,11.11,12.82,17.95,14.06,19.61,22.16,27.21,4.87,3.63,2.76,2.02,0.1341,125.2,138.01,229.78,8.928,0.09,155.7,52.16,169.1,4.23
bright_stackoverflow_doc_level,Edge-RAG,v6b,v6b_r4-5_c-1,0.75,"Schema 6b (Centrality Heavy Booster [4,5], c=-1) (p=0.75)","centrality, r in [4,5], c=-1, p=0.75",117,23.93,28.21,30.77,38.46,6.84,10.26,11.11,17.09,13.34,18.23,20.59,26.78,4.62,3.42,2.71,2.02,0.1212,125.03,142.18,231.81,8.928,0.09,164.5,52.16,186.43,4.59
bright_stackoverflow_doc_level,Edge-RAG,v6b,v6b_r2-5_c-1,0.75,"Schema 6b (Centrality Full Dynamic [2,5], c=-1) (p=0.75)","centrality, r in [2,5], c=-1, p=0.75",117,23.93,29.06,32.48,41.03,6.84,8.55,14.53,19.66,13.65,18.04,23.27,28.93,4.7,3.38,2.79,2.05,0.116,127.11,138.12,226.71,8.928,0.09,144.9,52.16,148.61,3.83
bright_stackoverflow_doc_level,Edge-RAG,v1,v1_baseline,0.8,"Schema 1 Baseline (R=3, C_exp=2) (p=0.80)","R=3, C_exp=2, p=0.80",117,24.79,28.21,33.33,40.17,7.69,9.4,11.97,15.38,14.04,17.61,21.83,26.92,5.13,3.5,2.74,2.05,0.1436,99.36,118.37,218.68,8.928,0.09,133.9,57.87,115.7,3.0
bright_stackoverflow_doc_level,Edge-RAG,v5a,v5a_n3_r2-5_c-1,0.8,"Schema 5a (Fixed 3x, [2,5], c=-1) (p=0.80)","n=3, r in [2,5], c=-1, p=0.80",117,24.79,28.21,33.33,40.17,7.69,9.4,11.97,15.38,14.04,17.61,21.83,26.92,5.13,3.5,2.74,2.05,0.1436,100.92,118.47,218.08,8.928,0.09,133.9,57.87,115.7,3.0
bright_stackoverflow_doc_level,Edge-RAG,v5a,v5a_n4_r2-5_c-1,0.8,"Schema 5a (Fixed 4x, [2,5], c=-1) (p=0.80)","n=4, r in [2,5], c=-1, p=0.80",117,23.93,28.21,31.62,39.32,7.69,9.4,11.97,14.53,13.9,17.6,21.35,26.1,5.04,3.46,2.71,2.03,0.1416,98.41,115.03,211.71,8.928,0.09,133.9,57.87,115.7,3.0
bright_stackoverflow_doc_level,Edge-RAG,v5b,v5b_r2-5_c-1,0.8,"Schema 5b (Dynamic Contrast [2,5], c=-1) (p=0.80)","r in [2,5], c=-1, p=0.80",117,23.08,28.21,35.04,37.61,7.69,9.4,13.68,17.09,13.71,17.32,23.22,26.47,4.79,3.29,2.76,2.02,0.14,101.26,121.0,230.54,8.928,0.09,154.5,57.87,161.84,3.78
bright_stackoverflow_doc_level,Edge-RAG,v5b,v5b_r3-5_c-1,0.8,"Schema 5b (High-Floor Safe [3,5], c=-1) (p=0.80)","r in [3,5], c=-1, p=0.80",117,24.79,29.91,32.48,39.32,7.69,10.26,12.82,16.24,14.32,18.94,22.64,26.96,5.13,3.5,2.76,2.05,0.1311,100.59,116.14,218.61,8.928,0.09,166.8,57.87,186.09,4.21
bright_stackoverflow_doc_level,Edge-RAG,v5b,v5b_r4-5_c-1,0.8,"Schema 5b (Heavy Booster [4,5], c=-1) (p=0.80)","r in [4,5], c=-1, p=0.80",117,23.08,28.21,33.33,37.61,5.98,9.4,11.97,15.38,12.93,17.47,21.79,25.7,4.7,3.33,2.71,2.03,0.1444,99.85,120.57,223.59,8.928,0.09,175.8,57.87,204.85,4.56
bright_stackoverflow_doc_level,Edge-RAG,v6a,v6a_n3_r2-5_c-1,0.8,"Schema 6a (Centrality Fixed 3x, [2,5], c=-1) (p=0.80)","centrality, n=3, r in [2,5], c=-1, p=0.80",117,23.93,29.91,33.33,40.17,8.55,12.82,14.53,17.09,14.74,20.08,22.69,27.19,5.13,3.59,2.85,2.05,0.147,127.07,143.08,243.96,8.928,0.09,151.8,55.29,154.85,3.0
bright_stackoverflow_doc_level,Edge-RAG,v6a,v6a_n4_r2-5_c-1,0.8,"Schema 6a (Centrality Fixed 4x, [2,5], c=-1) (p=0.80)","centrality, n=4, r in [2,5], c=-1, p=0.80",117,23.08,29.91,32.48,38.46,6.84,11.97,13.68,17.09,13.5,19.61,21.78,26.46,4.96,3.55,2.82,1.98,0.1443,127.71,147.01,241.4,8.928,0.09,151.8,55.29,154.85,4.0
bright_stackoverflow_doc_level,Edge-RAG,v6b,v6b_r2-4_c-1,0.8,"Schema 6b (Centrality Low-Floor [2,4], c=-1) (p=0.80)","centrality, r in [2,4], c=-1, p=0.80",117,23.93,31.62,34.19,41.03,8.55,13.68,15.38,17.09,14.68,21.72,23.85,27.4,5.13,3.8,2.88,2.02,0.1408,129.27,147.43,242.7,8.928,0.09,136.5,55.29,122.99,3.22
bright_stackoverflow_doc_level,Edge-RAG,v6b,v6b_r3-5_c-1,0.8,"Schema 6b (Centrality High-Floor [3,5], c=-1) (p=0.80)","centrality, r in [3,5], c=-1, p=0.80",117,23.93,31.62,34.19,39.32,9.4,13.68,14.53,17.09,15.12,21.66,23.1,26.63,5.13,3.76,2.91,2.0,0.1381,129.53,142.88,241.1,8.928,0.09,163.9,55.29,178.25,4.22
bright_stackoverflow_doc_level,Edge-RAG,v6b,v6b_r4-5_c-1,0.8,"Schema 6b (Centrality Heavy Booster [4,5], c=-1) (p=0.80)","centrality, r in [4,5], c=-1, p=0.80",117,24.79,30.77,31.62,41.03,8.55,12.82,12.82,17.95,14.61,20.18,21.39,27.63,5.04,3.63,2.76,2.05,0.1341,128.44,146.83,242.54,8.928,0.09,172.7,55.29,195.8,4.55
bright_stackoverflow_doc_level,Edge-RAG,v6b,v6b_r2-5_c-1,0.8,"Schema 6b (Centrality Full Dynamic [2,5], c=-1) (p=0.80)","centrality, r in [2,5], c=-1, p=0.80",117,24.79,30.77,35.04,41.88,7.69,12.82,15.38,19.66,14.02,20.41,24.52,28.8,4.96,3.63,2.91,2.05,0.1252,126.84,142.91,240.13,8.928,0.09,151.8,55.29,154.85,3.78
bright_stackoverflow_doc_level,Edge-RAG,v1,v1_baseline,0.9,"Schema 1 Baseline (R=3, C_exp=2) (p=0.90)","R=3, C_exp=2, p=0.90",117,29.06,33.33,38.46,44.44,8.55,10.26,14.53,17.09,16.67,20.19,25.06,28.87,5.56,3.89,3.02,2.17,0.142,106.62,126.76,241.99,8.928,0.09,146.5,63.99,127.94,3.0
bright_stackoverflow_doc_level,Edge-RAG,v5a,v5a_n3_r2-5_c-1,0.9,"Schema 5a (Fixed 3x, [2,5], c=-1) (p=0.90)","n=3, r in [2,5], c=-1, p=0.90",117,29.06,33.33,38.46,44.44,8.55,10.26,14.53,17.09,16.67,20.19,25.06,28.87,5.56,3.89,3.02,2.17,0.142,103.5,127.4,240.77,8.928,0.09,146.5,63.99,127.94,3.0
bright_stackoverflow_doc_level,Edge-RAG,v5a,v5a_n4_r2-5_c-1,0.9,"Schema 5a (Fixed 4x, [2,5], c=-1) (p=0.90)","n=4, r in [2,5], c=-1, p=0.90",117,27.35,32.48,38.46,44.44,8.55,10.26,14.53,17.09,16.02,19.78,24.99,28.93,5.3,3.89,3.02,2.19,0.1438,104.03,122.59,232.63,8.928,0.09,146.5,63.99,127.94,3.0
bright_stackoverflow_doc_level,Edge-RAG,v5b,v5b_r2-5_c-1,0.9,"Schema 5b (Dynamic Contrast [2,5], c=-1) (p=0.90)","r in [2,5], c=-1, p=0.90",117,25.64,33.33,38.46,41.88,11.11,12.82,14.53,19.66,16.99,21.39,24.85,29.36,5.38,3.93,2.96,2.14,0.1406,104.76,128.76,233.33,8.928,0.09,166.4,63.99,173.82,3.7
bright_stackoverflow_doc_level,Edge-RAG,v5b,v5b_r3-5_c-1,0.9,"Schema 5b (High-Floor Safe [3,5], c=-1) (p=0.90)","r in [3,5], c=-1, p=0.90",117,27.35,32.48,37.61,44.44,10.26,10.26,14.53,18.8,16.32,19.89,24.86,30.59,5.47,3.89,3.05,2.31,0.1422,105.88,129.19,245.48,8.928,0.09,180.3,63.99,202.86,4.16
bright_stackoverflow_doc_level,Edge-RAG,v5b,v5b_r4-5_c-1,0.9,"Schema 5b (Heavy Booster [4,5], c=-1) (p=0.90)","r in [4,5], c=-1, p=0.90",117,26.5,34.19,38.46,43.59,7.69,11.97,13.68,17.95,15.86,21.33,24.21,29.9,5.21,4.02,2.99,2.22,0.1456,105.55,125.18,236.36,8.928,0.09,189.7,63.99,223.21,4.5
bright_stackoverflow_doc_level,Edge-RAG,v6a,v6a_n3_r2-5_c-1,0.9,"Schema 6a (Centrality Fixed 3x, [2,5], c=-1) (p=0.90)","centrality, n=3, r in [2,5], c=-1, p=0.90",117,27.35,33.33,37.61,45.3,10.26,11.97,13.68,19.66,16.58,20.42,23.86,31.04,5.47,3.55,3.11,2.24,0.1435,138.05,156.12,267.43,8.928,0.09,163.4,60.92,165.37,3.0
bright_stackoverflow_doc_level,Edge-RAG,v6a,v6a_n4_r2-5_c-1,0.9,"Schema 6a (Centrality Fixed 4x, [2,5], c=-1) (p=0.90)","centrality, n=4, r in [2,5], c=-1, p=0.90",117,27.35,31.62,35.9,45.3,9.4,11.97,12.82,19.66,16.16,19.83,22.75,30.46,5.47,3.5,2.99,2.17,0.1476,138.79,155.93,265.99,8.928,0.09,163.4,60.92,165.37,4.0
bright_stackoverflow_doc_level,Edge-RAG,v6b,v6b_r2-4_c-1,0.9,"Schema 6b (Centrality Low-Floor [2,4], c=-1) (p=0.90)","centrality, r in [2,4], c=-1, p=0.90",117,27.35,35.04,36.75,45.3,10.26,13.68,14.53,19.66,16.87,22.52,23.97,30.29,5.38,3.8,2.93,2.12,0.1359,138.21,152.96,264.74,8.928,0.09,147.4,60.92,131.42,3.15
bright_stackoverflow_doc_level,Edge-RAG,v6b,v6b_r3-5_c-1,0.9,"Schema 6b (Centrality High-Floor [3,5], c=-1) (p=0.90)","centrality, r in [3,5], c=-1, p=0.90",117,25.64,33.33,37.61,42.74,9.4,13.68,14.53,17.95,15.59,22.0,24.12,28.75,5.3,3.72,3.08,2.12,0.1351,136.49,156.8,269.04,8.928,0.09,176.7,60.92,192.31,4.15
bright_stackoverflow_doc_level,Edge-RAG,v6b,v6b_r4-5_c-1,0.9,"Schema 6b (Centrality Heavy Booster [4,5], c=-1) (p=0.90)","centrality, r in [4,5], c=-1, p=0.90",117,24.79,35.04,37.61,42.74,7.69,12.82,14.53,18.8,14.03,21.52,24.65,28.35,4.96,3.72,2.99,2.12,0.1337,138.28,156.42,268.48,8.928,0.09,186.4,60.92,212.7,4.5
bright_stackoverflow_doc_level,Edge-RAG,v6b,v6b_r2-5_c-1,0.9,"Schema 6b (Centrality Full Dynamic [2,5], c=-1) (p=0.90)","centrality, r in [2,5], c=-1, p=0.90",117,25.64,32.48,39.32,44.44,8.55,12.82,15.38,17.95,14.91,21.08,25.62,29.16,5.04,3.72,3.08,2.12,0.1275,137.35,151.98,263.73,8.928,0.09,163.4,60.92,165.37,3.7
bright_stackoverflow_doc_level,Edge-RAG,v1,v1_baseline,1.0,"Schema 1 Baseline (R=3, C_exp=2) (p=1.00)","R=3, C_exp=2, p=1.00",117,30.77,36.75,39.32,46.15,8.55,11.97,13.68,17.09,17.19,22.25,24.34,29.74,5.81,4.15,3.16,2.31,0.1537,111.31,132.31,246.81,8.928,0.09,153.0,67.3,134.56,3.0
bright_stackoverflow_doc_level,Edge-RAG,v5a,v5a_n3_r2-5_c-1,1.0,"Schema 5a (Fixed 3x, [2,5], c=-1) (p=1.00)","n=3, r in [2,5], c=-1, p=1.00",117,30.77,36.75,39.32,46.15,8.55,11.97,13.68,17.09,17.19,22.25,24.34,29.74,5.81,4.15,3.16,2.31,0.1537,109.73,132.55,249.18,8.928,0.09,153.0,67.3,134.56,3.0
bright_stackoverflow_doc_level,Edge-RAG,v5a,v5a_n4_r2-5_c-1,1.0,"Schema 5a (Fixed 4x, [2,5], c=-1) (p=1.00)","n=4, r in [2,5], c=-1, p=1.00",117,29.06,35.9,39.32,46.15,8.55,11.97,14.53,17.09,16.46,21.97,24.78,29.72,5.56,4.15,3.19,2.32,0.146,111.99,130.05,252.26,8.928,0.09,153.0,67.3,134.56,3.0
bright_stackoverflow_doc_level,Edge-RAG,v5b,v5b_r2-5_c-1,1.0,"Schema 5b (Dynamic Contrast [2,5], c=-1) (p=1.00)","r in [2,5], c=-1, p=1.00",117,26.5,35.04,41.03,43.59,11.11,11.97,15.38,19.66,17.28,21.61,26.63,30.15,5.56,3.97,3.22,2.29,0.137,113.26,134.19,253.87,8.928,0.09,171.9,67.3,179.03,3.64
bright_stackoverflow_doc_level,Edge-RAG,v5b,v5b_r3-5_c-1,1.0,"Schema 5b (High-Floor Safe [3,5], c=-1) (p=1.00)","r in [3,5], c=-1, p=1.00",117,28.21,35.9,38.46,45.3,10.26,11.97,12.82,18.8,17.04,21.95,24.44,31.1,5.81,4.1,3.19,2.44,0.1416,114.91,134.54,252.51,8.928,0.09,186.2,67.3,209.83,4.11
bright_stackoverflow_doc_level,Edge-RAG,v5b,v5b_r4-5_c-1,1.0,"Schema 5b (Heavy Booster [4,5], c=-1) (p=1.00)","r in [4,5], c=-1, p=1.00",117,27.35,35.9,41.03,42.74,8.55,11.97,13.68,17.09,16.49,21.6,25.67,29.61,5.56,4.15,3.22,2.34,0.139,112.96,135.39,253.84,8.928,0.09,196.4,67.3,233.13,4.47
bright_stackoverflow_doc_level,Edge-RAG,v6a,v6a_n3_r2-5_c-1,1.0,"Schema 6a (Centrality Fixed 3x, [2,5], c=-1) (p=1.00)","centrality, n=3, r in [2,5], c=-1, p=1.00",117,28.21,35.9,38.46,44.44,10.26,11.97,13.68,18.8,16.71,21.46,24.08,29.64,5.56,3.89,3.13,2.29,0.146,138.29,155.78,274.74,8.928,0.09,165.5,62.3,167.26,3.0
bright_stackoverflow_doc_level,Edge-RAG,v6a,v6a_n4_r2-5_c-1,1.0,"Schema 6a (Centrality Fixed 4x, [2,5], c=-1) (p=1.00)","centrality, n=4, r in [2,5], c=-1, p=1.00",117,28.21,33.33,36.75,43.59,10.26,11.97,12.82,17.95,17.07,20.68,23.18,28.79,5.64,3.76,3.02,2.22,0.1504,137.84,158.51,276.82,8.928,0.09,165.5,62.3,167.26,4.0
bright_stackoverflow_doc_level,Edge-RAG,v6b,v6b_r2-4_c-1,1.0,"Schema 6b (Centrality Low-Floor [2,4], c=-1) (p=1.00)","centrality, r in [2,4], c=-1, p=1.00",117,26.5,35.9,37.61,45.3,9.4,13.68,15.38,20.51,16.07,23.1,24.94,30.66,5.38,4.02,3.02,2.21,0.1295,137.11,157.78,273.74,8.928,0.09,149.4,62.3,132.88,3.12
bright_stackoverflow_doc_level,Edge-RAG,v6b,v6b_r3-5_c-1,1.0,"Schema 6b (Centrality High-Floor [3,5], c=-1) (p=1.00)","centrality, r in [3,5], c=-1, p=1.00",117,25.64,34.19,37.61,44.44,9.4,12.82,14.53,20.51,15.59,21.61,24.14,30.59,5.3,3.89,3.08,2.19,0.1362,137.62,158.26,275.48,8.928,0.09,179.2,62.3,195.15,4.12
bright_stackoverflow_doc_level,Edge-RAG,v6b,v6b_r4-5_c-1,1.0,"Schema 6b (Centrality Heavy Booster [4,5], c=-1) (p=1.00)","centrality, r in [4,5], c=-1, p=1.00",117,27.35,34.19,38.46,42.74,8.55,11.97,14.53,17.95,15.81,20.99,24.97,28.34,5.47,3.85,3.05,2.17,0.1448,136.69,154.23,273.29,8.928,0.09,189.1,62.3,216.83,4.49
bright_stackoverflow_doc_level,Edge-RAG,v6b,v6b_r2-5_c-1,1.0,"Schema 6b (Centrality Full Dynamic [2,5], c=-1) (p=1.00)","centrality, r in [2,5], c=-1, p=1.00",117,25.64,32.48,41.03,45.3,8.55,12.82,16.24,19.66,15.3,21.24,26.51,30.36,5.3,3.85,3.11,2.19,0.1248,139.36,159.7,275.76,8.928,0.09,165.5,62.3,167.26,3.66
bright_robotics_doc_level,Baseline,BM25_Lucene,bm25_baseline,-,BM25 (Lucene Baseline),"k1=1.5, b=0.75",101,8.91,12.87,13.86,15.84,2.97,4.95,4.95,4.95,4.21,6.88,7.15,7.93,1.19,1.04,0.79,0.53,0.0328,1.97,2.31,4.02,2.175,0.0,218.8,0.0,0.0,0.0
bright_robotics_doc_level,Baseline,Dense_BGE_Small,dense_bge_small,-,Dense (bge-small-en-v1.5),"dim=384, cosine",101,30.69,37.62,39.6,46.53,9.9,11.88,12.87,14.85,15.33,18.72,19.94,24.65,4.85,3.22,2.44,1.86,0.1563,86.13,86.64,89.81,15.473,1.6,218.8,0.0,0.0,0.0
bright_robotics_doc_level,Baseline,Dense_BGE_Large,dense_bge_large,-,Dense (bge-large-en-v1.5),"dim=1024, cosine",101,33.66,38.61,39.6,43.56,9.9,12.87,12.87,12.87,15.4,20.13,20.73,22.95,5.25,3.66,2.64,1.86,0.1774,215.41,216.29,221.82,101.426,2.6,218.8,0.0,0.0,0.0
bright_robotics_doc_level,Baseline,SPLADE_v3,splade_v3,-,SPLADE-v3 (DistilBERT),"sparse neural, distilbert",101,32.67,42.57,44.55,52.48,11.88,14.85,16.83,20.79,18.25,24.0,27.03,33.68,5.64,4.46,3.43,2.71,0.1872,56.82,58.58,69.47,159.939,4.12,218.8,0.0,0.0,0.0
bright_robotics_doc_level,Edge-RAG,v1,v1_baseline,0.45,"Schema 1 Baseline (R=3, C_exp=2) (p=0.45)","R=3, C_exp=2, p=0.45",101,7.92,11.88,15.84,16.83,3.96,4.95,7.92,8.91,4.94,7.01,9.79,10.52,0.99,0.69,0.73,0.53,0.0301,64.37,81.84,161.05,1.735,0.09,103.8,45.47,90.92,3.0
bright_robotics_doc_level,Edge-RAG,v5a,v5a_n3_r2-5_c-1,0.45,"Schema 5a (Fixed 3x, [2,5], c=-1) (p=0.45)","n=3, r in [2,5], c=-1, p=0.45",101,7.92,11.88,15.84,16.83,3.96,4.95,7.92,8.91,4.94,7.01,9.79,10.52,0.99,0.69,0.73,0.53,0.0301,64.25,81.71,160.93,1.735,0.09,103.8,45.47,90.92,3.0
bright_robotics_doc_level,Edge-RAG,v5a,v5a_n4_r2-5_c-1,0.45,"Schema 5a (Fixed 4x, [2,5], c=-1) (p=0.45)","n=4, r in [2,5], c=-1, p=0.45",101,7.92,11.88,15.84,16.83,3.96,4.95,6.93,8.91,4.94,7.01,9.29,10.52,0.99,0.69,0.69,0.53,0.0301,65.6,82.15,162.34,1.735,0.09,103.8,45.47,90.92,3.0
bright_robotics_doc_level,Edge-RAG,v5b,v5b_r2-5_c-1,0.45,"Schema 5b (Dynamic Contrast [2,5], c=-1) (p=0.45)","r in [2,5], c=-1, p=0.45",101,9.9,12.87,15.84,18.81,3.96,4.95,6.93,8.91,5.52,7.24,9.41,11.17,1.19,0.79,0.73,0.59,0.0337,67.16,85.63,178.06,1.735,0.09,131.3,45.47,152.5,4.31
bright_robotics_doc_level,Edge-RAG,v5b,v5b_r3-5_c-1,0.45,"Schema 5b (High-Floor Safe [3,5], c=-1) (p=0.45)","r in [3,5], c=-1, p=0.45",101,8.91,12.87,14.85,17.82,2.97,4.95,6.93,8.91,4.53,7.08,8.85,11.12,1.09,0.74,0.66,0.57,0.0319,66.82,83.24,174.1,1.735,0.09,133.6,45.47,157.5,4.44
bright_robotics_doc_level,Edge-RAG,v5b,v5b_r4-5_c-1,0.45,"Schema 5b (Heavy Booster [4,5], c=-1) (p=0.45)","r in [4,5], c=-1, p=0.45",101,7.92,11.88,15.84,16.83,3.96,4.95,6.93,8.91,4.94,7.01,9.29,10.72,0.99,0.69,0.69,0.55,0.03,64.66,83.06,166.74,1.735,0.09,145.1,45.47,180.96,4.99
bright_robotics_doc_level,Edge-RAG,v6a,v6a_n3_r2-5_c-1,0.45,"Schema 6a (Centrality Fixed 3x, [2,5], c=-1) (p=0.45)","centrality, n=3, r in [2,5], c=-1, p=0.45",101,7.92,13.86,18.81,19.8,1.98,3.96,7.92,9.9,3.75,6.62,10.25,12.0,0.89,0.79,0.79,0.63,0.0303,91.42,113.11,204.93,1.735,0.09,122.6,43.42,145.13,3.0
bright_robotics_doc_level,Edge-RAG,v6a,v6a_n4_r2-5_c-1,0.45,"Schema 6a (Centrality Fixed 4x, [2,5], c=-1) (p=0.45)","centrality, n=4, r in [2,5], c=-1, p=0.45",101,6.93,13.86,17.82,19.8,1.98,4.95,8.91,8.91,3.26,7.11,10.77,11.51,0.79,0.84,0.83,0.61,0.0293,92.63,111.25,199.44,1.735,0.09,122.6,43.42,145.13,4.0
bright_robotics_doc_level,Edge-RAG,v6b,v6b_r2-4_c-1,0.45,"Schema 6b (Centrality Low-Floor [2,4], c=-1) (p=0.45)","centrality, r in [2,4], c=-1, p=0.45",101,8.91,10.89,17.82,20.79,1.98,2.97,6.93,8.91,3.84,5.1,9.77,11.52,0.99,0.64,0.73,0.61,0.0274,93.03,110.88,196.49,1.735,0.09,106.2,43.42,107.31,3.44
bright_robotics_doc_level,Edge-RAG,v6b,v6b_r3-5_c-1,0.45,"Schema 6b (Centrality High-Floor [3,5], c=-1) (p=0.45)","centrality, r in [3,5], c=-1, p=0.45",101,8.91,12.87,16.83,20.79,1.98,3.96,6.93,8.91,3.84,6.58,9.71,11.72,0.99,0.74,0.69,0.63,0.0316,91.68,111.4,199.47,1.735,0.09,125.3,43.42,150.7,4.44
bright_robotics_doc_level,Edge-RAG,v6b,v6b_r4-5_c-1,0.45,"Schema 6b (Centrality Heavy Booster [4,5], c=-1) (p=0.45)","centrality, r in [4,5], c=-1, p=0.45",101,6.93,13.86,17.82,18.81,1.98,4.95,7.92,8.91,3.26,7.11,10.24,11.22,0.79,0.84,0.76,0.55,0.0293,94.65,112.73,212.04,1.735,0.09,134.1,43.42,168.69,4.92
bright_robotics_doc_level,Edge-RAG,v6b,v6b_r2-5_c-1,0.45,"Schema 6b (Centrality Full Dynamic [2,5], c=-1) (p=0.45)","centrality, r in [2,5], c=-1, p=0.45",101,8.91,12.87,16.83,20.79,1.98,3.96,7.92,8.91,3.84,6.58,10.28,11.72,0.99,0.74,0.76,0.63,0.0337,92.81,111.18,199.46,1.735,0.09,122.6,43.42,145.13,4.29
bright_robotics_doc_level,Edge-RAG,v1,v1_baseline,0.5,"Schema 1 Baseline (R=3, C_exp=2) (p=0.50)","R=3, C_exp=2, p=0.50",101,7.92,9.9,15.84,15.84,3.96,3.96,5.94,7.92,4.94,5.69,8.36,9.54,0.99,0.64,0.69,0.51,0.0299,68.06,86.92,174.12,1.735,0.09,111.1,49.45,98.87,3.0
bright_robotics_doc_level,Edge-RAG,v5a,v5a_n3_r2-5_c-1,0.5,"Schema 5a (Fixed 3x, [2,5], c=-1) (p=0.50)","n=3, r in [2,5], c=-1, p=0.50",101,7.92,9.9,15.84,15.84,3.96,3.96,5.94,7.92,4.94,5.69,8.36,9.54,0.99,0.64,0.69,0.51,0.0299,69.16,89.18,189.33,1.735,0.09,111.1,49.45,98.87,3.0
bright_robotics_doc_level,Edge-RAG,v5a,v5a_n4_r2-5_c-1,0.5,"Schema 5a (Fixed 4x, [2,5], c=-1) (p=0.50)","n=4, r in [2,5], c=-1, p=0.50",101,7.92,9.9,15.84,15.84,3.96,3.96,4.95,7.92,4.94,5.69,7.86,9.54,0.99,0.64,0.66,0.51,0.0299,68.12,86.7,178.48,1.735,0.09,111.1,49.45,98.87,3.0
bright_robotics_doc_level,Edge-RAG,v5b,v5b_r2-5_c-1,0.5,"Schema 5b (Dynamic Contrast [2,5], c=-1) (p=0.50)","r in [2,5], c=-1, p=0.50",101,9.9,10.89,13.86,17.82,3.96,3.96,4.95,7.92,5.52,5.76,7.43,10.18,1.19,0.69,0.63,0.57,0.0336,71.0,89.2,184.05,1.735,0.09,139.5,49.45,164.35,4.29
bright_robotics_doc_level,Edge-RAG,v5b,v5b_r3-5_c-1,0.5,"Schema 5b (High-Floor Safe [3,5], c=-1) (p=0.50)","r in [3,5], c=-1, p=0.50",101,8.91,10.89,13.86,17.82,2.97,3.96,4.95,7.92,4.53,5.76,7.36,10.18,1.09,0.69,0.59,0.57,0.0318,71.21,91.96,197.74,1.735,0.09,141.9,49.45,169.43,4.41
bright_robotics_doc_level,Edge-RAG,v5b,v5b_r4-5_c-1,0.5,"Schema 5b (Heavy Booster [4,5], c=-1) (p=0.50)","r in [4,5], c=-1, p=0.50",101,7.92,9.9,12.87,16.83,3.96,3.96,4.95,7.92,4.94,5.69,7.24,9.59,0.99,0.64,0.56,0.53,0.0297,70.14,87.86,184.1,1.735,0.09,154.4,49.45,195.99,4.98
bright_robotics_doc_level,Edge-RAG,v6a,v6a_n3_r2-5_c-1,0.5,"Schema 6a (Centrality Fixed 3x, [2,5], c=-1) (p=0.50)","centrality, n=3, r in [2,5], c=-1, p=0.50",101,7.92,13.86,17.82,20.79,2.97,3.96,7.92,10.89,4.25,6.78,10.36,13.19,0.89,0.84,0.79,0.65,0.032,97.23,115.96,210.42,1.735,0.09,131.7,47.28,156.13,3.0
bright_robotics_doc_level,Edge-RAG,v6a,v6a_n4_r2-5_c-1,0.5,"Schema 6a (Centrality Fixed 4x, [2,5], c=-1) (p=0.50)","centrality, n=4, r in [2,5], c=-1, p=0.50",101,7.92,13.86,17.82,20.79,2.97,3.96,7.92,9.9,4.25,6.78,10.44,12.5,0.89,0.84,0.83,0.61,0.032,94.29,118.33,216.5,1.735,0.09,131.7,47.28,156.13,4.0
bright_robotics_doc_level,Edge-RAG,v6b,v6b_r2-4_c-1,0.5,"Schema 6b (Centrality Low-Floor [2,4], c=-1) (p=0.50)","centrality, r in [2,4], c=-1, p=0.50",101,9.9,11.88,16.83,22.77,2.97,3.96,5.94,9.9,4.83,6.25,9.38,12.91,1.09,0.74,0.69,0.63,0.0308,95.62,116.38,212.12,1.735,0.09,114.2,47.28,115.08,3.41
bright_robotics_doc_level,Edge-RAG,v6b,v6b_r3-5_c-1,0.5,"Schema 6b (Centrality High-Floor [3,5], c=-1) (p=0.50)","centrality, r in [3,5], c=-1, p=0.50",101,9.9,12.87,17.82,21.78,2.97,3.96,5.94,8.91,4.83,6.29,9.42,11.92,1.09,0.79,0.73,0.61,0.0348,97.76,117.28,211.46,1.735,0.09,134.7,47.28,162.34,4.41
bright_robotics_doc_level,Edge-RAG,v6b,v6b_r4-5_c-1,0.5,"Schema 6b (Centrality Heavy Booster [4,5], c=-1) (p=0.50)","centrality, r in [4,5], c=-1, p=0.50",101,7.92,13.86,17.82,17.82,2.97,3.96,6.93,8.91,4.25,6.78,9.91,11.17,0.89,0.84,0.76,0.53,0.032,98.04,118.15,217.45,1.735,0.09,144.4,47.28,182.61,4.9
bright_robotics_doc_level,Edge-RAG,v6b,v6b_r2-5_c-1,0.5,"Schema 6b (Centrality Full Dynamic [2,5], c=-1) (p=0.50)","centrality, r in [2,5], c=-1, p=0.50",101,9.9,12.87,16.83,20.79,2.97,4.95,7.92,8.91,4.83,7.24,10.37,11.87,1.09,0.79,0.76,0.61,0.0357,96.68,116.15,211.7,1.735,0.09,131.7,47.28,156.13,4.25
bright_robotics_doc_level,Edge-RAG,v1,v1_baseline,0.55,"Schema 1 Baseline (R=3, C_exp=2) (p=0.55)","R=3, C_exp=2, p=0.55",101,8.91,11.88,13.86,15.84,4.95,4.95,4.95,6.93,5.93,6.73,7.3,9.37,1.09,0.74,0.59,0.51,0.031,70.78,91.93,188.95,1.735,0.09,119.4,53.97,107.92,3.0
bright_robotics_doc_level,Edge-RAG,v5a,v5a_n3_r2-5_c-1,0.55,"Schema 5a (Fixed 3x, [2,5], c=-1) (p=0.55)","n=3, r in [2,5], c=-1, p=0.55",101,8.91,11.88,13.86,15.84,4.95,4.95,4.95,6.93,5.93,6.73,7.3,9.37,1.09,0.74,0.59,0.51,0.031,73.18,93.66,200.11,1.735,0.09,119.4,53.97,107.92,3.0
bright_robotics_doc_level,Edge-RAG,v5a,v5a_n4_r2-5_c-1,0.55,"Schema 5a (Fixed 4x, [2,5], c=-1) (p=0.55)","n=4, r in [2,5], c=-1, p=0.55",101,8.91,11.88,12.87,15.84,4.95,4.95,4.95,7.92,5.93,6.73,6.8,9.67,1.09,0.74,0.56,0.51,0.031,72.2,91.16,189.67,1.735,0.09,119.4,53.97,107.92,3.0
bright_robotics_doc_level,Edge-RAG,v5b,v5b_r2-5_c-1,0.55,"Schema 5b (Dynamic Contrast [2,5], c=-1) (p=0.55)","r in [2,5], c=-1, p=0.55",101,10.89,11.88,14.85,18.81,4.95,4.95,4.95,7.92,6.68,6.73,7.61,10.27,1.39,0.74,0.66,0.59,0.0402,70.69,93.29,196.04,1.735,0.09,148.7,53.97,177.63,4.25
bright_robotics_doc_level,Edge-RAG,v5b,v5b_r3-5_c-1,0.55,"Schema 5b (High-Floor Safe [3,5], c=-1) (p=0.55)","r in [3,5], c=-1, p=0.55",101,9.9,11.88,14.85,17.82,3.96,4.95,4.95,7.92,5.52,6.73,7.61,10.27,1.19,0.74,0.66,0.59,0.0384,71.48,95.1,193.86,1.735,0.09,151.2,53.97,183.0,4.37
bright_robotics_doc_level,Edge-RAG,v5b,v5b_r4-5_c-1,0.55,"Schema 5b (Heavy Booster [4,5], c=-1) (p=0.55)","r in [4,5], c=-1, p=0.55",101,8.91,11.88,12.87,15.84,4.95,4.95,4.95,7.92,5.93,6.73,6.8,9.86,1.09,0.74,0.56,0.53,0.0309,71.25,93.54,197.64,1.735,0.09,164.7,53.97,212.11,4.96
bright_robotics_doc_level,Edge-RAG,v6a,v6a_n3_r2-5_c-1,0.55,"Schema 6a (Centrality Fixed 3x, [2,5], c=-1) (p=0.55)","centrality, n=3, r in [2,5], c=-1, p=0.55",101,8.91,15.84,17.82,20.79,3.96,4.95,7.92,10.89,5.24,7.83,10.5,13.05,0.99,0.94,0.79,0.65,0.0312,99.61,123.73,227.54,1.735,0.09,141.7,51.53,168.0,3.0
bright_robotics_doc_level,Edge-RAG,v6a,v6a_n4_r2-5_c-1,0.55,"Schema 6a (Centrality Fixed 4x, [2,5], c=-1) (p=0.55)","centrality, n=4, r in [2,5], c=-1, p=0.55",101,8.91,14.85,17.82,19.8,3.96,4.95,6.93,9.9,5.24,7.39,10.01,12.0,0.99,0.79,0.76,0.61,0.0353,101.53,121.53,227.71,1.735,0.09,141.7,51.53,168.0,4.0
bright_robotics_doc_level,Edge-RAG,v6b,v6b_r2-4_c-1,0.55,"Schema 6b (Centrality Low-Floor [2,4], c=-1) (p=0.55)","centrality, r in [2,4], c=-1, p=0.55",101,9.9,13.86,18.81,21.78,2.97,4.95,5.94,8.91,4.83,7.3,9.59,11.8,1.09,0.84,0.76,0.61,0.0302,99.21,121.41,224.13,1.735,0.09,123.1,51.53,123.63,3.38
bright_robotics_doc_level,Edge-RAG,v6b,v6b_r3-5_c-1,0.55,"Schema 6b (Centrality High-Floor [3,5], c=-1) (p=0.55)","centrality, r in [3,5], c=-1, p=0.55",101,9.9,13.86,17.82,22.77,3.96,4.95,5.94,9.9,5.73,7.3,9.51,12.5,1.09,0.84,0.73,0.65,0.0348,100.84,123.67,236.07,1.735,0.09,145.0,51.53,175.13,4.38
bright_robotics_doc_level,Edge-RAG,v6b,v6b_r4-5_c-1,0.55,"Schema 6b (Centrality Heavy Booster [4,5], c=-1) (p=0.55)","centrality, r in [4,5], c=-1, p=0.55",101,8.91,12.87,17.82,18.81,3.96,4.95,6.93,8.91,5.24,7.03,10.01,11.23,0.99,0.74,0.76,0.55,0.0353,101.46,121.2,227.42,1.735,0.09,155.6,51.53,197.81,4.87
bright_robotics_doc_level,Edge-RAG,v6b,v6b_r2-5_c-1,0.55,"Schema 6b (Centrality Full Dynamic [2,5], c=-1) (p=0.55)","centrality, r in [2,5], c=-1, p=0.55",101,9.9,13.86,17.82,20.79,2.97,4.95,6.93,8.91,4.83,7.3,10.09,11.67,1.09,0.84,0.79,0.59,0.0357,100.38,124.26,234.58,1.735,0.09,141.7,51.53,168.0,4.21
bright_robotics_doc_level,Edge-RAG,v1,v1_baseline,0.6,"Schema 1 Baseline (R=3, C_exp=2) (p=0.60)","R=3, C_exp=2, p=0.60",101,8.91,13.86,15.84,15.84,4.95,4.95,4.95,7.92,5.93,7.3,7.86,9.86,1.09,0.84,0.66,0.53,0.031,73.05,95.17,198.75,1.735,0.09,127.1,58.24,116.46,3.0
bright_robotics_doc_level,Edge-RAG,v5a,v5a_n3_r2-5_c-1,0.6,"Schema 5a (Fixed 3x, [2,5], c=-1) (p=0.60)","n=3, r in [2,5], c=-1, p=0.60",101,8.91,13.86,15.84,15.84,4.95,4.95,4.95,7.92,5.93,7.3,7.86,9.86,1.09,0.84,0.66,0.53,0.031,74.28,95.64,198.94,1.735,0.09,127.1,58.24,116.46,3.0
bright_robotics_doc_level,Edge-RAG,v5a,v5a_n4_r2-5_c-1,0.6,"Schema 5a (Fixed 4x, [2,5], c=-1) (p=0.60)","n=4, r in [2,5], c=-1, p=0.60",101,8.91,12.87,14.85,15.84,4.95,4.95,4.95,6.93,5.93,6.64,7.37,9.37,1.09,0.74,0.63,0.51,0.0302,75.27,98.4,214.73,1.735,0.09,127.1,58.24,116.46,3.0
bright_robotics_doc_level,Edge-RAG,v5b,v5b_r2-5_c-1,0.6,"Schema 5b (Dynamic Contrast [2,5], c=-1) (p=0.60)","r in [2,5], c=-1, p=0.60",101,10.89,13.86,14.85,16.83,4.95,4.95,5.94,6.93,6.51,7.3,8.11,9.69,1.29,0.84,0.69,0.55,0.038,75.41,96.85,205.03,1.735,0.09,156.9,58.24,189.85,4.22
bright_robotics_doc_level,Edge-RAG,v5b,v5b_r3-5_c-1,0.6,"Schema 5b (High-Floor Safe [3,5], c=-1) (p=0.60)","r in [3,5], c=-1, p=0.60",101,9.9,13.86,14.85,17.82,3.96,4.95,5.94,7.92,5.52,7.3,8.11,10.19,1.19,0.84,0.69,0.57,0.0366,75.18,96.95,203.45,1.735,0.09,159.7,58.24,195.79,4.34
bright_robotics_doc_level,Edge-RAG,v5b,v5b_r4-5_c-1,0.6,"Schema 5b (Heavy Booster [4,5], c=-1) (p=0.60)","r in [4,5], c=-1, p=0.60",101,8.91,13.86,14.85,15.84,4.95,4.95,4.95,5.94,5.93,7.3,7.37,8.87,1.09,0.84,0.63,0.5,0.0312,75.27,99.4,214.71,1.735,0.09,173.6,58.24,226.22,4.92
bright_robotics_doc_level,Edge-RAG,v6a,v6a_n3_r2-5_c-1,0.6,"Schema 6a (Centrality Fixed 3x, [2,5], c=-1) (p=0.60)","centrality, n=3, r in [2,5], c=-1, p=0.60",101,9.9,13.86,18.81,21.78,3.96,5.94,6.93,8.91,5.69,8.23,10.58,11.97,1.29,0.89,0.83,0.61,0.0265,104.94,126.7,241.48,1.735,0.09,150.8,55.48,178.72,3.0
bright_robotics_doc_level,Edge-RAG,v6a,v6a_n4_r2-5_c-1,0.6,"Schema 6a (Centrality Fixed 4x, [2,5], c=-1) (p=0.60)","centrality, n=4, r in [2,5], c=-1, p=0.60",101,8.91,13.86,18.81,21.78,3.96,5.94,6.93,8.91,5.4,8.23,10.6,11.97,1.09,0.89,0.83,0.61,0.0295,103.23,128.45,239.0,1.735,0.09,150.8,55.48,178.72,4.0
bright_robotics_doc_level,Edge-RAG,v6b,v6b_r2-4_c-1,0.6,"Schema 6b (Centrality Low-Floor [2,4], c=-1) (p=0.60)","centrality, r in [2,4], c=-1, p=0.60",101,9.9,13.86,18.81,22.77,2.97,5.94,6.93,8.91,5.03,8.31,10.16,12.08,1.19,0.94,0.83,0.63,0.0296,104.46,128.26,241.11,1.735,0.09,131.3,55.48,131.53,3.35
bright_robotics_doc_level,Edge-RAG,v6b,v6b_r3-5_c-1,0.6,"Schema 6b (Centrality High-Floor [3,5], c=-1) (p=0.60)","centrality, r in [3,5], c=-1, p=0.60",101,9.9,13.86,18.81,21.78,3.96,5.94,6.93,8.91,5.69,8.31,10.6,12.0,1.29,0.94,0.83,0.61,0.0296,104.75,128.87,241.39,1.735,0.09,154.5,55.48,186.96,4.35
bright_robotics_doc_level,Edge-RAG,v6b,v6b_r4-5_c-1,0.6,"Schema 6b (Centrality Heavy Booster [4,5], c=-1) (p=0.60)","centrality, r in [4,5], c=-1, p=0.60",101,9.9,12.87,19.8,20.79,3.96,5.94,6.93,7.92,5.49,7.74,10.66,11.19,1.19,0.84,0.86,0.55,0.0305,102.35,126.01,239.09,1.735,0.09,166.0,55.48,211.55,4.85
bright_robotics_doc_level,Edge-RAG,v6b,v6b_r2-5_c-1,0.6,"Schema 6b (Centrality Full Dynamic [2,5], c=-1) (p=0.60)","centrality, r in [2,5], c=-1, p=0.60",101,9.9,14.85,17.82,21.78,2.97,5.94,6.93,8.91,5.19,8.37,10.55,12.17,1.29,0.99,0.79,0.61,0.0324,103.13,126.55,240.73,1.735,0.09,150.8,55.48,178.72,4.17
bright_robotics_doc_level,Edge-RAG,v1,v1_baseline,0.65,"Schema 1 Baseline (R=3, C_exp=2) (p=0.65)","R=3, C_exp=2, p=0.65",101,9.9,14.85,16.83,16.83,5.94,5.94,5.94,7.92,6.92,8.29,8.85,10.36,1.19,0.89,0.69,0.53,0.0327,76.03,101.69,218.88,1.735,0.09,135.0,62.56,125.11,3.0
bright_robotics_doc_level,Edge-RAG,v5a,v5a_n3_r2-5_c-1,0.65,"Schema 5a (Fixed 3x, [2,5], c=-1) (p=0.65)","n=3, r in [2,5], c=-1, p=0.65",101,9.9,14.85,16.83,16.83,5.94,5.94,5.94,7.92,6.92,8.29,8.85,10.36,1.19,0.89,0.69,0.53,0.0327,76.5,100.19,212.58,1.735,0.09,135.0,62.56,125.11,3.0
bright_robotics_doc_level,Edge-RAG,v5a,v5a_n4_r2-5_c-1,0.65,"Schema 5a (Fixed 4x, [2,5], c=-1) (p=0.65)","n=4, r in [2,5], c=-1, p=0.65",101,9.9,13.86,15.84,16.83,5.94,5.94,5.94,7.92,6.92,7.79,8.36,10.36,1.19,0.84,0.66,0.53,0.0335,74.88,101.85,223.83,1.735,0.09,135.0,62.56,125.11,3.0
bright_robotics_doc_level,Edge-RAG,v5b,v5b_r2-5_c-1,0.65,"Schema 5b (Dynamic Contrast [2,5], c=-1) (p=0.65)","r in [2,5], c=-1, p=0.65",101,10.89,14.85,15.84,18.81,4.95,5.94,5.94,7.92,6.51,8.29,8.6,10.69,1.29,0.89,0.69,0.57,0.038,78.6,101.56,212.18,1.735,0.09,164.9,62.56,201.54,4.17
bright_robotics_doc_level,Edge-RAG,v5b,v5b_r3-5_c-1,0.65,"Schema 5b (High-Floor Safe [3,5], c=-1) (p=0.65)","r in [3,5], c=-1, p=0.65",101,10.89,14.85,15.84,18.81,4.95,5.94,5.94,8.91,6.51,8.29,8.6,11.19,1.29,0.89,0.69,0.59,0.0376,78.65,101.8,209.88,1.735,0.09,168.4,62.56,208.77,4.32
bright_robotics_doc_level,Edge-RAG,v5b,v5b_r4-5_c-1,0.65,"Schema 5b (Heavy Booster [4,5], c=-1) (p=0.65)","r in [4,5], c=-1, p=0.65",101,9.9,14.85,15.84,16.83,5.94,5.94,5.94,6.93,6.92,8.29,8.36,9.86,1.19,0.89,0.66,0.51,0.0345,78.04,103.36,221.98,1.735,0.09,182.2,62.56,239.8,4.87
bright_robotics_doc_level,Edge-RAG,v6a,v6a_n3_r2-5_c-1,0.65,"Schema 6a (Centrality Fixed 3x, [2,5], c=-1) (p=0.65)","centrality, n=3, r in [2,5], c=-1, p=0.65",101,8.91,13.86,17.82,21.78,3.96,5.94,5.94,7.92,5.24,7.98,9.7,11.97,0.99,0.89,0.76,0.59,0.0295,108.82,131.99,255.41,1.735,0.09,160.0,59.6,189.53,3.0
bright_robotics_doc_level,Edge-RAG,v6a,v6a_n4_r2-5_c-1,0.65,"Schema 6a (Centrality Fixed 4x, [2,5], c=-1) (p=0.65)","centrality, n=4, r in [2,5], c=-1, p=0.65",101,8.91,14.85,17.82,21.78,3.96,5.94,5.94,7.92,5.4,8.48,9.79,11.97,1.09,0.94,0.79,0.59,0.032,106.34,134.21,265.06,1.735,0.09,160.0,59.6,189.53,4.0
bright_robotics_doc_level,Edge-RAG,v6b,v6b_r2-4_c-1,0.65,"Schema 6b (Centrality Low-Floor [2,4], c=-1) (p=0.65)","centrality, r in [2,4], c=-1, p=0.65",101,9.9,13.86,16.83,21.78,2.97,4.95,5.94,8.91,5.03,7.49,9.29,12.46,1.19,0.89,0.76,0.59,0.0336,107.67,132.5,256.66,1.735,0.09,139.8,59.6,139.8,3.32
bright_robotics_doc_level,Edge-RAG,v6b,v6b_r3-5_c-1,0.65,"Schema 6b (Centrality High-Floor [3,5], c=-1) (p=0.65)","centrality, r in [3,5], c=-1, p=0.65",101,9.9,13.86,17.82,21.78,3.96,4.95,5.94,7.92,5.52,7.49,9.79,11.97,1.19,0.89,0.79,0.57,0.0354,107.57,134.09,260.62,1.735,0.09,164.5,59.6,199.36,4.32
bright_robotics_doc_level,Edge-RAG,v6b,v6b_r4-5_c-1,0.65,"Schema 6b (Centrality Heavy Booster [4,5], c=-1) (p=0.65)","centrality, r in [4,5], c=-1, p=0.65",101,8.91,12.87,19.8,21.78,3.96,5.94,6.93,7.92,5.4,7.74,10.83,11.93,1.09,0.84,0.86,0.57,0.0287,106.37,131.82,258.8,1.735,0.09,176.5,59.6,225.57,4.82
bright_robotics_doc_level,Edge-RAG,v6b,v6b_r2-5_c-1,0.65,"Schema 6b (Centrality Full Dynamic [2,5], c=-1) (p=0.65)","centrality, r in [2,5], c=-1, p=0.65",101,9.9,12.87,17.82,22.77,2.97,4.95,6.93,9.9,5.19,7.32,10.3,13.16,1.29,0.89,0.79,0.63,0.0342,108.24,134.59,261.8,1.735,0.09,160.0,59.6,189.53,4.13
bright_robotics_doc_level,Edge-RAG,v1,v1_baseline,0.7,"Schema 1 Baseline (R=3, C_exp=2) (p=0.70)","R=3, C_exp=2, p=0.70",101,10.89,13.86,15.84,18.81,5.94,5.94,5.94,7.92,7.42,8.22,8.64,11.41,1.29,0.84,0.73,0.59,0.0321,80.48,104.32,214.36,1.735,0.09,142.2,66.8,133.58,3.0
bright_robotics_doc_level,Edge-RAG,v5a,v5a_n3_r2-5_c-1,0.7,"Schema 5a (Fixed 3x, [2,5], c=-1) (p=0.70)","n=3, r in [2,5], c=-1, p=0.70",101,10.89,13.86,15.84,18.81,5.94,5.94,5.94,7.92,7.42,8.22,8.64,11.41,1.29,0.84,0.73,0.59,0.0321,81.25,106.53,226.78,1.735,0.09,142.2,66.8,133.58,3.0
bright_robotics_doc_level,Edge-RAG,v5a,v5a_n4_r2-5_c-1,0.7,"Schema 5a (Fixed 4x, [2,5], c=-1) (p=0.70)","n=4, r in [2,5], c=-1, p=0.70",101,9.9,13.86,15.84,18.81,5.94,5.94,5.94,7.92,6.92,8.22,8.84,11.41,1.19,0.84,0.76,0.59,0.0321,80.03,103.95,219.63,1.735,0.09,142.2,66.8,133.58,3.0
bright_robotics_doc_level,Edge-RAG,v5b,v5b_r2-5_c-1,0.7,"Schema 5b (Dynamic Contrast [2,5], c=-1) (p=0.70)","r in [2,5], c=-1, p=0.70",101,10.89,14.85,16.83,20.79,4.95,5.94,5.94,8.91,6.51,8.57,9.1,12.29,1.29,0.99,0.73,0.67,0.0376,81.69,108.55,232.82,1.735,0.09,172.1,66.8,212.46,4.13
bright_robotics_doc_level,Edge-RAG,v5b,v5b_r3-5_c-1,0.7,"Schema 5b (High-Floor Safe [3,5], c=-1) (p=0.70)","r in [3,5], c=-1, p=0.70",101,10.89,15.84,16.83,19.8,4.95,5.94,5.94,7.92,6.51,8.98,9.16,11.66,1.29,0.99,0.76,0.61,0.0376,81.38,106.02,221.59,1.735,0.09,176.3,66.8,221.49,4.3
bright_robotics_doc_level,Edge-RAG,v5b,v5b_r4-5_c-1,0.7,"Schema 5b (Heavy Booster [4,5], c=-1) (p=0.70)","r in [4,5], c=-1, p=0.70",101,10.89,13.86,16.83,17.82,5.94,5.94,5.94,6.93,7.42,8.22,9.33,10.42,1.29,0.84,0.79,0.55,0.0336,81.89,106.37,225.67,1.735,0.09,190.1,66.8,252.86,4.83
bright_robotics_doc_level,Edge-RAG,v6a,v6a_n3_r2-5_c-1,0.7,"Schema 6a (Centrality Fixed 3x, [2,5], c=-1) (p=0.70)","centrality, n=3, r in [2,5], c=-1, p=0.70",101,10.89,14.85,17.82,20.79,3.96,5.94,5.94,7.92,5.82,8.1,9.86,11.93,1.19,0.99,0.86,0.59,0.043,112.2,139.1,281.82,1.735,0.09,169.0,63.71,199.97,3.0
bright_robotics_doc_level,Edge-RAG,v6a,v6a_n4_r2-5_c-1,0.7,"Schema 6a (Centrality Fixed 4x, [2,5], c=-1) (p=0.70)","centrality, n=4, r in [2,5], c=-1, p=0.70",101,10.89,12.87,16.83,20.79,3.96,4.95,5.94,7.92,5.82,7.08,9.36,11.93,1.19,0.89,0.83,0.59,0.0436,111.46,136.54,270.5,1.735,0.09,169.0,63.71,199.97,4.0
bright_robotics_doc_level,Edge-RAG,v6b,v6b_r2-4_c-1,0.7,"Schema 6b (Centrality Low-Floor [2,4], c=-1) (p=0.70)","centrality, r in [2,4], c=-1, p=0.70",101,11.88,13.86,15.84,20.79,3.96,4.95,4.95,7.92,6.59,7.57,8.34,11.74,1.49,0.94,0.76,0.61,0.0425,111.79,138.4,276.02,1.735,0.09,148.3,63.71,148.02,3.3
bright_robotics_doc_level,Edge-RAG,v6b,v6b_r3-5_c-1,0.7,"Schema 6b (Centrality High-Floor [3,5], c=-1) (p=0.70)","centrality, r in [3,5], c=-1, p=0.70",101,10.89,13.86,15.84,20.79,3.96,4.95,4.95,6.93,6.1,7.57,8.34,11.18,1.39,0.94,0.76,0.59,0.0435,111.04,137.26,273.6,1.735,0.09,174.5,63.71,211.68,4.3
bright_robotics_doc_level,Edge-RAG,v6b,v6b_r4-5_c-1,0.7,"Schema 6b (Centrality Heavy Booster [4,5], c=-1) (p=0.70)","centrality, r in [4,5], c=-1, p=0.70",101,10.89,11.88,18.81,20.79,3.96,5.94,5.94,6.93,6.06,7.75,9.88,10.98,1.39,0.84,0.86,0.57,0.042,109.35,138.96,274.53,1.735,0.09,186.8,63.71,239.14,4.79
bright_robotics_doc_level,Edge-RAG,v6b,v6b_r2-5_c-1,0.7,"Schema 6b (Centrality Full Dynamic [2,5], c=-1) (p=0.70)","centrality, r in [2,5], c=-1, p=0.70",101,11.88,12.87,17.82,21.78,3.96,4.95,5.94,8.91,6.59,7.32,9.35,12.86,1.49,0.89,0.79,0.65,0.0421,113.28,139.48,274.26,1.735,0.09,169.0,63.71,199.97,4.09
bright_robotics_doc_level,Edge-RAG,v1,v1_baseline,0.75,"Schema 1 Baseline (R=3, C_exp=2) (p=0.75)","R=3, C_exp=2, p=0.75",101,10.89,13.86,16.83,19.8,5.94,6.93,6.93,7.92,7.09,8.81,9.69,11.71,1.39,0.94,0.83,0.57,0.0374,82.64,108.69,226.45,1.735,0.09,149.9,70.95,141.88,3.0
bright_robotics_doc_level,Edge-RAG,v5a,v5a_n3_r2-5_c-1,0.75,"Schema 5a (Fixed 3x, [2,5], c=-1) (p=0.75)","n=3, r in [2,5], c=-1, p=0.75",101,10.89,13.86,16.83,19.8,5.94,6.93,6.93,7.92,7.09,8.81,9.69,11.71,1.39,0.94,0.83,0.57,0.0374,83.89,111.0,237.09,1.735,0.09,149.9,70.95,141.88,3.0
bright_robotics_doc_level,Edge-RAG,v5a,v5a_n4_r2-5_c-1,0.75,"Schema 5a (Fixed 4x, [2,5], c=-1) (p=0.75)","n=4, r in [2,5], c=-1, p=0.75",101,10.89,13.86,16.83,17.82,5.94,5.94,6.93,6.93,7.09,8.31,9.63,10.42,1.39,0.89,0.79,0.55,0.0378,84.09,108.64,227.89,1.735,0.09,149.9,70.95,141.88,3.0
bright_robotics_doc_level,Edge-RAG,v5b,v5b_r2-5_c-1,0.75,"Schema 5b (Dynamic Contrast [2,5], c=-1) (p=0.75)","r in [2,5], c=-1, p=0.75",101,9.9,14.85,17.82,20.79,4.95,4.95,6.93,9.9,6.1,7.87,10.34,13.14,1.29,0.94,0.86,0.65,0.0369,85.88,111.33,232.29,1.735,0.09,179.5,70.95,222.29,4.07
bright_robotics_doc_level,Edge-RAG,v5b,v5b_r3-5_c-1,0.75,"Schema 5b (High-Floor Safe [3,5], c=-1) (p=0.75)","r in [3,5], c=-1, p=0.75",101,9.9,14.85,17.82,19.8,4.95,6.93,6.93,7.92,6.1,9.3,10.29,11.71,1.29,0.99,0.83,0.63,0.0371,87.3,112.87,234.55,1.735,0.09,185.1,70.95,233.93,4.28
bright_robotics_doc_level,Edge-RAG,v5b,v5b_r4-5_c-1,0.75,"Schema 5b (Heavy Booster [4,5], c=-1) (p=0.75)","r in [4,5], c=-1, p=0.75",101,10.89,13.86,15.84,18.81,5.94,5.94,6.93,6.93,7.09,8.31,9.14,10.91,1.39,0.89,0.76,0.57,0.0381,83.75,113.16,243.83,1.735,0.09,198.6,70.95,265.46,4.79
bright_robotics_doc_level,Edge-RAG,v6a,v6a_n3_r2-5_c-1,0.75,"Schema 6a (Centrality Fixed 3x, [2,5], c=-1) (p=0.75)","centrality, n=3, r in [2,5], c=-1, p=0.75",101,12.87,13.86,16.83,20.79,3.96,4.95,5.94,6.93,5.92,7.15,9.36,11.22,1.39,0.99,0.83,0.61,0.0308,114.85,142.01,280.63,1.735,0.09,177.7,67.59,209.18,3.0
bright_robotics_doc_level,Edge-RAG,v6a,v6a_n4_r2-5_c-1,0.75,"Schema 6a (Centrality Fixed 4x, [2,5], c=-1) (p=0.75)","centrality, n=4, r in [2,5], c=-1, p=0.75",101,12.87,12.87,16.83,20.79,4.95,4.95,5.94,6.93,6.42,6.7,9.36,11.22,1.49,0.89,0.83,0.61,0.0303,115.72,144.28,292.86,1.735,0.09,177.7,67.59,209.18,4.0
bright_robotics_doc_level,Edge-RAG,v6b,v6b_r2-4_c-1,0.75,"Schema 6b (Centrality Low-Floor [2,4], c=-1) (p=0.75)","centrality, r in [2,4], c=-1, p=0.75",101,12.87,13.86,15.84,20.79,3.96,4.95,4.95,6.93,6.66,7.6,8.57,11.04,1.58,1.04,0.83,0.63,0.0314,116.0,142.29,284.59,1.735,0.09,156.8,67.59,155.76,3.29
bright_robotics_doc_level,Edge-RAG,v6b,v6b_r3-5_c-1,0.75,"Schema 6b (Centrality High-Floor [3,5], c=-1) (p=0.75)","centrality, r in [3,5], c=-1, p=0.75",101,11.88,13.86,15.84,19.8,3.96,4.95,4.95,5.94,5.51,7.6,8.57,10.3,1.39,1.04,0.83,0.61,0.0334,115.39,144.58,296.17,1.735,0.09,184.3,67.59,223.31,4.29
bright_robotics_doc_level,Edge-RAG,v6b,v6b_r4-5_c-1,0.75,"Schema 6b (Centrality Heavy Booster [4,5], c=-1) (p=0.75)","centrality, r in [4,5], c=-1, p=0.75",101,11.88,13.86,15.84,19.8,3.96,5.94,5.94,5.94,5.94,7.89,9.07,10.23,1.39,0.99,0.83,0.59,0.0305,115.39,142.97,280.18,1.735,0.09,196.8,67.59,251.59,4.76
bright_robotics_doc_level,Edge-RAG,v6b,v6b_r2-5_c-1,0.75,"Schema 6b (Centrality Full Dynamic [2,5], c=-1) (p=0.75)","centrality, r in [2,5], c=-1, p=0.75",101,11.88,13.86,16.83,22.77,3.96,4.95,4.95,8.91,5.97,7.6,8.59,12.98,1.39,1.04,0.83,0.67,0.0317,117.06,145.42,285.44,1.735,0.09,177.7,67.59,209.18,4.04
bright_robotics_doc_level,Edge-RAG,v1,v1_baseline,0.8,"Schema 1 Baseline (R=3, C_exp=2) (p=0.80)","R=3, C_exp=2, p=0.80",101,10.89,14.85,16.83,18.81,4.95,5.94,6.93,6.93,6.1,8.48,9.72,10.34,1.39,1.09,0.83,0.61,0.0332,89.25,115.05,252.04,1.735,0.09,157.8,75.24,150.46,3.0
bright_robotics_doc_level,Edge-RAG,v5a,v5a_n3_r2-5_c-1,0.8,"Schema 5a (Fixed 3x, [2,5], c=-1) (p=0.80)","n=3, r in [2,5], c=-1, p=0.80",101,10.89,14.85,16.83,18.81,4.95,5.94,6.93,6.93,6.1,8.48,9.72,10.34,1.39,1.09,0.83,0.61,0.0332,90.61,117.15,253.22,1.735,0.09,157.8,75.24,150.46,3.0
bright_robotics_doc_level,Edge-RAG,v5a,v5a_n4_r2-5_c-1,0.8,"Schema 5a (Fixed 4x, [2,5], c=-1) (p=0.80)","n=4, r in [2,5], c=-1, p=0.80",101,10.89,13.86,16.83,18.81,4.95,5.94,6.93,6.93,6.04,7.99,9.72,10.34,1.29,1.04,0.83,0.61,0.0339,88.92,113.86,249.24,1.735,0.09,157.8,75.24,150.46,3.0
bright_robotics_doc_level,Edge-RAG,v5b,v5b_r2-5_c-1,0.8,"Schema 5b (Dynamic Contrast [2,5], c=-1) (p=0.80)","r in [2,5], c=-1, p=0.80",101,9.9,14.85,16.83,21.78,3.96,4.95,6.93,6.93,5.18,7.55,9.73,11.54,1.29,1.09,0.86,0.65,0.0324,90.19,119.45,264.52,1.735,0.09,187.0,75.24,231.7,4.02
bright_robotics_doc_level,Edge-RAG,v5b,v5b_r3-5_c-1,0.8,"Schema 5b (High-Floor Safe [3,5], c=-1) (p=0.80)","r in [3,5], c=-1, p=0.80",101,10.89,14.85,17.82,19.8,3.96,5.94,6.93,6.93,5.22,8.48,10.41,10.84,1.39,1.09,0.89,0.63,0.032,89.9,116.65,255.13,1.735,0.09,194.2,75.24,246.78,4.26
bright_robotics_doc_level,Edge-RAG,v5b,v5b_r4-5_c-1,0.8,"Schema 5b (Heavy Booster [4,5], c=-1) (p=0.80)","r in [4,5], c=-1, p=0.80",101,9.9,14.85,17.82,20.79,5.94,5.94,6.93,6.93,6.92,8.48,9.77,11.33,1.19,1.09,0.86,0.65,0.0308,88.6,118.66,254.88,1.735,0.09,207.4,75.24,278.45,4.74
bright_robotics_doc_level,Edge-RAG,v6a,v6a_n3_r2-5_c-1,0.8,"Schema 6a (Centrality Fixed 3x, [2,5], c=-1) (p=0.80)","centrality, n=3, r in [2,5], c=-1, p=0.80",101,11.88,14.85,15.84,20.79,3.96,4.95,5.94,6.93,5.26,7.32,8.91,11.05,1.19,0.99,0.83,0.61,0.0361,114.34,150.34,309.61,1.735,0.09,186.4,71.41,217.51,3.0
bright_robotics_doc_level,Edge-RAG,v6a,v6a_n4_r2-5_c-1,0.8,"Schema 6a (Centrality Fixed 4x, [2,5], c=-1) (p=0.80)","centrality, n=4, r in [2,5], c=-1, p=0.80",101,10.89,13.86,15.84,19.8,3.96,4.95,5.94,5.94,5.23,6.82,8.71,10.06,1.09,0.94,0.79,0.59,0.0286,116.09,148.43,300.03,1.735,0.09,186.4,71.41,217.51,4.0
bright_robotics_doc_level,Edge-RAG,v6b,v6b_r2-4_c-1,0.8,"Schema 6b (Centrality Low-Floor [2,4], c=-1) (p=0.80)","centrality, r in [2,4], c=-1, p=0.80",101,11.88,14.85,16.83,18.81,3.96,4.95,5.94,5.94,5.35,7.64,9.6,9.84,1.29,1.04,0.89,0.61,0.035,119.51,150.28,305.9,1.735,0.09,165.4,71.41,163.33,3.27
bright_robotics_doc_level,Edge-RAG,v6b,v6b_r3-5_c-1,0.8,"Schema 6b (Centrality High-Floor [3,5], c=-1) (p=0.80)","centrality, r in [3,5], c=-1, p=0.80",101,11.88,14.85,16.83,18.81,3.96,4.95,5.94,5.94,5.35,7.48,9.6,9.77,1.29,0.99,0.89,0.59,0.0358,115.31,147.95,298.3,1.735,0.09,194.4,71.41,234.68,4.27
bright_robotics_doc_level,Edge-RAG,v6b,v6b_r4-5_c-1,0.8,"Schema 6b (Centrality Heavy Booster [4,5], c=-1) (p=0.80)","centrality, r in [4,5], c=-1, p=0.80",101,8.91,13.86,15.84,20.79,3.96,5.94,5.94,6.93,4.91,7.93,8.87,11.25,1.09,1.04,0.79,0.63,0.0286,114.8,149.63,303.57,1.735,0.09,206.9,71.41,263.48,4.73
bright_robotics_doc_level,Edge-RAG,v6b,v6b_r2-5_c-1,0.8,"Schema 6b (Centrality Full Dynamic [2,5], c=-1) (p=0.80)","centrality, r in [2,5], c=-1, p=0.80",101,9.9,14.85,17.82,20.79,3.96,5.94,5.94,7.92,4.98,8.59,9.42,11.78,1.19,1.09,0.86,0.65,0.0336,116.72,150.85,307.48,1.735,0.09,186.4,71.41,217.51,4.0
bright_robotics_doc_level,Edge-RAG,v1,v1_baseline,0.9,"Schema 1 Baseline (R=3, C_exp=2) (p=0.90)","R=3, C_exp=2, p=0.90",101,14.85,15.84,15.84,17.82,5.94,6.93,6.93,6.93,8.14,9.45,9.45,10.38,1.68,1.24,0.83,0.57,0.049,95.08,126.11,285.01,1.735,0.09,174.3,83.59,167.17,3.0
bright_robotics_doc_level,Edge-RAG,v5a,v5a_n3_r2-5_c-1,0.9,"Schema 5a (Fixed 3x, [2,5], c=-1) (p=0.90)","n=3, r in [2,5], c=-1, p=0.90",101,14.85,15.84,15.84,17.82,5.94,6.93,6.93,6.93,8.14,9.45,9.45,10.38,1.68,1.24,0.83,0.57,0.049,94.2,128.62,291.23,1.735,0.09,174.3,83.59,167.17,3.0
bright_robotics_doc_level,Edge-RAG,v5a,v5a_n4_r2-5_c-1,0.9,"Schema 5a (Fixed 4x, [2,5], c=-1) (p=0.90)","n=4, r in [2,5], c=-1, p=0.90",101,12.87,15.84,15.84,18.81,4.95,6.93,6.93,6.93,6.46,9.2,9.45,10.63,1.39,1.19,0.83,0.59,0.0471,93.66,128.63,293.45,1.735,0.09,174.3,83.59,167.17,3.0
bright_robotics_doc_level,Edge-RAG,v5b,v5b_r2-5_c-1,0.9,"Schema 5b (Dynamic Contrast [2,5], c=-1) (p=0.90)","r in [2,5], c=-1, p=0.90",101,13.86,15.84,17.82,22.77,5.94,5.94,6.93,6.93,7.56,8.67,10.19,11.81,1.68,1.09,0.86,0.69,0.0412,96.66,128.76,287.88,1.735,0.09,202.3,83.59,248.88,3.92
bright_robotics_doc_level,Edge-RAG,v5b,v5b_r3-5_c-1,0.9,"Schema 5b (High-Floor Safe [3,5], c=-1) (p=0.90)","r in [3,5], c=-1, p=0.90",101,14.85,15.84,15.84,20.79,5.94,6.93,6.93,6.93,7.81,9.2,9.45,11.26,1.78,1.19,0.83,0.65,0.045,98.3,131.72,302.82,1.735,0.09,212.1,83.59,271.6,4.23
bright_robotics_doc_level,Edge-RAG,v5b,v5b_r4-5_c-1,0.9,"Schema 5b (Heavy Booster [4,5], c=-1) (p=0.90)","r in [4,5], c=-1, p=0.90",101,14.85,15.84,15.84,20.79,5.94,5.94,6.93,6.93,7.81,8.67,9.69,11.06,1.78,1.09,0.89,0.65,0.0425,97.09,131.17,299.67,1.735,0.09,224.8,83.59,303.62,4.67
bright_robotics_doc_level,Edge-RAG,v6a,v6a_n3_r2-5_c-1,0.9,"Schema 6a (Centrality Fixed 3x, [2,5], c=-1) (p=0.90)","centrality, n=3, r in [2,5], c=-1, p=0.90",101,11.88,14.85,14.85,14.85,3.96,4.95,4.95,5.94,5.38,7.55,7.55,8.45,1.39,1.09,0.73,0.51,0.0359,125.42,157.21,319.43,1.735,0.09,197.7,76.83,228.78,3.0
bright_robotics_doc_level,Edge-RAG,v6a,v6a_n4_r2-5_c-1,0.9,"Schema 6a (Centrality Fixed 4x, [2,5], c=-1) (p=0.90)","centrality, n=4, r in [2,5], c=-1, p=0.90",101,11.88,14.85,14.85,14.85,3.96,4.95,4.95,5.94,5.38,7.55,7.55,8.45,1.39,1.09,0.73,0.51,0.0362,126.16,159.23,326.45,1.735,0.09,197.7,76.83,228.78,4.0
bright_robotics_doc_level,Edge-RAG,v6b,v6b_r2-4_c-1,0.9,"Schema 6b (Centrality Low-Floor [2,4], c=-1) (p=0.90)","centrality, r in [2,4], c=-1, p=0.90",101,11.88,15.84,15.84,16.83,3.96,4.95,4.95,4.95,5.38,8.17,8.41,8.79,1.39,1.09,0.83,0.57,0.0338,123.76,159.35,322.16,1.735,0.09,176.7,76.83,173.36,3.24
bright_robotics_doc_level,Edge-RAG,v6b,v6b_r3-5_c-1,0.9,"Schema 6b (Centrality High-Floor [3,5], c=-1) (p=0.90)","centrality, r in [3,5], c=-1, p=0.90",101,11.88,14.85,15.84,16.83,3.96,4.95,4.95,4.95,5.38,7.52,8.41,8.79,1.39,1.04,0.83,0.57,0.0338,124.47,156.82,323.07,1.735,0.09,207.6,76.83,250.13,4.24
bright_robotics_doc_level,Edge-RAG,v6b,v6b_r4-5_c-1,0.9,"Schema 6b (Centrality Heavy Booster [4,5], c=-1) (p=0.90)","centrality, r in [4,5], c=-1, p=0.90",101,11.88,13.86,14.85,18.81,3.96,3.96,4.95,5.94,5.55,6.53,7.92,9.57,1.49,0.94,0.79,0.57,0.0367,123.89,159.71,339.87,1.735,0.09,220.2,76.83,280.03,4.67
bright_robotics_doc_level,Edge-RAG,v6b,v6b_r2-5_c-1,0.9,"Schema 6b (Centrality Full Dynamic [2,5], c=-1) (p=0.90)","centrality, r in [2,5], c=-1, p=0.90",101,11.88,13.86,15.84,19.8,3.96,3.96,4.95,6.93,5.51,6.9,8.45,10.83,1.39,0.94,0.83,0.63,0.0401,125.46,159.5,342.42,1.735,0.09,197.7,76.83,228.78,3.92
bright_robotics_doc_level,Edge-RAG,v1,v1_baseline,1.0,"Schema 1 Baseline (R=3, C_exp=2) (p=1.00)","R=3, C_exp=2, p=1.00",101,14.85,16.83,18.81,19.8,5.94,5.94,5.94,7.92,8.14,9.2,10.39,11.62,1.68,1.24,0.92,0.63,0.0627,101.96,134.41,305.5,1.735,0.09,181.2,87.5,174.97,3.0
bright_robotics_doc_level,Edge-RAG,v5a,v5a_n3_r2-5_c-1,1.0,"Schema 5a (Fixed 3x, [2,5], c=-1) (p=1.00)","n=3, r in [2,5], c=-1, p=1.00",101,14.85,16.83,18.81,19.8,5.94,5.94,5.94,7.92,8.14,9.2,10.39,11.62,1.68,1.24,0.92,0.63,0.0627,98.48,132.31,301.84,1.735,0.09,181.2,87.5,174.97,3.0
bright_robotics_doc_level,Edge-RAG,v5a,v5a_n4_r2-5_c-1,1.0,"Schema 5a (Fixed 4x, [2,5], c=-1) (p=1.00)","n=4, r in [2,5], c=-1, p=1.00",101,13.86,16.83,18.81,19.8,5.94,5.94,5.94,7.92,7.64,9.2,10.39,11.62,1.58,1.24,0.92,0.63,0.0618,100.41,134.91,308.97,1.735,0.09,181.2,87.5,174.97,3.0
bright_robotics_doc_level,Edge-RAG,v5b,v5b_r2-5_c-1,1.0,"Schema 5b (Dynamic Contrast [2,5], c=-1) (p=1.00)","r in [2,5], c=-1, p=1.00",101,14.85,17.82,18.81,21.78,5.94,5.94,6.93,6.93,7.81,9.41,10.89,12.1,1.78,1.19,0.96,0.73,0.0519,102.47,138.88,317.6,1.735,0.09,208.8,87.5,256.68,3.87
bright_robotics_doc_level,Edge-RAG,v5b,v5b_r3-5_c-1,1.0,"Schema 5b (High-Floor Safe [3,5], c=-1) (p=1.00)","r in [3,5], c=-1, p=1.00",101,15.84,16.83,18.81,20.79,5.94,5.94,6.93,7.92,8.06,8.96,10.89,12.11,1.88,1.19,0.96,0.65,0.0543,100.64,137.72,314.95,1.735,0.09,219.3,87.5,281.99,4.2
bright_robotics_doc_level,Edge-RAG,v5b,v5b_r4-5_c-1,1.0,"Schema 5b (Heavy Booster [4,5], c=-1) (p=1.00)","r in [4,5], c=-1, p=1.00",101,14.85,16.83,18.81,20.79,5.94,5.94,5.94,6.93,7.73,8.92,10.43,11.2,1.68,1.14,0.96,0.63,0.0544,98.53,135.05,307.48,1.735,0.09,232.2,87.5,315.33,4.64
bright_robotics_doc_level,Edge-RAG,v6a,v6a_n3_r2-5_c-1,1.0,"Schema 6a (Centrality Fixed 3x, [2,5], c=-1) (p=1.00)","centrality, n=3, r in [2,5], c=-1, p=1.00",101,11.88,14.85,14.85,14.85,3.96,3.96,3.96,5.94,5.38,7.06,7.06,8.45,1.39,1.04,0.69,0.51,0.037,128.05,160.71,338.9,1.735,0.09,199.5,77.84,230.8,3.0
bright_robotics_doc_level,Edge-RAG,v6a,v6a_n4_r2-5_c-1,1.0,"Schema 6a (Centrality Fixed 4x, [2,5], c=-1) (p=1.00)","centrality, n=4, r in [2,5], c=-1, p=1.00",101,11.88,14.85,14.85,14.85,3.96,3.96,4.95,5.94,5.38,7.06,7.55,8.45,1.39,1.04,0.73,0.51,0.0378,127.5,161.94,323.07,1.735,0.09,199.5,77.84,230.8,4.0
bright_robotics_doc_level,Edge-RAG,v6b,v6b_r2-4_c-1,1.0,"Schema 6b (Centrality Low-Floor [2,4], c=-1) (p=1.00)","centrality, r in [2,4], c=-1, p=1.00",101,11.88,14.85,15.84,16.83,3.96,3.96,4.95,4.95,5.38,7.18,8.41,8.79,1.39,0.99,0.83,0.57,0.0344,126.13,157.82,322.95,1.735,0.09,178.4,77.84,174.77,3.22
bright_robotics_doc_level,Edge-RAG,v6b,v6b_r3-5_c-1,1.0,"Schema 6b (Centrality High-Floor [3,5], c=-1) (p=1.00)","centrality, r in [3,5], c=-1, p=1.00",101,11.88,14.85,14.85,16.83,3.96,3.96,4.95,4.95,5.38,7.02,7.92,8.79,1.39,0.99,0.79,0.57,0.0357,126.35,160.57,327.28,1.735,0.09,209.5,77.84,252.55,4.22
bright_robotics_doc_level,Edge-RAG,v6b,v6b_r4-5_c-1,1.0,"Schema 6b (Centrality Heavy Booster [4,5], c=-1) (p=1.00)","centrality, r in [4,5], c=-1, p=1.00",101,11.88,13.86,14.85,16.83,3.96,3.96,4.95,5.94,5.55,6.53,7.92,9.02,1.49,0.94,0.79,0.53,0.0393,128.42,163.45,342.08,1.735,0.09,222.4,77.84,283.06,4.66
bright_robotics_doc_level,Edge-RAG,v6b,v6b_r2-5_c-1,1.0,"Schema 6b (Centrality Full Dynamic [2,5], c=-1) (p=1.00)","centrality, r in [2,5], c=-1, p=1.00",101,11.88,12.87,15.84,19.8,3.96,3.96,4.95,6.93,5.51,6.41,8.45,10.83,1.39,0.89,0.83,0.63,0.0416,129.11,161.13,337.77,1.735,0.09,199.5,77.84,230.8,3.9
enterpriserag_doc_level,Baseline,BM25_Lucene,bm25_parity_baseline,-,BM25 (Analyzed Parity Baseline),"k1=1.5, b=0.75, kstem",470,94.68,96.81,97.45,98.09,90.21,93.62,95.11,96.38,92.88,95.52,96.49,97.38,13.72,7.19,4.89,2.98,0.8624,0.42,0.44,0.7,7.872,0.0,30.7,0.0,0.0,0.0
liverag_doc_level,Baseline,BM25_Lucene,bm25_parity_baseline,-,BM25 (Analyzed Parity Baseline),"k1=1.5, b=0.75, kstem",895,97.77,98.21,98.55,98.88,96.98,97.88,98.32,98.77,97.37,98.04,98.44,98.83,11.22,5.66,3.79,2.28,0.9424,0.23,0.24,0.38,5.937,0.0,15.3,0.0,0.0,0.0
beir_scifact_doc_level,Baseline,BM25_Lucene,bm25_parity_baseline,-,BM25 (Analyzed Parity Baseline),"k1=1.5, b=0.75, kstem",300,81.67,85.0,87.33,88.33,78.33,81.67,85.0,86.67,79.88,83.61,86.41,87.74,8.8,4.67,3.24,1.98,0.6317,0.26,0.26,0.4,6.194,0.0,12.5,0.0,0.0,0.0
beir_nfcorpus_doc_level,Baseline,BM25_Lucene,bm25_parity_baseline,-,BM25 (Analyzed Parity Baseline),"k1=1.5, b=0.75, kstem",323,68.42,71.52,73.07,75.23,4.02,4.02,4.33,4.33,14.43,16.8,18.66,20.32,22.79,16.24,13.08,9.89,0.5164,0.09,0.1,0.19,4.69,0.0,3.3,0.0,0.0,0.0
beir_fiqa_doc_level,Baseline,BM25_Lucene,bm25_parity_baseline,-,BM25 (Analyzed Parity Baseline),"k1=1.5, b=0.75, kstem",500,47.2,56.2,60.0,64.4,17.8,22.2,25.0,28.8,30.3,37.13,40.86,45.69,6.36,4.05,3.04,2.08,0.2895,0.91,0.92,1.35,38.561,0.0,11.0,0.0,0.0,0.0
multihop_rag_doc_level,Baseline,BM25_Lucene,bm25_parity_baseline,-,BM25 (Analyzed Parity Baseline),"k1=1.5, b=0.75, kstem",186,98.92,98.92,99.46,100.0,66.67,87.63,94.09,96.24,85.53,95.03,97.49,98.52,21.94,12.28,8.44,5.13,0.8061,0.53,0.55,0.76,5.471,0.0,46.3,0.0,0.0,0.0
financebench_doc_level,Baseline,BM25_Lucene,bm25_parity_baseline,-,BM25 (Analyzed Parity Baseline),"k1=1.5, b=0.75, kstem",150,64.0,73.33,81.33,86.67,55.33,66.67,73.33,82.0,59.56,70.11,77.44,84.44,7.07,4.33,3.18,2.09,0.3604,0.24,0.27,0.52,0.31,0.0,27.0,0.0,0.0,0.0
bright_economics_doc_level,Baseline,BM25_Lucene,bm25_parity_baseline,-,BM25 (Analyzed Parity Baseline),"k1=1.5, b=0.75, kstem",103,26.21,32.04,35.92,47.57,7.77,8.74,11.65,13.59,11.27,14.92,18.88,25.66,5.73,4.42,3.98,3.53,0.1224,1.63,1.81,3.15,13.988,0.0,124.9,0.0,0.0,0.0
bright_stackoverflow_doc_level,Baseline,BM25_Lucene,bm25_parity_baseline,-,BM25 (Analyzed Parity Baseline),"k1=1.5, b=0.75, kstem",117,30.77,34.19,41.03,46.15,8.55,11.11,14.53,18.8,16.7,21.23,26.58,30.77,5.56,3.89,3.28,2.44,0.1648,3.67,3.88,6.05,60.56,0.0,171.3,0.0,0.0,0.0
bright_robotics_doc_level,Baseline,BM25_Lucene,bm25_parity_baseline,-,BM25 (Analyzed Parity Baseline),"k1=1.5, b=0.75, kstem",101,14.85,21.78,30.69,34.65,3.96,6.93,11.88,11.88,5.99,11.17,17.56,20.14,1.58,1.83,1.65,1.45,0.0646,1.88,2.58,6.8,8.363,0.0,218.8,0.0,0.0,0.0
enterpriserag_doc_level,Edge-RAG,v7,v7_anchored_retriever,1.0,"Schema 7 (Anchored IT-MPE, p=1.00)","p=1.00, tau_base=0.55, Delta_tau=0.0, mu=0.50, eta=0.0, eps=0.0",500,94.47,97.45,98.3,98.3,89.36,94.47,95.96,96.6,92.47,96.14,97.23,97.61,13.62,7.23,4.91,2.98,0.8304,64.97,66.72,91.8,13.733,0.384,21762.7,21.91,21740.78,1.0
liverag_doc_level,Edge-RAG,v7,v7_anchored_retriever,1.0,"Schema 7 (Anchored IT-MPE, p=1.00)","p=1.00, tau_base=0.55, Delta_tau=0.0, mu=0.50, eta=0.0, eps=0.0",895,97.88,98.32,98.66,98.88,97.09,97.99,98.32,98.66,97.49,98.16,98.49,98.77,11.23,5.66,3.79,2.28,0.9303,32.74,32.98,41.82,8.373,0.267,5195.7,11.31,5184.41,1.0
beir_scifact_doc_level,Edge-RAG,v7,v7_anchored_retriever,1.0,"Schema 7 (Anchored IT-MPE, p=1.00)","p=1.00, tau_base=0.55, Delta_tau=0.0, mu=0.50, eta=0.0, eps=0.0",300,79.67,85.67,86.67,88.0,76.0,82.33,84.0,87.0,77.69,84.0,85.58,87.66,8.53,4.65,3.2,1.99,0.6023,37.13,37.43,48.41,7.849,0.229,6466.4,9.13,6457.25,1.0
beir_nfcorpus_doc_level,Edge-RAG,v7,v7_anchored_retriever,1.0,"Schema 7 (Anchored IT-MPE, p=1.00)","p=1.00, tau_base=0.55, Delta_tau=0.0, mu=0.50, eta=0.0, eps=0.0",323,69.97,74.92,76.78,78.33,4.33,4.95,4.95,5.26,15.07,18.51,19.94,22.31,23.13,16.75,13.36,10.17,0.5387,23.2,23.46,35.43,5.894,0.194,2042.8,2.76,2040.08,1.0
beir_fiqa_doc_level,Edge-RAG,v7,v7_anchored_retriever,1.0,"Schema 7 (Anchored IT-MPE, p=1.00)","p=1.00, tau_base=0.55, Delta_tau=0.0, mu=0.50, eta=0.0, eps=0.0",500,45.2,55.6,60.0,66.4,16.2,23.4,25.6,29.2,28.46,37.6,40.98,46.55,6.08,4.01,2.99,2.11,0.2558,26.9,26.97,33.43,23.277,0.354,2737.6,7.69,2729.9,1.0
multihop_rag_doc_level,Edge-RAG,v7,v7_anchored_retriever,1.0,"Schema 7 (Anchored IT-MPE, p=1.00)","p=1.00, tau_base=0.55, Delta_tau=0.0, mu=0.50, eta=0.0, eps=0.0",248,98.92,99.46,99.46,100.0,63.44,84.95,90.32,95.7,84.5,93.91,96.01,98.43,21.56,12.15,8.3,5.12,0.8276,50.53,50.84,62.67,6.607,0.201,13595.6,27.85,13567.78,1.0
financebench_doc_level,Edge-RAG,v7,v7_anchored_retriever,1.0,"Schema 7 (Anchored IT-MPE, p=1.00)","p=1.00, tau_base=0.55, Delta_tau=0.0, mu=0.50, eta=0.0, eps=0.0",150,54.0,62.67,70.67,74.67,49.33,57.33,64.0,67.33,51.44,59.78,67.11,71.0,6.27,3.67,2.71,1.75,0.313,54.57,59.26,89.34,3.563,0.232,18150.9,16.58,18134.34,1.0
bright_economics_doc_level,Edge-RAG,v7,v7_anchored_retriever,1.0,"Schema 7 (Anchored IT-MPE, p=1.00)","p=1.00, tau_base=0.55, Delta_tau=0.0, mu=0.50, eta=0.0, eps=0.0",103,20.39,28.16,30.1,40.78,8.74,12.62,12.62,14.56,11.84,16.75,18.2,24.1,3.4,2.96,2.56,2.23,0.0603,65.68,70.85,111.54,19.103,0.582,16455.0,55.19,16399.77,1.0
bright_stackoverflow_doc_level,Edge-RAG,v7,v7_anchored_retriever,1.0,"Schema 7 (Anchored IT-MPE, p=1.00)","p=1.00, tau_base=0.55, Delta_tau=0.0, mu=0.50, eta=0.0, eps=0.0",117,18.8,27.35,30.77,38.46,5.13,10.26,11.97,17.95,9.69,17.27,20.45,27.84,3.16,2.86,2.36,2.1,0.0798,114.7,127.01,225.87,40.078,0.696,36804.9,67.49,36737.43,1.0
bright_robotics_doc_level,Edge-RAG,v7,v7_anchored_retriever,1.0,"Schema 7 (Anchored IT-MPE, p=1.00)","p=1.00, tau_base=0.55, Delta_tau=0.0, mu=0.50, eta=0.0, eps=0.0",101,14.85,23.76,29.7,37.62,7.92,8.91,13.86,16.83,9.35,12.74,18.83,23.62,1.49,1.49,1.62,1.45,0.0433,131.82,166.62,416.2,17.718,0.446,50013.7,86.98,49926.7,1.0
